ISO-10303-21;
HEADER;
FILE_DESCRIPTION (( 'STEP AP214' ),
    '1' );
FILE_NAME ('D260297-REV00.STEP',
    '2026-09-08T12:53:41',
    ( '' ),
    ( '' ),
    'SwSTEP 2.0',
    'SolidWorks 2023',
    '' );
FILE_SCHEMA (( 'AUTOMOTIVE_DESIGN' ));
ENDSEC;

DATA;
#1 = VECTOR ( 'NONE', #7872, 1000.000000000000000 ) ;
#2 = DIRECTION ( 'NONE',  ( -0.000000000000000000, 0.000000000000000000, 1.000000000000000000 ) ) ;
#3 = CARTESIAN_POINT ( 'NONE',  ( -4.653951976476302654, 39.99999999999999289, 6.839453812875173178 ) ) ;
#4 = CARTESIAN_POINT ( 'NONE',  ( -7.501259593081837984, 39.56668310586268689, 5.326454266351303701 ) ) ;
#5 = EDGE_CURVE ( 'NONE', #2744, #210, #8394, .T. ) ;
#6 = CARTESIAN_POINT ( 'NONE',  ( 9.855113062455126638, 26.48303391499869619, 9.356602977832736201 ) ) ;
#7 = DIRECTION ( 'NONE',  ( -5.916472195554086663E-07, 0.9999999999996499467, 5.916472195554086663E-07 ) ) ;
#8 = VECTOR ( 'NONE', #8185, 1000.000000000000114 ) ;
#9 = B_SPLINE_CURVE_WITH_KNOTS ( 'NONE', 3,
 ( #5205, #4533, #790, #8186, #3694, #739 ),
 .UNSPECIFIED., .F., .F.,
 ( 4, 2, 4 ),
 ( 0.000000000000000000, 0.0009139538728741040605, 0.001827907745748208121 ),
 .UNSPECIFIED. ) ;
#10 = EDGE_LOOP ( 'NONE', ( #4127, #868, #4406, #9139 ) ) ;
#11 = PLANE ( 'NONE',  #3615 ) ;
#12 = CARTESIAN_POINT ( 'NONE',  ( -5.178430306807494610, 37.39999999999999858, -7.299750650367288429 ) ) ;
#13 = CARTESIAN_POINT ( 'NONE',  ( 0.000000000000000000, 44.20218114339339621, 0.000000000000000000 ) ) ;
#14 = DIRECTION ( 'NONE',  ( -0.7071067811865475727, 0.000000000000000000, 0.7071067811865475727 ) ) ;
#15 = LINE ( 'NONE', #4590, #1239 ) ;
#16 = APPLICATION_CONTEXT ( 'automotive_design' ) ;
#17 = VECTOR ( 'NONE', #7892, 1000.000000000000114 ) ;
#18 = ADVANCED_FACE ( 'NONE', ( #4831 ), #3487, .T. ) ;
#19 = CARTESIAN_POINT ( 'NONE',  ( 8.028947884348792030, 3.434664067824853007, 10.56081417247859910 ) ) ;
#20 = ORIENTED_EDGE ( 'NONE', *, *, #5942, .F. ) ;
#21 = EDGE_LOOP ( 'NONE', ( #9561, #6781, #2275, #5711 ) ) ;
#22 = ORIENTED_EDGE ( 'NONE', *, *, #882, .F. ) ;
#23 = DIRECTION ( 'NONE',  ( 0.7071067811865474617, 0.000000000000000000, 0.7071067811865474617 ) ) ;
#24 = CARTESIAN_POINT ( 'NONE',  ( 7.307986715979976289, 33.78803391499870656, 10.83998528412093521 ) ) ;
#25 = ORIENTED_EDGE ( 'NONE', *, *, #1320, .F. ) ;
#26 = CARTESIAN_POINT ( 'NONE',  ( 5.329100300745848173, 39.38334975541584981, 7.499380008969063205 ) ) ;
#27 = CARTESIAN_POINT ( 'NONE',  ( 11.00506733255448744, 17.93303391499871680, 6.857886257009466746 ) ) ;
#28 =( BOUNDED_CURVE ( )  B_SPLINE_CURVE ( 3, ( #7413, #3705, #2239, #4550 ),
 .UNSPECIFIED., .F., .T. ) 
 B_SPLINE_CURVE_WITH_KNOTS ( ( 4, 4 ),
 ( 4.712388980384689674, 6.283185307179586232 ),
 .UNSPECIFIED. ) 
 CURVE ( )  GEOMETRIC_REPRESENTATION_ITEM ( )  RATIONAL_B_SPLINE_CURVE ( ( 1.000000000000000000, 0.8047378541243649375, 0.8047378541243649375, 1.000000000000000000 ) ) 
 REPRESENTATION_ITEM ( '' )  );
#29 = CARTESIAN_POINT ( 'NONE',  ( 8.358234208882143079, 5.772471911238512554, 10.25936989091244023 ) ) ;
#30 = DIRECTION ( 'NONE',  ( 0.000000000000000000, 0.000000000000000000, 1.000000000000000000 ) ) ;
#31 = AXIS2_PLACEMENT_3D ( 'NONE', #4915, #8571, #6462 ) ;
#32 = ORIENTED_EDGE ( 'NONE', *, *, #2417, .F. ) ;
#33 = ORIENTED_EDGE ( 'NONE', *, *, #7445, .F. ) ;
#34 = EDGE_CURVE ( 'NONE', #7616, #1250, #8854, .T. ) ;
#35 = CARTESIAN_POINT ( 'NONE',  ( 9.586357836860866399, 7.197618960442568437, -4.449999999999999289 ) ) ;
#36 = FACE_OUTER_BOUND ( 'NONE', #7697, .T. ) ;
#37 = LINE ( 'NONE', #5089, #162 ) ;
#38 = CARTESIAN_POINT ( 'NONE',  ( 0.000000000000000000, 37.39999999999999858, 0.000000000000000000 ) ) ;
#39 = CARTESIAN_POINT ( 'NONE',  ( -9.260736647217703066, 20.00303400285406852, -13.64126335278230862 ) ) ;
#40 = LINE ( 'NONE', #3675, #8147 ) ;
#41 = CARTESIAN_POINT ( 'NONE',  ( 7.662175539345911446, 32.89581015069899905, 11.00565040979949494 ) ) ;
#42 = DIRECTION ( 'NONE',  ( -3.898255002195072399E-16, -0.000000000000000000, -1.000000000000000000 ) ) ;
#43 = ORIENTED_EDGE ( 'NONE', *, *, #1435, .T. ) ;
#44 = ORIENTED_EDGE ( 'NONE', *, *, #9208, .F. ) ;
#45 = EDGE_CURVE ( 'NONE', #1055, #3171, #3724, .T. ) ;
#46 = EDGE_CURVE ( 'NONE', #4828, #857, #5846, .T. ) ;
#47 = DIRECTION ( 'NONE',  ( 0.000000000000000000, 0.000000000000000000, 1.000000000000000000 ) ) ;
#48 = DIRECTION ( 'NONE',  ( 0.7071067811865474617, 0.000000000000000000, 0.7071067811865474617 ) ) ;
#49 = DIRECTION ( 'NONE',  ( 0.000000000000000000, -1.000000000000000000, 0.000000000000000000 ) ) ;
#50 = CARTESIAN_POINT ( 'NONE',  ( 6.933893945111975654, 14.24303391499869065, 11.31442065067666114 ) ) ;
#51 = CARTESIAN_POINT ( 'NONE',  ( 9.277426927353014108, 28.02803391499868724, 9.330460132056133560 ) ) ;
#52 = CARTESIAN_POINT ( 'NONE',  ( 9.415631703588379864, 6.083033914998696723, 9.383812094549009331 ) ) ;
#53 = DIRECTION ( 'NONE',  ( 0.000000000000000000, 0.000000000000000000, 1.000000000000000000 ) ) ;
#54 = VECTOR ( 'NONE', #5873, 1000.000000000000000 ) ;
#55 = ORIENTED_EDGE ( 'NONE', *, *, #717, .T. ) ;
#56 = VECTOR ( 'NONE', #4487, 1000.000000000000000 ) ;
#57 = ADVANCED_FACE ( 'NONE', ( #7993 ), #2957, .T. ) ;
#58 = FACE_OUTER_BOUND ( 'NONE', #5382, .T. ) ;
#59 = DIRECTION ( 'NONE',  ( -0.7069990853988327162, 0.01745240643728355329, 0.7069990853988157298 ) ) ;
#60 = CARTESIAN_POINT ( 'NONE',  ( 9.627764788739931134, 36.66803391499869491, 9.595945179700711591 ) ) ;
#61 = DIRECTION ( 'NONE',  ( 0.000000000000000000, -1.000000000000000000, 0.000000000000000000 ) ) ;
#62 = CARTESIAN_POINT ( 'NONE',  ( 7.805295299538160592, 16.92986182246038851, 10.93361873551394403 ) ) ;
#63 = DIRECTION ( 'NONE',  ( 0.7071067811865474617, 0.000000000000000000, 0.7071067811865474617 ) ) ;
#64 = CIRCLE ( 'NONE', #6635, 0.2999999999999998779 ) ;
#65 = CARTESIAN_POINT ( 'NONE',  ( 8.961683585571341482, 12.80772194875395265, 9.802219441538175815 ) ) ;
#66 = ORIENTED_EDGE ( 'NONE', *, *, #1556, .T. ) ;
#67 = ORIENTED_EDGE ( 'NONE', *, *, #9280, .T. ) ;
#68 = VERTEX_POINT ( 'NONE', #3501 ) ;
#69 = EDGE_CURVE ( 'NONE', #6398, #6459, #2813, .T. ) ;
#70 = CARTESIAN_POINT ( 'NONE',  ( 9.585449957797466780, 11.64016998540618353, 9.640748807305840273 ) ) ;
#71 = DIRECTION ( 'NONE',  ( 0.000000000000000000, 0.000000000000000000, -1.000000000000000000 ) ) ;
#72 = ORIENTED_EDGE ( 'NONE', *, *, #4796, .F. ) ;
#73 = CIRCLE ( 'NONE', #1954, 8.949999999999999289 ) ;
#74 = DIRECTION ( 'NONE',  ( 1.000000000000000000, -0.000000000000000000, 2.144040251207288488E-15 ) ) ;
#75 = DIRECTION ( 'NONE',  ( 0.000000000000000000, 0.000000000000000000, 1.000000000000000000 ) ) ;
#76 = CARTESIAN_POINT ( 'NONE',  ( 11.20776471973499611, 14.94803391499871559, 7.612126933515463101 ) ) ;
#77 = EDGE_LOOP ( 'NONE', ( #2251, #2153, #4699, #2568, #1759, #9583, #3414 ) ) ;
#78 = ORIENTED_EDGE ( 'NONE', *, *, #7249, .F. ) ;
#79 = ADVANCED_FACE ( 'NONE', ( #2035 ), #8730, .T. ) ;
#80 = VERTEX_POINT ( 'NONE', #2862 ) ;
#81 = CARTESIAN_POINT ( 'NONE',  ( 8.073440616931575775, 37.39022383899678914, 10.78978072817960054 ) ) ;
#82 = VERTEX_POINT ( 'NONE', #9667 ) ;
#83 = CYLINDRICAL_SURFACE ( 'NONE', #9060, 8.949999999999999289 ) ;
#84 = CARTESIAN_POINT ( 'NONE',  ( 8.199638009658359650, 6.773033914998689120, 10.71340281289056406 ) ) ;
#85 = DIRECTION ( 'NONE',  ( 0.000000000000000000, 0.000000000000000000, 1.000000000000000000 ) ) ;
#86 = CARTESIAN_POINT ( 'NONE',  ( 7.317700093927267169, 39.15591825482287192, -5.153034575406695517 ) ) ;
#87 = CARTESIAN_POINT ( 'NONE',  ( 9.341093033556486347, 31.14803391499869534, 9.460496862242925076 ) ) ;
#88 = CARTESIAN_POINT ( 'NONE',  ( -7.497499024879672902, 39.19999999999998153, 5.331745340123459798 ) ) ;
#89 = ORIENTED_EDGE ( 'NONE', *, *, #6493, .F. ) ;
#90 = VERTEX_POINT ( 'NONE', #1290 ) ;
#91 = CARTESIAN_POINT ( 'NONE',  ( 1.545383168813365904, 39.99999999999998579, -8.815570932250970770 ) ) ;
#92 = DIRECTION ( 'NONE',  ( -0.000000000000000000, -0.000000000000000000, -1.000000000000000000 ) ) ;
#93 = DIRECTION ( 'NONE',  ( 1.000000000000000000, -0.000000000000000000, 2.338953001317042059E-15 ) ) ;
#94 = FACE_OUTER_BOUND ( 'NONE', #6371, .T. ) ;
#95 = DIRECTION ( 'NONE',  ( 1.000000000000000000, 0.000000000000000000, 0.000000000000000000 ) ) ;
#96 = CARTESIAN_POINT ( 'NONE',  ( 10.72326008040741741, 16.14087822422911245, 8.183600909116233169 ) ) ;
#97 = CARTESIAN_POINT ( 'NONE',  ( 9.354085475984511788, 12.29303391499871090, 9.407118680687554857 ) ) ;
#98 = EDGE_CURVE ( 'NONE', #3332, #3889, #6472, .T. ) ;
#99 = CARTESIAN_POINT ( 'NONE',  ( 9.547907722187568780, 36.66803391499870202, 9.250682988901415271 ) ) ;
#100 = LINE ( 'NONE', #8372, #6539 ) ;
#101 = VERTEX_POINT ( 'NONE', #9471 ) ;
#102 = DIRECTION ( 'NONE',  ( -3.898255002195072399E-16, -0.000000000000000000, -1.000000000000000000 ) ) ;
#103 = VECTOR ( 'NONE', #5352, 999.9999999999998863 ) ;
#104 = CARTESIAN_POINT ( 'NONE',  ( -4.502094453300082399, 42.18721534907326998, -11.14999999999999858 ) ) ;
#105 = CARTESIAN_POINT ( 'NONE',  ( -4.450000000000005507, 5.500000000000000000, -10.55000000000000071 ) ) ;
#106 = CARTESIAN_POINT ( 'NONE',  ( -7.778174593052072261, 37.39999999999999858, 5.656854249492312192 ) ) ;
#107 = CARTESIAN_POINT ( 'NONE',  ( 11.20209445330007902, 3.994175421673477278, -8.374769132100261970 ) ) ;
#108 = CARTESIAN_POINT ( 'NONE',  ( 8.979931571688373637, 16.71803391499869562, 10.17847776191364773 ) ) ;
#109 = CARTESIAN_POINT ( 'NONE',  ( 6.761624507423590558, 26.54303391499856346, 11.05729839924599212 ) ) ;
#110 = ADVANCED_FACE ( 'NONE', ( #8087 ), #5016, .T. ) ;
#111 = EDGE_CURVE ( 'NONE', #8241, #5736, #4286, .T. ) ;
#112 = ORIENTED_EDGE ( 'NONE', *, *, #4571, .T. ) ;
#113 = VERTEX_POINT ( 'NONE', #9521 ) ;
#114 = ORIENTED_EDGE ( 'NONE', *, *, #4975, .T. ) ;
#115 = CARTESIAN_POINT ( 'NONE',  ( 7.633859710657738162, 10.19708265558184124, 10.68516134415573049 ) ) ;
#116 = CARTESIAN_POINT ( 'NONE',  ( 11.06823225953492695, 28.11803400285407051, 6.730131960841557515 ) ) ;
#117 = ORIENTED_EDGE ( 'NONE', *, *, #5918, .F. ) ;
#118 = CARTESIAN_POINT ( 'NONE',  ( 4.450000000000002842, 2.803598993264666106, -10.56411845167849251 ) ) ;
#119 = B_SPLINE_SURFACE_WITH_KNOTS ( 'NONE', 3, 1, ( 
 ( #6200, #5568 ),
 ( #5423, #4749 ),
 ( #1157, #2627 ),
 ( #227, #8402 ) ),
 .UNSPECIFIED., .F., .F., .F.,
 ( 4, 4 ),
 ( 2, 2 ),
 ( 0.000000000000000000, 1.000000000000000000 ),
 ( 0.000000000000000000, 1.000000000000000000 ),
 .UNSPECIFIED. ) ;
#120 = EDGE_CURVE ( 'NONE', #247, #9281, #2444, .T. ) ;
#121 = CARTESIAN_POINT ( 'NONE',  ( -7.500082243696993167, 25.08429275444475337, -0.2999177563030313576 ) ) ;
#122 = FACE_OUTER_BOUND ( 'NONE', #123, .T. ) ;
#123 = EDGE_LOOP ( 'NONE', ( #2880, #9479, #9104, #4748, #9357, #8853, #520, #1176, #6960, #6598, #7307, #1451, #5923, #6558 ) ) ;
#124 = CIRCLE ( 'NONE', #281, 8.249999999999998224 ) ;
#125 = B_SPLINE_CURVE_WITH_KNOTS ( 'NONE', 3,
 ( #3575, #4953, #6503, #5781, #3530, #1274, #2066, #1420, #8119, #4998 ),
 .UNSPECIFIED., .F., .F.,
 ( 4, 2, 2, 2, 4 ),
 ( 0.000000000000000000, 0.0007358461166823881050, 0.001471692233364773608, 0.002207538350047159002, 0.002943384466729545047 ),
 .UNSPECIFIED. ) ;
#126 = ORIENTED_EDGE ( 'NONE', *, *, #8819, .T. ) ;
#127 = ORIENTED_EDGE ( 'NONE', *, *, #9222, .T. ) ;
#128 = DIRECTION ( 'NONE',  ( 1.000000000000000000, 0.000000000000000000, 0.000000000000000000 ) ) ;
#129 = VERTEX_POINT ( 'NONE', #5065 ) ;
#130 = CIRCLE ( 'NONE', #2636, 6.099999999999981881 ) ;
#131 = VECTOR ( 'NONE', #5717, 1000.000000000000000 ) ;
#132 = CARTESIAN_POINT ( 'NONE',  ( 8.867813557134235580, 31.20803391499870472, 10.36334459545793152 ) ) ;
#133 = CARTESIAN_POINT ( 'NONE',  ( 9.785398435250666438, 27.42372848032141874, 9.432387588731273809 ) ) ;
#134 = EDGE_CURVE ( 'NONE', #9392, #3929, #8622, .T. ) ;
#135 = DIRECTION ( 'NONE',  ( 0.7071067811865474617, 0.000000000000000000, 0.7071067811865474617 ) ) ;
#136 = CARTESIAN_POINT ( 'NONE',  ( 11.06754935757910552, 14.17694244387500291, 6.732516250925391077 ) ) ;
#137 = CARTESIAN_POINT ( 'NONE',  ( -7.778174593051953245, 37.39999999999999858, -5.656854249492474729 ) ) ;
#138 = ORIENTED_EDGE ( 'NONE', *, *, #2128, .T. ) ;
#139 = ORIENTED_EDGE ( 'NONE', *, *, #6056, .T. ) ;
#140 = VECTOR ( 'NONE', #42, 1000.000000000000000 ) ;
#141 = CARTESIAN_POINT ( 'NONE',  ( 10.48148594649586407, 31.75190565085987160, 8.004672480998252126 ) ) ;
#142 = CARTESIAN_POINT ( 'NONE',  ( 6.822097125354855685, 32.07803391499869861, 10.99049179656369724 ) ) ;
#143 = FACE_OUTER_BOUND ( 'NONE', #961, .T. ) ;
#144 = B_SPLINE_CURVE_WITH_KNOTS ( 'NONE', 3,
 ( #6757, #3817, #136, #3960, #1713, #8309, #6944, #4706, #2497, #7529, #9111, #4614 ),
 .UNSPECIFIED., .F., .F.,
 ( 4, 2, 2, 2, 2, 4 ),
 ( 0.000000000000000000, 0.0008454244063918385857, 0.001690848812783677171, 0.002113561015979592995, 0.002536273219175504481, 0.003381697625567319648 ),
 .UNSPECIFIED. ) ;
#145 = LINE ( 'NONE', #874, #4231 ) ;
#146 = CARTESIAN_POINT ( 'NONE',  ( -11.21235136329258353, 23.42303400285405601, -11.68964863670742815 ) ) ;
#147 = CARTESIAN_POINT ( 'NONE',  ( 9.319558577349434714, 35.99303391499870486, 9.478657799230585823 ) ) ;
#148 = CARTESIAN_POINT ( 'NONE',  ( 10.83341552196962887, 6.698033914998700489, 7.322630549492441077 ) ) ;
#149 = CARTESIAN_POINT ( 'NONE',  ( 8.962938419773266219, 27.93803391499869448, 10.20391101686978885 ) ) ;
#150 = CARTESIAN_POINT ( 'NONE',  ( 8.387010936249014392, 5.528033914998689902, 10.03103439862174895 ) ) ;
#151 = VERTEX_POINT ( 'NONE', #9621 ) ;
#152 = ORIENTED_EDGE ( 'NONE', *, *, #1187, .F. ) ;
#153 = CARTESIAN_POINT ( 'NONE',  ( -9.586357836860891268, 7.197618960442568437, 0.000000000000000000 ) ) ;
#154 = AXIS2_PLACEMENT_3D ( 'NONE', #1169, #4857, #4312 ) ;
#155 = EDGE_CURVE ( 'NONE', #8715, #8301, #4554, .T. ) ;
#156 = LINE ( 'NONE', #3153, #1691 ) ;
#157 = CARTESIAN_POINT ( 'NONE',  ( 8.393679260498014827, 28.01559086368016338, 10.59375540753671352 ) ) ;
#158 = CARTESIAN_POINT ( 'NONE',  ( 10.53977406010580786, 35.75807900936695205, 7.905024393997893029 ) ) ;
#159 = CARTESIAN_POINT ( 'NONE',  ( 7.677767782625999793, 16.83803391499869662, 10.99763431641091138 ) ) ;
#160 = CYLINDRICAL_SURFACE ( 'NONE', #5783, 7.299999999999998934 ) ;
#161 = CARTESIAN_POINT ( 'NONE',  ( 10.04988341609709579, 5.522265681838461227, -0.1974902860310623620 ) ) ;
#162 = VECTOR ( 'NONE', #8062, 1000.000000000000114 ) ;
#163 = ORIENTED_EDGE ( 'NONE', *, *, #7157, .F. ) ;
#164 = ORIENTED_EDGE ( 'NONE', *, *, #8194, .F. ) ;
#165 = EDGE_LOOP ( 'NONE', ( #3853, #7217, #4739, #4128 ) ) ;
#166 = CARTESIAN_POINT ( 'NONE',  ( 10.81545249342355497, 36.08135101702497849, 8.023859218411013572 ) ) ;
#167 = EDGE_CURVE ( 'NONE', #7044, #6924, #9132, .T. ) ;
#168 = ORIENTED_EDGE ( 'NONE', *, *, #3389, .T. ) ;
#169 = ADVANCED_FACE ( 'NONE', ( #8328 ), #936, .T. ) ;
#170 = AXIS2_PLACEMENT_3D ( 'NONE', #7845, #8533, #1139 ) ;
#171 = FACE_OUTER_BOUND ( 'NONE', #10, .T. ) ;
#172 = FACE_OUTER_BOUND ( 'NONE', #7794, .T. ) ;
#173 = CARTESIAN_POINT ( 'NONE',  ( -11.26622637047598907, 0.03240424922886069037, 6.294219846513983363 ) ) ;
#174 = ORIENTED_EDGE ( 'NONE', *, *, #5735, .T. ) ;
#175 = VECTOR ( 'NONE', #8167, 1000.000000000000114 ) ;
#176 = ORIENTED_EDGE ( 'NONE', *, *, #6056, .F. ) ;
#177 = ORIENTED_EDGE ( 'NONE', *, *, #9449, .F. ) ;
#178 = CARTESIAN_POINT ( 'NONE',  ( 10.40376307262759248, 16.55337306886794480, 8.675846460743773747 ) ) ;
#179 = ORIENTED_EDGE ( 'NONE', *, *, #8157, .T. ) ;
#180 = EDGE_CURVE ( 'NONE', #5994, #5359, #8998, .T. ) ;
#181 = CARTESIAN_POINT ( 'NONE',  ( 8.177115063489198477, 35.87303391499869321, 10.77573268046392485 ) ) ;
#182 = CARTESIAN_POINT ( 'NONE',  ( -11.62600883028670040, 16.70303400285405715, -11.27599116971331128 ) ) ;
#183 = DIRECTION ( 'NONE',  ( 0.7071067811865474617, 0.000000000000000000, 0.7071067811865474617 ) ) ;
#184 = CARTESIAN_POINT ( 'NONE',  ( 6.695820691018079529, 15.51803391499868212, 11.07634739658278278 ) ) ;
#185 = ORIENTED_EDGE ( 'NONE', *, *, #5858, .F. ) ;
#186 = ORIENTED_EDGE ( 'NONE', *, *, #5082, .T. ) ;
#187 = CARTESIAN_POINT ( 'NONE',  ( 10.34205552099537329, 42.72250229537687005, 8.230902749518865136 ) ) ;
#188 = EDGE_CURVE ( 'NONE', #5922, #2837, #3400, .T. ) ;
#189 = CARTESIAN_POINT ( 'NONE',  ( 10.05001607281651488, 30.68211508783068808, 8.656781423354289018 ) ) ;
#190 = CARTESIAN_POINT ( 'NONE',  ( -7.442927211897867323, 36.00000000000000000, -0.3570727881021573680 ) ) ;
#191 = B_SPLINE_CURVE_WITH_KNOTS ( 'NONE', 3,
 ( #8491, #3119, #6882, #6097, #6788, #6043, #9038, #1798 ),
 .UNSPECIFIED., .F., .F.,
 ( 4, 2, 2, 4 ),
 ( 0.000000000000000000, 0.0005753207667293796807, 0.001150641533458759361, 0.002301283066917518723 ),
 .UNSPECIFIED. ) ;
#192 = DIRECTION ( 'NONE',  ( -0.1736481776669335231, 0.9848077530122075762, 0.000000000000000000 ) ) ;
#193 = CARTESIAN_POINT ( 'NONE',  ( 6.797057124571712627, 37.39999999999999858, -4.675736781012050258 ) ) ;
#194 = CARTESIAN_POINT ( 'NONE',  ( -5.567750918199444676, 39.99999999999999289, -3.382249081800514201 ) ) ;
#195 = CARTESIAN_POINT ( 'NONE',  ( -8.823406371691135064, 37.39999999999999858, -1.500000000000092593 ) ) ;
#196 = CARTESIAN_POINT ( 'NONE',  ( 10.76303084457852677, 31.86803391499871196, 8.121987212960915414 ) ) ;
#197 = DIRECTION ( 'NONE',  ( 1.122611720842914147E-17, -0.9999862922474268556, -0.005235963831419591756 ) ) ;
#198 = VERTEX_POINT ( 'NONE', #6178 ) ;
#199 = EDGE_CURVE ( 'NONE', #7734, #931, #7501, .T. ) ;
#200 = ORIENTED_EDGE ( 'NONE', *, *, #8037, .F. ) ;
#201 = CARTESIAN_POINT ( 'NONE',  ( 1.545383168813363461, 39.99999999999999289, -1.950705811319184151E-15 ) ) ;
#202 = B_SPLINE_SURFACE_WITH_KNOTS ( 'NONE', 3, 1, ( 
 ( #1614, #6708 ),
 ( #867, #7670 ),
 ( #5575, #7817 ),
 ( #3373, #9440 ) ),
 .UNSPECIFIED., .F., .F., .F.,
 ( 4, 4 ),
 ( 2, 2 ),
 ( 0.000000000000000000, 1.000000000000000000 ),
 ( 0.000000000000000000, 1.000000000000000000 ),
 .UNSPECIFIED. ) ;
#203 = CARTESIAN_POINT ( 'NONE',  ( -8.550505063388335714, 41.19973033212856706, -11.44999999999999751 ) ) ;
#204 = CARTESIAN_POINT ( 'NONE',  ( -12.41089755351777235, 11.28803391499869058, -10.49110244648224111 ) ) ;
#205 = CARTESIAN_POINT ( 'NONE',  ( 7.733284979674047044, 41.93303391499870258, 10.62888744474716241 ) ) ;
#206 = DIRECTION ( 'NONE',  ( 0.000000000000000000, 0.000000000000000000, 1.000000000000000000 ) ) ;
#207 = CARTESIAN_POINT ( 'NONE',  ( 6.282235193577040633, 43.77030968683652645, 11.26780873540985439 ) ) ;
#208 = PLANE ( 'NONE',  #3779 ) ;
#209 = VECTOR ( 'NONE', #6152, 1000.000000000000114 ) ;
#210 = VERTEX_POINT ( 'NONE', #3104 ) ;
#211 = EDGE_CURVE ( 'NONE', #6864, #1058, #3933, .T. ) ;
#212 = ORIENTED_EDGE ( 'NONE', *, *, #8078, .F. ) ;
#213 = ORIENTED_EDGE ( 'NONE', *, *, #7983, .T. ) ;
#214 = CARTESIAN_POINT ( 'NONE',  ( -4.450000000000005507, 1.234288864959286469, -10.57233541538670529 ) ) ;
#215 = B_SPLINE_CURVE_WITH_KNOTS ( 'NONE', 3,
 ( #3753, #5313, #7552, #8097, #6783, #4494, #1398, #7368, #661, #2969 ),
 .UNSPECIFIED., .F., .F.,
 ( 4, 2, 2, 2, 4 ),
 ( 0.000000000000000000, 0.0005186425429249964499, 0.001037285085849992900, 0.001555927628774989458, 0.002074570171699985800 ),
 .UNSPECIFIED. ) ;
#216 = CARTESIAN_POINT ( 'NONE',  ( 1.534619498756147671, 39.38334975541580008, -9.071105419317524010 ) ) ;
#217 = EDGE_LOOP ( 'NONE', ( #6698, #3755, #3812, #5098 ) ) ;
#218 = VECTOR ( 'NONE', #8054, 1000.000000000000114 ) ;
#219 = DIRECTION ( 'NONE',  ( -0.005235892060090554731, -0.9999725850585454712, -0.005235892060090554731 ) ) ;
#220 = CARTESIAN_POINT ( 'NONE',  ( 2.982282944278320524, 2.849428859860648977, 11.45000000000000107 ) ) ;
#221 = EDGE_CURVE ( 'NONE', #8535, #4794, #6773, .T. ) ;
#222 = ORIENTED_EDGE ( 'NONE', *, *, #8400, .T. ) ;
#223 = EDGE_CURVE ( 'NONE', #959, #82, #9444, .T. ) ;
#224 = ORIENTED_EDGE ( 'NONE', *, *, #3022, .T. ) ;
#225 = AXIS2_PLACEMENT_3D ( 'NONE', #9445, #1856, #2735 ) ;
#226 = VERTEX_POINT ( 'NONE', #6727 ) ;
#227 = CARTESIAN_POINT ( 'NONE',  ( 10.06416451049543426, 11.78303391499870045, 8.271649016301587665 ) ) ;
#228 = VERTEX_POINT ( 'NONE', #9025 ) ;
#229 = CIRCLE ( 'NONE', #2879, 0.2999999999999999334 ) ;
#230 = CARTESIAN_POINT ( 'NONE',  ( 10.81779472445976786, 16.65803391499870401, 8.028258668792913610 ) ) ;
#231 = CARTESIAN_POINT ( 'NONE',  ( 11.44999999999999929, 44.64247392222174682, -8.550505063388332161 ) ) ;
#232 = EDGE_CURVE ( 'NONE', #6042, #5398, #1887, .T. ) ;
#233 = DIRECTION ( 'NONE',  ( -0.5801092258057696238, 0.5717924206126391296, 0.5801092258057696238 ) ) ;
#234 = ORIENTED_EDGE ( 'NONE', *, *, #5834, .T. ) ;
#235 = EDGE_CURVE ( 'NONE', #608, #3954, #2278, .T. ) ;
#236 = VERTEX_POINT ( 'NONE', #3057 ) ;
#237 = CARTESIAN_POINT ( 'NONE',  ( 11.08416209446899003, 14.43573063551540336, 7.496082355817333287 ) ) ;
#238 = CARTESIAN_POINT ( 'NONE',  ( 7.317700093927230753, 39.15591825482287192, 5.153034575406746143 ) ) ;
#239 = CARTESIAN_POINT ( 'NONE',  ( 0.2999999999999999334, 25.10000000000000497, -7.500000000000000000 ) ) ;
#240 =( BOUNDED_CURVE ( )  B_SPLINE_CURVE ( 3, ( #4477, #4376, #5198, #8178 ),
 .UNSPECIFIED., .F., .T. ) 
 B_SPLINE_CURVE_WITH_KNOTS ( ( 4, 4 ),
 ( 4.254004408636218315, 5.079508678666764254 ),
 .UNSPECIFIED. ) 
 CURVE ( )  GEOMETRIC_REPRESENTATION_ITEM ( )  RATIONAL_B_SPLINE_CURVE ( ( 1.000000000000000000, 0.9440135495098728180, 0.9440135495098728180, 1.000000000000000000 ) ) 
 REPRESENTATION_ITEM ( '' )  );
#241 = CARTESIAN_POINT ( 'NONE',  ( -11.20209445330008258, 41.00582457832652494, 4.449999999999990408 ) ) ;
#242 = CARTESIAN_POINT ( 'NONE',  ( 9.105899681227983322, 27.57718196533217281, 9.677790355031282488 ) ) ;
#243 = CARTESIAN_POINT ( 'NONE',  ( 4.450000000000002842, 5.500000000000000000, 10.05000000000000071 ) ) ;
#244 = DIRECTION ( 'NONE',  ( 0.9848077530122072432, 0.1736481776669352439, 1.004105234531413793E-15 ) ) ;
#245 = CARTESIAN_POINT ( 'NONE',  ( 9.673220073925897111, 36.68478308280000988, 9.113852524467503713 ) ) ;
#246 = CARTESIAN_POINT ( 'NONE',  ( 4.449999999999998401, 5.500000000000000000, -4.449999999999998401 ) ) ;
#247 = VERTEX_POINT ( 'NONE', #6031 ) ;
#248 = EDGE_CURVE ( 'NONE', #2193, #6095, #8503, .T. ) ;
#249 = ORIENTED_EDGE ( 'NONE', *, *, #248, .F. ) ;
#250 = CARTESIAN_POINT ( 'NONE',  ( -10.04766789441806196, 40.94705399628816167, -8.751827042193607298 ) ) ;
#251 = LINE ( 'NONE', #5401, #9192 ) ;
#252 = CARTESIAN_POINT ( 'NONE',  ( 7.734398030710939231, 12.56303391499868205, 10.96941175075344965 ) ) ;
#253 = CARTESIAN_POINT ( 'NONE',  ( 10.50000000000000178, 36.00000000000000000, -0.3570727881020213657 ) ) ;
#254 = CARTESIAN_POINT ( 'NONE',  ( 7.045402920425534177, 12.38206862632453387, 10.95171385594206370 ) ) ;
#255 = CARTESIAN_POINT ( 'NONE',  ( 6.151616374838033252, 44.06575201273999909, 10.97561693246276526 ) ) ;
#256 = CARTESIAN_POINT ( 'NONE',  ( 10.77045618830470630, 6.506771517838263463, 7.462535622854736594 ) ) ;
#257 = ORIENTED_EDGE ( 'NONE', *, *, #8123, .T. ) ;
#258 = ADVANCED_FACE ( 'NONE', ( #5402 ), #6129, .T. ) ;
#259 = VERTEX_POINT ( 'NONE', #4819 ) ;
#260 = DIRECTION ( 'NONE',  ( 0.000000000000000000, 0.000000000000000000, 1.000000000000000000 ) ) ;
#261 = CARTESIAN_POINT ( 'NONE',  ( 10.75799847370297080, 27.36071513211585682, 7.630605830184160610 ) ) ;
#262 = VERTEX_POINT ( 'NONE', #4030 ) ;
#263 = CARTESIAN_POINT ( 'NONE',  ( 1.541019402581311315, 39.74999999999998579, 9.070019801569776163 ) ) ;
#264 = CARTESIAN_POINT ( 'NONE',  ( 11.01469330294936988, 17.23642093154107613, 6.880122865742188232 ) ) ;
#265 = DIRECTION ( 'NONE',  ( 0.000000000000000000, 0.000000000000000000, 1.000000000000000000 ) ) ;
#266 = CARTESIAN_POINT ( 'NONE',  ( 10.83341552196962887, 6.698033914998700489, 7.322630549492441077 ) ) ;
#267 = CARTESIAN_POINT ( 'NONE',  ( -8.515368572798960756, 0.5174546990505579647, 9.807767841799929442 ) ) ;
#268 = ORIENTED_EDGE ( 'NONE', *, *, #8666, .T. ) ;
#269 = EDGE_LOOP ( 'NONE', ( #8145, #3075, #4270, #3961 ) ) ;
#270 = VECTOR ( 'NONE', #7590, 1000.000000000000114 ) ;
#271 = ORIENTED_EDGE ( 'NONE', *, *, #8725, .T. ) ;
#272 = CARTESIAN_POINT ( 'NONE',  ( 7.681019950233641147, 27.98303391499869974, 10.55540921187108339 ) ) ;
#273 = ORIENTED_EDGE ( 'NONE', *, *, #2514, .T. ) ;
#274 = EDGE_CURVE ( 'NONE', #2698, #9247, #1784, .T. ) ;
#275 = DIRECTION ( 'NONE',  ( -0.000000000000000000, 1.000000000000000000, -0.000000000000000000 ) ) ;
#276 = CARTESIAN_POINT ( 'NONE',  ( 5.656854249492393905, 37.39999999999999858, -7.778174593052012753 ) ) ;
#277 = EDGE_LOOP ( 'NONE', ( #5240, #2588, #4746, #484 ) ) ;
#278 = B_SPLINE_SURFACE_WITH_KNOTS ( 'NONE', 3, 1, ( 
 ( #6012, #8165 ),
 ( #9003, #181 ),
 ( #8261, #6894 ),
 ( #6799, #1467 ) ),
 .UNSPECIFIED., .F., .F., .F.,
 ( 4, 4 ),
 ( 2, 2 ),
 ( 0.000000000000000000, 1.000000000000000000 ),
 ( 0.000000000000000000, 1.000000000000000000 ),
 .UNSPECIFIED. ) ;
#279 = ORIENTED_EDGE ( 'NONE', *, *, #4248, .T. ) ;
#280 = CARTESIAN_POINT ( 'NONE',  ( 10.50630196247758086, 42.47225242884953644, 7.961696418279654353 ) ) ;
#281 = AXIS2_PLACEMENT_3D ( 'NONE', #6445, #2053, #7268 ) ;
#282 = CARTESIAN_POINT ( 'NONE',  ( 6.758457515048061914, 33.32303391499869605, 11.05413140687049101 ) ) ;
#283 = ADVANCED_FACE ( 'NONE', ( #5545 ), #7738, .T. ) ;
#284 = CARTESIAN_POINT ( 'NONE',  ( 11.11949769050476000, 33.62302259217394607, 7.417793887107347217 ) ) ;
#285 = EDGE_CURVE ( 'NONE', #5265, #7541, #5643, .T. ) ;
#286 = CARTESIAN_POINT ( 'NONE',  ( -8.751827042192751094, 41.16575319959835610, 10.04766789441891284 ) ) ;
#287 = CYLINDRICAL_SURFACE ( 'NONE', #7733, 7.299999999999998934 ) ;
#288 = CARTESIAN_POINT ( 'NONE',  ( 9.717185119598154230, 35.99303391499871907, 9.510978268098755350 ) ) ;
#289 = CARTESIAN_POINT ( 'NONE',  ( 9.131023421289018671, 16.70303400285405715, 9.481041081862407793 ) ) ;
#290 = CARTESIAN_POINT ( 'NONE',  ( 10.57134838894317141, 37.61303391499870941, 7.845451943583207743 ) ) ;
#291 = CARTESIAN_POINT ( 'NONE',  ( -13.25942569094161883, 8.723033914998678640, -9.642574309058394633 ) ) ;
#292 = ORIENTED_EDGE ( 'NONE', *, *, #7779, .T. ) ;
#293 = AXIS2_PLACEMENT_3D ( 'NONE', #759, #2923, #855 ) ;
#294 = AXIS2_PLACEMENT_3D ( 'NONE', #4515, #9648, #8958 ) ;
#295 = ORIENTED_EDGE ( 'NONE', *, *, #8366, .F. ) ;
#296 = DIRECTION ( 'NONE',  ( 0.7069990853988278312, 0.01745240643728355329, -0.7069990853988207258 ) ) ;
#297 =( BOUNDED_CURVE ( )  B_SPLINE_CURVE ( 3, ( #4089, #7064, #6322, #6463 ),
 .UNSPECIFIED., .F., .F. ) 
 B_SPLINE_CURVE_WITH_KNOTS ( ( 4, 4 ),
 ( 1.923479356422017394, 1.928319870431008276 ),
 .UNSPECIFIED. ) 
 CURVE ( )  GEOMETRIC_REPRESENTATION_ITEM ( )  RATIONAL_B_SPLINE_CURVE ( ( 1.000000000000000000, 0.9999980474529639451, 0.9999980474529639451, 1.000000000000000000 ) ) 
 REPRESENTATION_ITEM ( '' )  );
#298 = CARTESIAN_POINT ( 'NONE',  ( -1.534619498756147671, 39.38334975541580008, 9.071105419317524010 ) ) ;
#299 = CARTESIAN_POINT ( 'NONE',  ( -4.450000000000001066, 6.649999999999996803, -10.04397855905344272 ) ) ;
#300 = EDGE_CURVE ( 'NONE', #6939, #5898, #1827, .T. ) ;
#301 = CARTESIAN_POINT ( 'NONE',  ( -7.380002886434941622, 39.17118877843768843, -5.214960412144529656 ) ) ;
#302 = CARTESIAN_POINT ( 'NONE',  ( 9.334756901084837466, 12.92796379395518791, 9.465232575026400141 ) ) ;
#303 = CARTESIAN_POINT ( 'NONE',  ( 10.54999999999999893, 5.500000000000000000, 4.450000000000001066 ) ) ;
#304 = CARTESIAN_POINT ( 'NONE',  ( 7.720439537478782199, 27.82248280380764172, 10.63947658775590988 ) ) ;
#305 = DIRECTION ( 'NONE',  ( -0.000000000000000000, -1.000000000000000000, -0.000000000000000000 ) ) ;
#306 = ORIENTED_EDGE ( 'NONE', *, *, #5803, .F. ) ;
#307 = VERTEX_POINT ( 'NONE', #9320 ) ;
#308 = CARTESIAN_POINT ( 'NONE',  ( 7.291697642337207519, 41.00303391499868866, 11.52373192385290324 ) ) ;
#309 = CARTESIAN_POINT ( 'NONE',  ( -4.450000000000001066, 5.500000000000000000, 4.450000000000002842 ) ) ;
#310 = ORIENTED_EDGE ( 'NONE', *, *, #374, .F. ) ;
#311 = EDGE_CURVE ( 'NONE', #4659, #5357, #1523, .T. ) ;
#312 = CARTESIAN_POINT ( 'NONE',  ( 7.307986715979976289, 33.78803391499870656, 10.83998528412093521 ) ) ;
#313 = CARTESIAN_POINT ( 'NONE',  ( -9.586357836860889492, 7.197618960442568437, 4.450000000000001954 ) ) ;
#314 = DIRECTION ( 'NONE',  ( 1.000000000000000000, 0.000000000000000000, 0.000000000000000000 ) ) ;
#315 = VECTOR ( 'NONE', #7184, 1000.000000000000114 ) ;
#316 = CARTESIAN_POINT ( 'NONE',  ( 0.000000000000000000, 37.39999999999999858, 10.10000000000000142 ) ) ;
#317 = FACE_OUTER_BOUND ( 'NONE', #3533, .T. ) ;
#318 = ORIENTED_EDGE ( 'NONE', *, *, #7959, .F. ) ;
#319 = VERTEX_POINT ( 'NONE', #1181 ) ;
#320 = EDGE_CURVE ( 'NONE', #8375, #5784, #2321, .T. ) ;
#321 = AXIS2_PLACEMENT_3D ( 'NONE', #7352, #648, #3644 ) ;
#322 = ORIENTED_EDGE ( 'NONE', *, *, #8133, .F. ) ;
#323 = CARTESIAN_POINT ( 'NONE',  ( 6.797057124571677988, 37.39999999999999858, 4.675736781012096444 ) ) ;
#324 = VERTEX_POINT ( 'NONE', #4135 ) ;
#325 = CARTESIAN_POINT ( 'NONE',  ( 10.66031453647893912, 12.11303391499871829, 7.679859649891691120 ) ) ;
#326 = AXIS2_PLACEMENT_3D ( 'NONE', #1577, #8180, #5247 ) ;
#327 = CARTESIAN_POINT ( 'NONE',  ( 7.693801618057197977, 41.12803391499871708, 10.65304369343708935 ) ) ;
#328 = ORIENTED_EDGE ( 'NONE', *, *, #7814, .T. ) ;
#329 = ORIENTED_EDGE ( 'NONE', *, *, #5256, .T. ) ;
#330 = EDGE_CURVE ( 'NONE', #7104, #4006, #6991, .T. ) ;
#331 = CARTESIAN_POINT ( 'NONE',  ( 9.477593913206437293, 13.52303391499869889, 9.742759152265449529 ) ) ;
#332 = CARTESIAN_POINT ( 'NONE',  ( 11.07365230096531761, 30.00803400285407463, 6.714338798836612554 ) ) ;
#333 = CARTESIAN_POINT ( 'NONE',  ( -4.450000000000001954, 7.197618960442568437, -4.449999999999997513 ) ) ;
#334 = CARTESIAN_POINT ( 'NONE',  ( -11.56236941609394897, 26.61803391499869420, -11.33963058390606449 ) ) ;
#335 = CARTESIAN_POINT ( 'NONE',  ( -11.43509019548039518, 36.66803391499869491, -11.46690980451961650 ) ) ;
#336 = CARTESIAN_POINT ( 'NONE',  ( 8.051338206307324441, 28.65803391499869335, 10.46299024418052070 ) ) ;
#337 = CARTESIAN_POINT ( 'NONE',  ( 9.774807171419091389, 17.26693258864647973, 9.453841298086402389 ) ) ;
#338 = CARTESIAN_POINT ( 'NONE',  ( 11.48337976650551262, 39.50303391499870287, 7.145279860040226083 ) ) ;
#339 = DIRECTION ( 'NONE',  ( 1.000000000000000000, -0.000000000000000000, 2.144040251207288488E-15 ) ) ;
#340 = ORIENTED_EDGE ( 'NONE', *, *, #3173, .T. ) ;
#341 = EDGE_CURVE ( 'NONE', #4323, #5131, #1192, .T. ) ;
#342 = EDGE_CURVE ( 'NONE', #4651, #4174, #429, .T. ) ;
#343 = ORIENTED_EDGE ( 'NONE', *, *, #274, .F. ) ;
#344 = PLANE ( 'NONE',  #7885 ) ;
#345 = DIRECTION ( 'NONE',  ( 0.7071067811865486830, 0.000000000000000000, -0.7071067811865464625 ) ) ;
#346 = CARTESIAN_POINT ( 'NONE',  ( 8.157674549793652474, 10.60650084429195417, 10.73842840848309876 ) ) ;
#347 = CYLINDRICAL_SURFACE ( 'NONE', #5795, 7.299999999999998934 ) ;
#348 = PLANE ( 'NONE',  #7881 ) ;
#349 = CARTESIAN_POINT ( 'NONE',  ( 0.000000000000000000, 39.15591825482287192, 0.000000000000000000 ) ) ;
#350 = CARTESIAN_POINT ( 'NONE',  ( 7.792891662051413704, 27.87082297918241736, 10.60080139418815648 ) ) ;
#351 = B_SPLINE_CURVE_WITH_KNOTS ( 'NONE', 3,
 ( #4874, #9276, #4919, #7843, #1830, #4822, #7789, #6918 ),
 .UNSPECIFIED., .F., .F.,
 ( 4, 2, 2, 4 ),
 ( 0.000000000000000000, 0.0006037762401300907121, 0.0009056643601951378571, 0.001207552480260185111 ),
 .UNSPECIFIED. ) ;
#352 = DIRECTION ( 'NONE',  ( 0.000000000000000000, 0.000000000000000000, 1.000000000000000000 ) ) ;
#353 = ORIENTED_EDGE ( 'NONE', *, *, #8850, .T. ) ;
#354 = EDGE_CURVE ( 'NONE', #1897, #5624, #1033, .T. ) ;
#355 = VERTEX_POINT ( 'NONE', #299 ) ;
#356 = DIRECTION ( 'NONE',  ( 0.7071067811865474617, 0.000000000000000000, 0.7071067811865474617 ) ) ;
#357 = CARTESIAN_POINT ( 'NONE',  ( 10.78631398729828206, 40.65509611147943758, 7.425535052256080348 ) ) ;
#358 = ORIENTED_EDGE ( 'NONE', *, *, #6969, .T. ) ;
#359 = CARTESIAN_POINT ( 'NONE',  ( 0.000000000000000000, 44.20218114339339621, 0.000000000000000000 ) ) ;
#360 = CARTESIAN_POINT ( 'NONE',  ( 10.88231426641344868, 12.11303391499871829, 7.901859379826200680 ) ) ;
#361 = CARTESIAN_POINT ( 'NONE',  ( 10.55890374065628201, 42.72255459369066699, 8.447847687390515503 ) ) ;
#362 = B_SPLINE_SURFACE_WITH_KNOTS ( 'NONE', 3, 1, ( 
 ( #6940, #4007 ),
 ( #272, #8747 ),
 ( #512, #1947 ),
 ( #4348, #3658 ) ),
 .UNSPECIFIED., .F., .F., .F.,
 ( 4, 4 ),
 ( 2, 2 ),
 ( 0.000000000000000000, 1.000000000000000000 ),
 ( 0.000000000000000000, 1.000000000000000000 ),
 .UNSPECIFIED. ) ;
#363 = CARTESIAN_POINT ( 'NONE',  ( -3.918461881947866932, 41.98549753465720613, 11.44999999999999929 ) ) ;
#364 = CARTESIAN_POINT ( 'NONE',  ( -11.09790554669991991, 0.06208375187461421391, 4.450000000000002842 ) ) ;
#365 = ORIENTED_EDGE ( 'NONE', *, *, #5256, .F. ) ;
#366 = EDGE_CURVE ( 'NONE', #4109, #1745, #556, .T. ) ;
#367 = EDGE_LOOP ( 'NONE', ( #4987, #920, #7020, #4604 ) ) ;
#368 = CIRCLE ( 'NONE', #7092, 7.000000000000000000 ) ;
#369 = CARTESIAN_POINT ( 'NONE',  ( 7.291661569628045569, 26.57303391499869250, 10.84487334120457547 ) ) ;
#370 = ORIENTED_EDGE ( 'NONE', *, *, #1173, .F. ) ;
#371 = CARTESIAN_POINT ( 'NONE',  ( -8.815570932250954783, 39.99999999999998579, -1.545383168813458274 ) ) ;
#372 = DIRECTION ( 'NONE',  ( 0.000000000000000000, 0.000000000000000000, 1.000000000000000000 ) ) ;
#373 = ORIENTED_EDGE ( 'NONE', *, *, #2734, .F. ) ;
#374 = EDGE_CURVE ( 'NONE', #3415, #8915, #9204, .T. ) ;
#375 = ORIENTED_EDGE ( 'NONE', *, *, #4050, .T. ) ;
#376 = CARTESIAN_POINT ( 'NONE',  ( 10.29100584737714819, 11.79784306639620972, 8.830156828502571997 ) ) ;
#377 = CARTESIAN_POINT ( 'NONE',  ( -20.23513534280041171, 39.41305575166477126, -10.11756767140020230 ) ) ;
#378 = FACE_OUTER_BOUND ( 'NONE', #1690, .T. ) ;
#379 = CARTESIAN_POINT ( 'NONE',  ( 10.99087047359354052, 36.23303391499870685, 7.946775976699625765 ) ) ;
#380 = CARTESIAN_POINT ( 'NONE',  ( 10.21204811196884954, 36.14533898003801227, 8.939057319036063376 ) ) ;
#381 = CARTESIAN_POINT ( 'NONE',  ( 10.36536356018457106, 42.23469606906943596, 8.728044434996242273 ) ) ;
#382 = PLANE ( 'NONE',  #2803 ) ;
#383 = CARTESIAN_POINT ( 'NONE',  ( 7.249132938131089610, 8.540595451174780806, 10.86598432001431469 ) ) ;
#384 = VERTEX_POINT ( 'NONE', #7196 ) ;
#385 = VERTEX_POINT ( 'NONE', #2850 ) ;
#386 = ORIENTED_EDGE ( 'NONE', *, *, #223, .F. ) ;
#387 = DIRECTION ( 'NONE',  ( -0.000000000000000000, 0.000000000000000000, 1.000000000000000000 ) ) ;
#388 = CARTESIAN_POINT ( 'NONE',  ( 10.93767084519179100, 35.30292196880579780, 7.798750820666803918 ) ) ;
#389 = CARTESIAN_POINT ( 'NONE',  ( 6.730131960841347905, 39.30803391499870258, 11.06823225953501222 ) ) ;
#390 = DIRECTION ( 'NONE',  ( 0.000000000000000000, 0.000000000000000000, 1.000000000000000000 ) ) ;
#392 = CARTESIAN_POINT ( 'NONE',  ( 7.302130498540669201, 16.13303391499868766, 10.79170265981035470 ) ) ;
#391 =( BOUNDED_CURVE ( )  B_SPLINE_CURVE ( 3, ( #6668, #2272, #2856, #8924 ),
 .UNSPECIFIED., .F., .T. ) 
 B_SPLINE_CURVE_WITH_KNOTS ( ( 4, 4 ),
 ( 1.923479356421936348, 1.928319870430928340 ),
 .UNSPECIFIED. ) 
 CURVE ( )  GEOMETRIC_REPRESENTATION_ITEM ( )  RATIONAL_B_SPLINE_CURVE ( ( 1.000000000000000000, 0.9999980474529639451, 0.9999980474529639451, 1.000000000000000000 ) ) 
 REPRESENTATION_ITEM ( '' )  );
#393 = CARTESIAN_POINT ( 'NONE',  ( 7.476302483458828085, 39.70831854394214133, 11.09315386534220238 ) ) ;
#394 = EDGE_CURVE ( 'NONE', #3993, #1355, #9564, .T. ) ;
#395 = B_SPLINE_CURVE_WITH_KNOTS ( 'NONE', 3,
 ( #2359, #4662, #6163, #1022, #280, #6901, #187, #5677 ),
 .UNSPECIFIED., .F., .F.,
 ( 4, 2, 2, 4 ),
 ( 0.000000000000000000, 0.0008044691287336264455, 0.001206703693100433326, 0.001608938257467240097 ),
 .UNSPECIFIED. ) ;
#396 = CARTESIAN_POINT ( 'NONE',  ( 1.510219599821712499, 37.98548048166760083, 8.821669015494823185 ) ) ;
#397 = DIRECTION ( 'NONE',  ( 1.000000000000000000, 0.000000000000000000, -2.430759722670705684E-15 ) ) ;
#398 = ORIENTED_EDGE ( 'NONE', *, *, #6762, .F. ) ;
#399 = ORIENTED_EDGE ( 'NONE', *, *, #9090, .T. ) ;
#400 = LINE ( 'NONE', #4234, #7350 ) ;
#401 = CARTESIAN_POINT ( 'NONE',  ( -9.586357836860889492, 7.197618960442568437, 4.450000000000007283 ) ) ;
#402 = VERTEX_POINT ( 'NONE', #9461 ) ;
#403 = CARTESIAN_POINT ( 'NONE',  ( 8.013129880780464731, 35.72064787615697412, 10.47531411269657475 ) ) ;
#404 = CARTESIAN_POINT ( 'NONE',  ( 10.79164003301465335, 37.61303391499870941, 8.065743587654690572 ) ) ;
#405 = CARTESIAN_POINT ( 'NONE',  ( 7.684235200924649511, 10.11803391499868532, 11.27987337937228673 ) ) ;
#406 = ADVANCED_FACE ( 'NONE', ( #9507 ), #4640, .T. ) ;
#407 = EDGE_CURVE ( 'NONE', #5107, #5415, #3491, .T. ) ;
#408 = CARTESIAN_POINT ( 'NONE',  ( -1.515114131236722228, 38.26588799863403523, 8.117380341247841358 ) ) ;
#409 = FACE_BOUND ( 'NONE', #1008, .T. ) ;
#410 = CARTESIAN_POINT ( 'NONE',  ( 10.57598020674216599, 3.883774586999845013, 7.958355515407765424 ) ) ;
#411 = VECTOR ( 'NONE', #1508, 1000.000000000000114 ) ;
#412 = ORIENTED_EDGE ( 'NONE', *, *, #4529, .F. ) ;
#413 = ORIENTED_EDGE ( 'NONE', *, *, #4407, .T. ) ;
#414 = CARTESIAN_POINT ( 'NONE',  ( -11.45000000000304752, -2.173884834336539824E-12, -5.374767688892243100 ) ) ;
#415 = CARTESIAN_POINT ( 'NONE',  ( 9.942079202468683263, 5.509360850324950931, 9.264980341412270448 ) ) ;
#416 = ORIENTED_EDGE ( 'NONE', *, *, #5201, .T. ) ;
#417 = VECTOR ( 'NONE', #1534, 1000.000000000000114 ) ;
#418 = ADVANCED_FACE ( 'NONE', ( #4959 ), #8961, .T. ) ;
#419 = CARTESIAN_POINT ( 'NONE',  ( 8.401123081551112648, 31.83803391499869662, 10.83003507104105267 ) ) ;
#420 = CARTESIAN_POINT ( 'NONE',  ( 10.86598420087328876, 8.919659880707653699, 7.249133211218135031 ) ) ;
#421 = ORIENTED_EDGE ( 'NONE', *, *, #9168, .T. ) ;
#422 = ORIENTED_EDGE ( 'NONE', *, *, #6293, .T. ) ;
#423 = DIRECTION ( 'NONE',  ( 0.7071067811865474617, 0.000000000000000000, 0.7071067811865474617 ) ) ;
#424 = CARTESIAN_POINT ( 'NONE',  ( 0.3000000000000001554, 25.10000000000000497, -10.49999999999999822 ) ) ;
#425 = ADVANCED_FACE ( 'NONE', ( #637 ), #4436, .T. ) ;
#426 = CARTESIAN_POINT ( 'NONE',  ( 9.466703882967035355, 11.85803391499869797, 9.753082325461637225 ) ) ;
#427 = CARTESIAN_POINT ( 'NONE',  ( 8.186927633468965126, 11.87303400285404820, 10.06429594140526440 ) ) ;
#428 = CARTESIAN_POINT ( 'NONE',  ( 9.218667549617480361, 11.85803391499869797, 9.505045992112080455 ) ) ;
#429 = B_SPLINE_CURVE_WITH_KNOTS ( 'NONE', 3,
 ( #1037, #3348, #4775, #1971, #987, #252 ),
 .UNSPECIFIED., .F., .F.,
 ( 4, 2, 4 ),
 ( 0.000000000000000000, 0.0006190756760355736223, 0.001238151352071147245 ),
 .UNSPECIFIED. ) ;
#430 = DIRECTION ( 'NONE',  ( 0.000000000000000000, 0.000000000000000000, 1.000000000000000000 ) ) ;
#431 = CARTESIAN_POINT ( 'NONE',  ( 10.72924248992344154, 6.803033914998705356, 8.173051672048105232 ) ) ;
#432 = DIRECTION ( 'NONE',  ( -7.228014483236698281E-17, 0.000000000000000000, 1.000000000000000000 ) ) ;
#433 = ORIENTED_EDGE ( 'NONE', *, *, #3692, .T. ) ;
#434 = B_SPLINE_CURVE_WITH_KNOTS ( 'NONE', 3,
 ( #7798, #999, #1098, #7649 ),
 .UNSPECIFIED., .F., .F.,
 ( 4, 4 ),
 ( 1.999999999988131390E-07, 0.003135199912144660990 ),
 .UNSPECIFIED. ) ;
#435 = EDGE_LOOP ( 'NONE', ( #8587, #7159, #1948, #3126 ) ) ;
#436 = CIRCLE ( 'NONE', #7620, 7.299999999999998934 ) ;
#437 = ORIENTED_EDGE ( 'NONE', *, *, #2427, .F. ) ;
#438 = B_SPLINE_SURFACE_WITH_KNOTS ( 'NONE', 3, 1, ( 
 ( #3117, #9677 ),
 ( #6686, #3895 ),
 ( #5314, #8150 ),
 ( #4496, #753 ) ),
 .UNSPECIFIED., .F., .F., .F.,
 ( 4, 4 ),
 ( 2, 2 ),
 ( 0.000000000000000000, 1.000000000000000000 ),
 ( 0.000000000000000000, 1.000000000000000000 ),
 .UNSPECIFIED. ) ;
#439 = CYLINDRICAL_SURFACE ( 'NONE', #1844, 7.299999999999998934 ) ;
#440 = CARTESIAN_POINT ( 'NONE',  ( 8.188199472453245420, 10.64002159410829051, 10.72034439623180546 ) ) ;
#441 = DIRECTION ( 'NONE',  ( -0.9848077530122075762, -0.1736481776669335231, 0.000000000000000000 ) ) ;
#442 = CARTESIAN_POINT ( 'NONE',  ( 8.652091847863642826, 6.373575724805061959, 10.42728255542613702 ) ) ;
#443 = CARTESIAN_POINT ( 'NONE',  ( 6.730131960841464256, 8.708033914998678071, 11.06823225953497314 ) ) ;
#444 = CARTESIAN_POINT ( 'NONE',  ( 9.394441228230022034, 5.483033914998699743, 9.405048026061839650 ) ) ;
#445 = VECTOR ( 'NONE', #5464, 1000.000000000000000 ) ;
#446 = ORIENTED_EDGE ( 'NONE', *, *, #4751, .F. ) ;
#447 = ORIENTED_EDGE ( 'NONE', *, *, #6269, .T. ) ;
#448 = EDGE_CURVE ( 'NONE', #3498, #1014, #4374, .T. ) ;
#449 = CARTESIAN_POINT ( 'NONE',  ( -1.542474354229314004, 39.83335412408865750, 8.985223950274932037 ) ) ;
#450 = VECTOR ( 'NONE', #5151, 1000.000000000000114 ) ;
#451 = B_SPLINE_CURVE_WITH_KNOTS ( 'NONE', 3,
 ( #8064, #8811, #8658, #4903, #480, #3481, #6553, #7874 ),
 .UNSPECIFIED., .F., .F.,
 ( 4, 2, 2, 4 ),
 ( 0.000000000000000000, 0.0005363901617942376000, 0.001072780323588475200, 0.002145560647176951267 ),
 .UNSPECIFIED. ) ;
#452 = AXIS2_PLACEMENT_3D ( 'NONE', #5466, #8448, #6977 ) ;
#453 = EDGE_LOOP ( 'NONE', ( #2203, #1116, #3665, #4908 ) ) ;
#454 = CARTESIAN_POINT ( 'NONE',  ( 10.75932980571016628, 10.91303391499870479, 7.481890071024566602 ) ) ;
#455 = FACE_OUTER_BOUND ( 'NONE', #6875, .T. ) ;
#456 = CARTESIAN_POINT ( 'NONE',  ( 10.72539255020529936, 42.47237141940440353, 8.180977896326055543 ) ) ;
#457 = CARTESIAN_POINT ( 'NONE',  ( 0.000000000000000000, 39.99999999999998579, 0.000000000000000000 ) ) ;
#458 = CARTESIAN_POINT ( 'NONE',  ( 10.88439713192283698, 12.11303391499871829, 7.903942245335588979 ) ) ;
#459 = EDGE_LOOP ( 'NONE', ( #631, #1100, #2587, #8842 ) ) ;
#460 = VERTEX_POINT ( 'NONE', #6662 ) ;
#461 = EDGE_CURVE ( 'NONE', #1177, #3863, #8897, .T. ) ;
#462 = EDGE_CURVE ( 'NONE', #5399, #4650, #780, .T. ) ;
#463 = LINE ( 'NONE', #3466, #2208 ) ;
#464 = CARTESIAN_POINT ( 'NONE',  ( 10.29613109689770134, 42.30803400285406468, 8.821813262009914780 ) ) ;
#465 = VERTEX_POINT ( 'NONE', #3091 ) ;
#466 = AXIS2_PLACEMENT_3D ( 'NONE', #334, #4764, #4665 ) ;
#467 = CARTESIAN_POINT ( 'NONE',  ( 8.824349535897743735, 42.68113149106588367, 9.915742234489588469 ) ) ;
#468 = CARTESIAN_POINT ( 'NONE',  ( 10.54087003517110332, 31.86803391499871196, 7.899826403553491083 ) ) ;
#469 = B_SPLINE_CURVE_WITH_KNOTS ( 'NONE', 3,
 ( #3342, #9268, #9356, #9218, #2511, #5539, #1821, #7055, #383, #5494 ),
 .UNSPECIFIED., .F., .F.,
 ( 4, 2, 2, 2, 4 ),
 ( 0.000000000000000000, 0.0005418876468077264219, 0.001083775293615452844, 0.001625662940423181543, 0.002167550587230910458 ),
 .UNSPECIFIED. ) ;
#470 = ORIENTED_EDGE ( 'NONE', *, *, #4594, .T. ) ;
#471 = VECTOR ( 'NONE', #4464, 1000.000000000000114 ) ;
#472 = ORIENTED_EDGE ( 'NONE', *, *, #8168, .T. ) ;
#473 = EDGE_CURVE ( 'NONE', #384, #3464, #826, .T. ) ;
#474 = PLANE ( 'NONE',  #4307 ) ;
#475 = VECTOR ( 'NONE', #7082, 1000.000000000000000 ) ;
#476 = CARTESIAN_POINT ( 'NONE',  ( 9.586357836860866399, 7.197618960442568437, -4.449999999999997513 ) ) ;
#477 = AXIS2_PLACEMENT_3D ( 'NONE', #3049, #3096, #6858 ) ;
#478 = CARTESIAN_POINT ( 'NONE',  ( 6.732383714771920324, 38.87013561801430939, 11.06753282111498216 ) ) ;
#479 = CARTESIAN_POINT ( 'NONE',  ( 11.37065899889924836, 6.698033914998700489, 7.859874026422059679 ) ) ;
#480 = CARTESIAN_POINT ( 'NONE',  ( 11.23478144803971013, 7.476558133095990044, 7.144304866397922282 ) ) ;
#481 = CARTESIAN_POINT ( 'NONE',  ( 9.961995546616078556, 30.57438877728820970, 9.242174660143236409 ) ) ;
#482 = CARTESIAN_POINT ( 'NONE',  ( 10.86123862479622737, 7.053787283273691422, 7.950428992695667496 ) ) ;
#483 = CYLINDRICAL_SURFACE ( 'NONE', #1234, 9.199999999999992184 ) ;
#484 = ORIENTED_EDGE ( 'NONE', *, *, #2769, .T. ) ;
#485 = EDGE_LOOP ( 'NONE', ( #5639, #7833, #3073, #279 ) ) ;
#486 = EDGE_CURVE ( 'NONE', #5898, #5239, #2266, .T. ) ;
#487 = EDGE_LOOP ( 'NONE', ( #6148, #6759, #7238, #6207 ) ) ;
#488 = B_SPLINE_CURVE_WITH_KNOTS ( 'NONE', 3,
 ( #2891, #3723, #4471, #1366, #5237, #7481, #3529, #5780 ),
 .UNSPECIFIED., .F., .F.,
 ( 4, 2, 2, 4 ),
 ( 0.000000000000000000, 0.0005386195098234331999, 0.001077239019646866400, 0.002154478039293732366 ),
 .UNSPECIFIED. ) ;
#489 = CARTESIAN_POINT ( 'NONE',  ( 10.56650471977562056, 44.49336632649918499, -7.975332859467917146 ) ) ;
#490 = CARTESIAN_POINT ( 'NONE',  ( 5.366463061006495394, 3.262898548545359212, -11.45000000000000107 ) ) ;
#491 = CARTESIAN_POINT ( 'NONE',  ( 9.144965213275447979, 6.158559807146855469, 10.04230639166046224 ) ) ;
#492 = FACE_OUTER_BOUND ( 'NONE', #6100, .T. ) ;
#493 = DIRECTION ( 'NONE',  ( 0.005235963831419591756, -0.9999862922474268556, 0.000000000000000000 ) ) ;
#494 = AXIS2_PLACEMENT_3D ( 'NONE', #6661, #6808, #7339 ) ;
#495 = EDGE_CURVE ( 'NONE', #2539, #5784, #3825, .T. ) ;
#496 = EDGE_LOOP ( 'NONE', ( #8742, #1943, #4814, #4956 ) ) ;
#497 = ADVANCED_FACE ( 'NONE', ( #143 ), #3140, .T. ) ;
#498 = ORIENTED_EDGE ( 'NONE', *, *, #4444, .F. ) ;
#499 = DIRECTION ( 'NONE',  ( 3.898255002195072399E-16, -0.000000000000000000, 1.000000000000000000 ) ) ;
#500 = B_SPLINE_SURFACE_WITH_KNOTS ( 'NONE', 3, 1, ( 
 ( #842, #1536 ),
 ( #938, #6823 ),
 ( #3106, #9229 ),
 ( #205, #2472 ) ),
 .UNSPECIFIED., .F., .F., .F.,
 ( 4, 4 ),
 ( 2, 2 ),
 ( 0.000000000000000000, 1.000000000000000000 ),
 ( 0.000000000000000000, 1.000000000000000000 ),
 .UNSPECIFIED. ) ;
#501 = VERTEX_POINT ( 'NONE', #6067 ) ;
#502 = CARTESIAN_POINT ( 'NONE',  ( -9.586357836860891268, 7.197618960442568437, 0.000000000000000000 ) ) ;
#503 = FACE_OUTER_BOUND ( 'NONE', #8464, .T. ) ;
#504 = DIRECTION ( 'NONE',  ( 0.7071067811865440200, 0.000000000000000000, 0.7071067811865511255 ) ) ;
#505 = CARTESIAN_POINT ( 'NONE',  ( 10.85061317599433117, 10.74803391499870564, 8.061077120327443168 ) ) ;
#506 = EDGE_CURVE ( 'NONE', #2743, #3990, #4210, .T. ) ;
#507 = CARTESIAN_POINT ( 'NONE',  ( -6.151616374837466594, 0.9342479872601170410, 10.97561693246301395 ) ) ;
#508 = DIRECTION ( 'NONE',  ( 0.000000000000000000, 0.000000000000000000, 1.000000000000000000 ) ) ;
#509 = VERTEX_POINT ( 'NONE', #6809 ) ;
#510 = ORIENTED_EDGE ( 'NONE', *, *, #1256, .T. ) ;
#511 = DIRECTION ( 'NONE',  ( 1.607383761961275067E-15, -1.000000000000000000, -1.607383761961275067E-15 ) ) ;
#512 = CARTESIAN_POINT ( 'NONE',  ( 8.041644408638777719, 28.02803391499868724, 10.19478475346594593 ) ) ;
#513 = ORIENTED_EDGE ( 'NONE', *, *, #4730, .T. ) ;
#514 = DIRECTION ( 'NONE',  ( -0.000000000000000000, 1.000000000000000000, -0.000000000000000000 ) ) ;
#515 = DIRECTION ( 'NONE',  ( 0.000000000000000000, 0.000000000000000000, 1.000000000000000000 ) ) ;
#516 = EDGE_CURVE ( 'NONE', #307, #931, #5975, .T. ) ;
#517 = EDGE_CURVE ( 'NONE', #9594, #4989, #1010, .T. ) ;
#518 = CARTESIAN_POINT ( 'NONE',  ( 1.499999999999999556, 37.39999999999999858, -8.823406371691149275 ) ) ;
#519 = CARTESIAN_POINT ( 'NONE',  ( 10.50220114168391383, 10.68803391499870870, 7.967223527244184922 ) ) ;
#520 = ORIENTED_EDGE ( 'NONE', *, *, #517, .T. ) ;
#521 = EDGE_LOOP ( 'NONE', ( #4867, #373, #1539, #5687 ) ) ;
#522 = AXIS2_PLACEMENT_3D ( 'NONE', #1335, #3500, #6471 ) ;
#523 = CARTESIAN_POINT ( 'NONE',  ( 10.25257847280432166, 35.88803391499870798, 7.823666875542700794 ) ) ;
#524 = CARTESIAN_POINT ( 'NONE',  ( 9.632639618515218771, 25.70303400285404294, 9.155342345100558887 ) ) ;
#525 = DIRECTION ( 'NONE',  ( -1.000000000000000000, 0.000000000000000000, 0.000000000000000000 ) ) ;
#526 = DIRECTION ( 'NONE',  ( -0.9848077530122074652, -0.1736481776669347166, 1.919515874690163818E-16 ) ) ;
#527 = CARTESIAN_POINT ( 'NONE',  ( 7.985692833046313055, 17.03303391499869690, 10.88129529811929430 ) ) ;
#528 = ADVANCED_FACE ( 'NONE', ( #3045 ), #7491, .T. ) ;
#529 = EDGE_CURVE ( 'NONE', #2001, #2726, #1731, .T. ) ;
#530 = DIRECTION ( 'NONE',  ( 0.9998476951563912696, 0.01745240643728355329, -1.238899477992210670E-16 ) ) ;
#531 = CARTESIAN_POINT ( 'NONE',  ( 7.590273435898545529, 15.66596526427006530, 11.04018641351082941 ) ) ;
#532 = ORIENTED_EDGE ( 'NONE', *, *, #6650, .T. ) ;
#533 = PRODUCT_DEFINITION ( 'NON CONOSCIUTO', '', #6877, #7908 ) ;
#534 = ORIENTED_EDGE ( 'NONE', *, *, #717, .F. ) ;
#535 = ORIENTED_EDGE ( 'NONE', *, *, #1308, .F. ) ;
#536 = B_SPLINE_CURVE_WITH_KNOTS ( 'NONE', 3,
 ( #973, #1070, #8415, #6950, #1720, #2504, #2727, #1995 ),
 .UNSPECIFIED., .F., .F.,
 ( 4, 2, 2, 4 ),
 ( 0.000000000000000000, 0.0008131704309735618462, 0.001219755646460341956, 0.001626340861947122175 ),
 .UNSPECIFIED. ) ;
#537 = CARTESIAN_POINT ( 'NONE',  ( 10.98366409091226181, 35.13073997632468348, 7.706951407090240735 ) ) ;
#538 = CARTESIAN_POINT ( 'NONE',  ( 11.02771138573754151, 3.963426981883494626, -6.203710828201685956 ) ) ;
#539 = CARTESIAN_POINT ( 'NONE',  ( 4.449999999999999289, 43.46108315147498757, 11.15000000000000213 ) ) ;
#540 = LINE ( 'NONE', #4327, #2116 ) ;
#541 = CARTESIAN_POINT ( 'NONE',  ( 10.82815157578159493, 11.67048463691229898, 7.338672726390873535 ) ) ;
#542 = EDGE_CURVE ( 'NONE', #1096, #8546, #2362, .T. ) ;
#543 = PLANE ( 'NONE',  #646 ) ;
#544 = VERTEX_POINT ( 'NONE', #190 ) ;
#545 = CARTESIAN_POINT ( 'NONE',  ( 5.183997599491211972, 39.16355273516047220, -7.348851576606017844 ) ) ;
#546 = CARTESIAN_POINT ( 'NONE',  ( -13.22760568967423822, 20.57303400285404749, -9.674394310325775237 ) ) ;
#547 = CARTESIAN_POINT ( 'NONE',  ( -3.382249081800524859, 39.99999999999999289, 5.567750918199486421 ) ) ;
#548 = CARTESIAN_POINT ( 'NONE',  ( 6.696334089848154925, 13.80803391499869903, 11.07686079541284840 ) ) ;
#549 = CARTESIAN_POINT ( 'NONE',  ( -9.653180910776233858, 17.93303391499871680, -13.24881908922377960 ) ) ;
#550 = LINE ( 'NONE', #7405, #7177 ) ;
#551 = ADVANCED_FACE ( 'NONE', ( #924 ), #2218, .T. ) ;
#552 =( BOUNDED_CURVE ( )  B_SPLINE_CURVE ( 3, ( #9141, #216, #3314, #1886 ),
 .UNSPECIFIED., .F., .T. ) 
 B_SPLINE_CURVE_WITH_KNOTS ( ( 4, 4 ),
 ( 4.879626044906771654, 4.880684413535594679 ),
 .UNSPECIFIED. ) 
 CURVE ( )  GEOMETRIC_REPRESENTATION_ITEM ( )  RATIONAL_B_SPLINE_CURVE ( ( 1.000000000000000000, 0.9999999066546558790, 0.9999999066546558790, 1.000000000000000000 ) ) 
 REPRESENTATION_ITEM ( '' )  );
#553 = CARTESIAN_POINT ( 'NONE',  ( 10.72333395538075251, 10.68803391499870870, 8.188356340941023603 ) ) ;
#554 = CARTESIAN_POINT ( 'NONE',  ( -6.282235193576997112, 1.229690313163823046, 11.26780873540987571 ) ) ;
#555 = ORIENTED_EDGE ( 'NONE', *, *, #2896, .F. ) ;
#556 = CIRCLE ( 'NONE', #7170, 0.3000000000000027645 ) ;
#557 = B_SPLINE_CURVE_WITH_KNOTS ( 'NONE', 3,
 ( #9550, #5044, #8656, #8705, #2783, #8760, #1216, #4213 ),
 .UNSPECIFIED., .F., .F.,
 ( 4, 2, 2, 4 ),
 ( 0.000000000000000000, 0.0004966625485068192113, 0.0009933250970136384226, 0.001986650194027277713 ),
 .UNSPECIFIED. ) ;
#558 = ORIENTED_EDGE ( 'NONE', *, *, #8507, .T. ) ;
#559 = DIRECTION ( 'NONE',  ( -0.000000000000000000, -1.000000000000000000, -0.000000000000000000 ) ) ;
#560 = DIRECTION ( 'NONE',  ( -0.000000000000000000, 1.000000000000000000, -0.000000000000000000 ) ) ;
#561 = ORIENTED_EDGE ( 'NONE', *, *, #285, .T. ) ;
#562 = CARTESIAN_POINT ( 'NONE',  ( 7.045585524277517386, 10.15794263758492200, 10.95152917232607592 ) ) ;
#563 = DIRECTION ( 'NONE',  ( -0.000000000000000000, 1.000000000000000000, -0.000000000000000000 ) ) ;
#564 = CARTESIAN_POINT ( 'NONE',  ( 7.859083558773571454, 6.143033914998687450, 10.56376719292613231 ) ) ;
#565 = ORIENTED_EDGE ( 'NONE', *, *, #8459, .F. ) ;
#566 = EDGE_LOOP ( 'NONE', ( #4308, #1729, #1203, #340 ) ) ;
#567 = EDGE_CURVE ( 'NONE', #4320, #1055, #3234, .T. ) ;
#568 = CARTESIAN_POINT ( 'NONE',  ( 10.54999999999999893, 5.500000000000000000, 4.450000000000001066 ) ) ;
#569 = ORIENTED_EDGE ( 'NONE', *, *, #3120, .F. ) ;
#570 = CARTESIAN_POINT ( 'NONE',  ( -1.530916215104751066, 39.17118877711948954, -8.905983949639152186 ) ) ;
#571 = CARTESIAN_POINT ( 'NONE',  ( 6.792555944945208424, 38.43598069045739862, 11.04647236822772527 ) ) ;
#572 = CARTESIAN_POINT ( 'NONE',  ( 0.000000000000000000, 37.39999999999999858, 0.000000000000000000 ) ) ;
#573 = CARTESIAN_POINT ( 'NONE',  ( 1.545383168813365904, 39.99999999999998579, -8.815570932250970770 ) ) ;
#574 = DIRECTION ( 'NONE',  ( -0.000000000000000000, 1.000000000000000000, -0.000000000000000000 ) ) ;
#575 = CARTESIAN_POINT ( 'NONE',  ( 7.792106233641048263, 35.05173999525221973, 10.94042345217629908 ) ) ;
#576 = CARTESIAN_POINT ( 'NONE',  ( 0.000000000000000000, 37.39999999999999858, 0.000000000000000000 ) ) ;
#577 = ORIENTED_EDGE ( 'NONE', *, *, #4059, .T. ) ;
#578 = B_SPLINE_SURFACE_WITH_KNOTS ( 'NONE', 3, 1, ( 
 ( #1314, #5915 ),
 ( #6603, #7277 ),
 ( #5186, #2888 ),
 ( #1217, #479 ) ),
 .UNSPECIFIED., .F., .F., .F.,
 ( 4, 4 ),
 ( 2, 2 ),
 ( 0.000000000000000000, 1.000000000000000000 ),
 ( 0.000000000000000000, 1.000000000000000000 ),
 .UNSPECIFIED. ) ;
#579 = VECTOR ( 'NONE', #3932, 999.9999999999998863 ) ;
#580 = ORIENTED_EDGE ( 'NONE', *, *, #4646, .T. ) ;
#581 = ORIENTED_EDGE ( 'NONE', *, *, #787, .F. ) ;
#582 = EDGE_CURVE ( 'NONE', #7600, #1591, #5698, .T. ) ;
#583 = ADVANCED_FACE ( 'NONE', ( #2050 ), #3116, .F. ) ;
#584 = CARTESIAN_POINT ( 'NONE',  ( 10.04766789441854513, 44.40580217835958621, -8.751827042193118800 ) ) ;
#585 = CARTESIAN_POINT ( 'NONE',  ( 10.47515424653261285, 16.49303391499870486, 8.576572735160812755 ) ) ;
#586 = CARTESIAN_POINT ( 'NONE',  ( 9.415631768749515018, 38.71303394428382205, 9.383812028967621899 ) ) ;
#587 = LINE ( 'NONE', #3733, #3987 ) ;
#588 = CARTESIAN_POINT ( 'NONE',  ( 7.095884141238655296, 34.62601145345894338, 11.25375830911066544 ) ) ;
#589 = LINE ( 'NONE', #4379, #3465 ) ;
#590 = DIRECTION ( 'NONE',  ( -0.000000000000000000, 1.000000000000000000, -0.000000000000000000 ) ) ;
#591 = ORIENTED_EDGE ( 'NONE', *, *, #8516, .F. ) ;
#592 = AXIS2_PLACEMENT_3D ( 'NONE', #3721, #8955, #2303 ) ;
#593 = ORIENTED_EDGE ( 'NONE', *, *, #5996, .T. ) ;
#594 = EDGE_CURVE ( 'NONE', #5982, #7595, #7239, .T. ) ;
#595 = CARTESIAN_POINT ( 'NONE',  ( 7.385261650507558784, 39.91668805191901015, 5.201816385339110838 ) ) ;
#596 = CARTESIAN_POINT ( 'NONE',  ( 11.14821343518536700, 41.35562945435579252, 7.359894434388737139 ) ) ;
#597 = DIRECTION ( 'NONE',  ( 0.7071067811865486830, -0.000000000000000000, -0.7071067811865464625 ) ) ;
#598 = CARTESIAN_POINT ( 'NONE',  ( 6.728153895001542040, 12.89303391499868567, 11.04504099025946040 ) ) ;
#599 = AXIS2_PLACEMENT_3D ( 'NONE', #333, #6995, #2774 ) ;
#600 = CARTESIAN_POINT ( 'NONE',  ( 0.000000000000000000, 37.39999999999999858, 0.000000000000000000 ) ) ;
#601 = CARTESIAN_POINT ( 'NONE',  ( 8.073752438377274743, 35.78303391499868980, 10.43902481756044054 ) ) ;
#602 = CARTESIAN_POINT ( 'NONE',  ( 10.98849899832570820, 10.82303391499871914, 7.923191297996067028 ) ) ;
#603 = CARTESIAN_POINT ( 'NONE',  ( 11.23142065359223984, 17.13064969283189853, 7.153076496461786782 ) ) ;
#604 = CARTESIAN_POINT ( 'NONE',  ( 6.933893945111975654, 14.24303391499869065, 11.31442065067666114 ) ) ;
#605 = EDGE_LOOP ( 'NONE', ( #4491, #3700, #2114, #7517, #2405, #7560, #5833 ) ) ;
#606 = AXIS2_PLACEMENT_3D ( 'NONE', #576, #9557, #5830 ) ;
#607 = CIRCLE ( 'NONE', #5303, 8.249999999999998224 ) ;
#608 = VERTEX_POINT ( 'NONE', #3336 ) ;
#609 = ADVANCED_FACE ( 'NONE', ( #6307 ), #8515, .T. ) ;
#610 = CARTESIAN_POINT ( 'NONE',  ( -5.323656006882942826, 1.080239739087007766, -11.45689840983673946 ) ) ;
#611 = CARTESIAN_POINT ( 'NONE',  ( 10.92236536666450775, 36.19022845616557760, 7.826382817977383333 ) ) ;
#612 = ORIENTED_EDGE ( 'NONE', *, *, #8181, .F. ) ;
#613 =( BOUNDED_CURVE ( )  B_SPLINE_CURVE ( 3, ( #323, #1899, #7863, #9198 ),
 .UNSPECIFIED., .F., .T. ) 
 B_SPLINE_CURVE_WITH_KNOTS ( ( 4, 4 ),
 ( 4.354865436748657004, 4.359705950757648552 ),
 .UNSPECIFIED. ) 
 CURVE ( )  GEOMETRIC_REPRESENTATION_ITEM ( )  RATIONAL_B_SPLINE_CURVE ( ( 1.000000000000000000, 0.9999980474529639451, 0.9999980474529639451, 1.000000000000000000 ) ) 
 REPRESENTATION_ITEM ( '' )  );
#614 = FACE_OUTER_BOUND ( 'NONE', #2610, .T. ) ;
#615 = CARTESIAN_POINT ( 'NONE',  ( 8.900681597182579452, 42.70418118309679301, 9.853814012387719146 ) ) ;
#616 = CARTESIAN_POINT ( 'NONE',  ( 1.530649667146575910, 39.15591825482287192, -8.818141051064223745 ) ) ;
#617 = CARTESIAN_POINT ( 'NONE',  ( 10.75020058971629844, 9.958909380361223640, 7.501559895043634185 ) ) ;
#618 = ORIENTED_EDGE ( 'NONE', *, *, #2283, .T. ) ;
#619 = VERTEX_POINT ( 'NONE', #1815 ) ;
#620 = DIRECTION ( 'NONE',  ( -0.9999862922474268556, -0.005235963831419591756, 2.728741096116025625E-15 ) ) ;
#621 = ORIENTED_EDGE ( 'NONE', *, *, #3461, .T. ) ;
#622 = CARTESIAN_POINT ( 'NONE',  ( 8.123297039036255995, 37.67803391499873555, 11.08253911441613049 ) ) ;
#623 = CARTESIAN_POINT ( 'NONE',  ( -10.04397855905344805, 6.649999999999999467, 0.000000000000000000 ) ) ;
#624 = DIRECTION ( 'NONE',  ( 1.607383761961276842E-15, -1.000000000000000000, -1.607383761961276842E-15 ) ) ;
#625 = CARTESIAN_POINT ( 'NONE',  ( -9.281949850653321121, 28.11803400285407051, -13.62005014934669056 ) ) ;
#626 = AXIS2_PLACEMENT_3D ( 'NONE', #7172, #559, #2822 ) ;
#627 = CARTESIAN_POINT ( 'NONE',  ( -1.537819594291704117, 39.56668310586260162, -9.070563457125848217 ) ) ;
#628 = ADVANCED_FACE ( 'NONE', ( #7218 ), #6260, .T. ) ;
#629 = CARTESIAN_POINT ( 'NONE',  ( 10.56892766003543116, 37.61303391499870941, 7.843031214675468377 ) ) ;
#630 = CARTESIAN_POINT ( 'NONE',  ( -9.653180910776233858, 17.93303391499871680, -13.24881908922377960 ) ) ;
#631 = ORIENTED_EDGE ( 'NONE', *, *, #3605, .T. ) ;
#632 = ORIENTED_EDGE ( 'NONE', *, *, #4143, .T. ) ;
#633 = CIRCLE ( 'NONE', #2997, 8.249999999999998224 ) ;
#634 = ORIENTED_EDGE ( 'NONE', *, *, #9462, .F. ) ;
#635 = VECTOR ( 'NONE', #8275, 1000.000000000000114 ) ;
#636 = CARTESIAN_POINT ( 'NONE',  ( 10.69270565628591108, 17.17818173108437207, 8.234523250182004261 ) ) ;
#637 = FACE_OUTER_BOUND ( 'NONE', #1407, .T. ) ;
#638 = LINE ( 'NONE', #2899, #4708 ) ;
#639 = CARTESIAN_POINT ( 'NONE',  ( 7.122185820448975413, 32.80154062202821308, 11.24354722287670860 ) ) ;
#640 = CARTESIAN_POINT ( 'NONE',  ( 10.27002970843569862, 11.78303391499870045, 8.922991486389371119 ) ) ;
#641 = DIRECTION ( 'NONE',  ( 0.000000000000000000, 0.000000000000000000, 1.000000000000000000 ) ) ;
#642 = EDGE_CURVE ( 'NONE', #4273, #4458, #1131, .T. ) ;
#644 = B_SPLINE_CURVE_WITH_KNOTS ( 'NONE', 3,
 ( #2551, #9351, #1773, #2640 ),
 .UNSPECIFIED., .F., .F.,
 ( 4, 4 ),
 ( 0.001946477426064011822, 0.002203787294076945541 ),
 .UNSPECIFIED. ) ;
#643 = DIRECTION ( 'NONE',  ( 0.000000000000000000, -0.9999862922474268556, -0.005235963831419591756 ) ) ;
#645 = EDGE_CURVE ( 'NONE', #2013, #3656, #536, .T. ) ;
#646 = AXIS2_PLACEMENT_3D ( 'NONE', #3541, #6516, #641 ) ;
#647 = ORIENTED_EDGE ( 'NONE', *, *, #341, .T. ) ;
#648 = DIRECTION ( 'NONE',  ( 0.000000000000000000, -1.000000000000000000, 0.000000000000000000 ) ) ;
#649 = FACE_OUTER_BOUND ( 'NONE', #7836, .T. ) ;
#650 = CARTESIAN_POINT ( 'NONE',  ( -8.987145095002343709, 39.18530060916248203, -1.531162538049411825 ) ) ;
#651 = CARTESIAN_POINT ( 'NONE',  ( 7.249132938130997239, 39.40303391499872987, 10.86598432001437153 ) ) ;
#652 = CARTESIAN_POINT ( 'NONE',  ( -7.501259593081723409, 39.56668310586263004, -5.326454266351460021 ) ) ;
#653 = CARTESIAN_POINT ( 'NONE',  ( 7.299458492817514355, 16.98803391499869520, 11.29814753654151005 ) ) ;
#654 = CARTESIAN_POINT ( 'NONE',  ( 4.502094453300079735, 2.812784650926727359, -11.15000000000000036 ) ) ;
#655 = EDGE_CURVE ( 'NONE', #1993, #6864, #9213, .T. ) ;
#656 = CARTESIAN_POINT ( 'NONE',  ( 9.287125492660036841, 25.55803394428421171, 9.509863334938888357 ) ) ;
#657 =( BOUNDED_CURVE ( )  B_SPLINE_CURVE ( 3, ( #2043, #1393, #6528, #7998 ),
 .UNSPECIFIED., .F., .T. ) 
 B_SPLINE_CURVE_WITH_KNOTS ( ( 4, 4 ),
 ( 1.402500893643991775, 1.403559262272814800 ),
 .UNSPECIFIED. ) 
 CURVE ( )  GEOMETRIC_REPRESENTATION_ITEM ( )  RATIONAL_B_SPLINE_CURVE ( ( 1.000000000000000000, 0.9999999066546558790, 0.9999999066546558790, 1.000000000000000000 ) ) 
 REPRESENTATION_ITEM ( '' )  );
#658 = CARTESIAN_POINT ( 'NONE',  ( 8.033991320463155006, 31.83803391499869662, 10.46290330995309503 ) ) ;
#659 = ORIENTED_EDGE ( 'NONE', *, *, #1531, .F. ) ;
#660 = ORIENTED_EDGE ( 'NONE', *, *, #3616, .T. ) ;
#661 = CARTESIAN_POINT ( 'NONE',  ( 9.483271637890874572, 5.483033914998697966, 9.740228814115839739 ) ) ;
#662 = CARTESIAN_POINT ( 'NONE',  ( 10.43359057941301238, 42.63871750018792284, 8.633330130641521549 ) ) ;
#663 = ORIENTED_EDGE ( 'NONE', *, *, #1782, .F. ) ;
#664 = CARTESIAN_POINT ( 'NONE',  ( 10.84152036183725265, 14.61708244776183108, 7.304999346483170619 ) ) ;
#665 = CARTESIAN_POINT ( 'NONE',  ( 8.922757686555760515, 42.74303391499869775, 9.739466214940428301 ) ) ;
#666 = EDGE_CURVE ( 'NONE', #1518, #6840, #4530, .T. ) ;
#667 = DIRECTION ( 'NONE',  ( 0.7071067811865474617, 0.000000000000000000, 0.7071067811865474617 ) ) ;
#668 = CARTESIAN_POINT ( 'NONE',  ( 10.88518787153700274, 13.70303391499870571, 7.204697271575077444 ) ) ;
#669 = ORIENTED_EDGE ( 'NONE', *, *, #4371, .F. ) ;
#670 = ORIENTED_EDGE ( 'NONE', *, *, #3823, .T. ) ;
#671 = CARTESIAN_POINT ( 'NONE',  ( -7.311731656227547838, 38.57078715550570536, -5.161510209807494753 ) ) ;
#672 = ORIENTED_EDGE ( 'NONE', *, *, #8426, .T. ) ;
#673 = CARTESIAN_POINT ( 'NONE',  ( 4.450000000000005507, 2.803598993264666994, 10.56411845167851560 ) ) ;
#674 = PLANE ( 'NONE',  #7980 ) ;
#675 = LINE ( 'NONE', #3571, #54 ) ;
#676 = CARTESIAN_POINT ( 'NONE',  ( -4.450000000000005507, 1.234288864959286469, -10.57233541538670529 ) ) ;
#677 = EDGE_CURVE ( 'NONE', #4650, #7701, #8943, .T. ) ;
#678 = LINE ( 'NONE', #9647, #3157 ) ;
#679 = CARTESIAN_POINT ( 'NONE',  ( -11.56236921997992617, 23.43803400285404237, -11.33963078002008729 ) ) ;
#680 = CARTESIAN_POINT ( 'NONE',  ( 7.454126327042780886, 14.67511627827066256, 11.10323545293015357 ) ) ;
#681 = VERTEX_POINT ( 'NONE', #2920 ) ;
#682 = ORIENTED_EDGE ( 'NONE', *, *, #5226, .T. ) ;
#683 = CARTESIAN_POINT ( 'NONE',  ( 7.011412985224140471, 29.42303400285404535, 11.28587328138293877 ) ) ;
#684 = CARTESIAN_POINT ( 'NONE',  ( -11.56236941609394897, 26.61803391499869420, -11.33963058390606449 ) ) ;
#685 = CARTESIAN_POINT ( 'NONE',  ( 10.73160402017308357, 6.803033914998705356, 8.175413202297747262 ) ) ;
#686 = PLANE ( 'NONE',  #934 ) ;
#687 = CARTESIAN_POINT ( 'NONE',  ( 7.938145103189757634, 31.36124895350639363, 10.86564705055078761 ) ) ;
#688 = CARTESIAN_POINT ( 'NONE',  ( 10.11682561851050544, 17.22914571628663438, 8.560165738876392538 ) ) ;
#689 = DIRECTION ( 'NONE',  ( 0.7071067811865536790, 0.000000000000000000, -0.7071067811865414665 ) ) ;
#690 = CARTESIAN_POINT ( 'NONE',  ( -5.329100300745797547, 39.38334975541580008, -7.499380008969097844 ) ) ;
#691 = EDGE_LOOP ( 'NONE', ( #6504, #8646, #5358, #9374, #1356, #4445, #4252, #5050 ) ) ;
#692 = CARTESIAN_POINT ( 'NONE',  ( 7.519905387961429710, 17.25803391499868766, 11.07311715953791165 ) ) ;
#693 = EDGE_CURVE ( 'NONE', #4271, #7509, #7476, .T. ) ;
#694 = DIRECTION ( 'NONE',  ( 0.000000000000000000, 0.000000000000000000, 1.000000000000000000 ) ) ;
#695 = VECTOR ( 'NONE', #5884, 1000.000000000000114 ) ;
#696 = CARTESIAN_POINT ( 'NONE',  ( 8.521383184176720249, 42.54803391499870457, 10.14419344311405524 ) ) ;
#697 = LINE ( 'NONE', #2815, #760 ) ;
#698 = CARTESIAN_POINT ( 'NONE',  ( 10.40258233855301384, 36.23303391499870685, 7.358487841659099082 ) ) ;
#699 = ORIENTED_EDGE ( 'NONE', *, *, #9631, .T. ) ;
#700 = CARTESIAN_POINT ( 'NONE',  ( 4.449999999999998401, 3.108226976830406940, -11.44999999999999929 ) ) ;
#701 = DIRECTION ( 'NONE',  ( -0.7071067811865486830, 0.000000000000000000, 0.7071067811865464625 ) ) ;
#702 = EDGE_LOOP ( 'NONE', ( #1140, #1766, #5334, #5854 ) ) ;
#703 = ORIENTED_EDGE ( 'NONE', *, *, #7627, .T. ) ;
#704 = CARTESIAN_POINT ( 'NONE',  ( 8.774232695694381690, 36.15728041058650177, 10.33431280269781816 ) ) ;
#705 = EDGE_CURVE ( 'NONE', #3889, #6492, #8249, .T. ) ;
#706 = CARTESIAN_POINT ( 'NONE',  ( 11.20622198734570674, 10.07487888163141498, 7.215488509887607371 ) ) ;
#707 = ORIENTED_EDGE ( 'NONE', *, *, #5072, .T. ) ;
#708 = ADVANCED_FACE ( 'NONE', ( #8101 ), #4054, .T. ) ;
#709 = CARTESIAN_POINT ( 'NONE',  ( 10.88518787153699208, 13.88806773004474593, 7.204697271575074780 ) ) ;
#710 = CARTESIAN_POINT ( 'NONE',  ( 9.863305432307654996, 6.083033914998695835, 9.358948086262355304 ) ) ;
#711 = CARTESIAN_POINT ( 'NONE',  ( -8.950000000000009948, 39.99999999999999289, 1.545383168813271979 ) ) ;
#712 = FACE_OUTER_BOUND ( 'NONE', #5463, .T. ) ;
#713 = ORIENTED_EDGE ( 'NONE', *, *, #5347, .F. ) ;
#714 = ORIENTED_EDGE ( 'NONE', *, *, #9409, .F. ) ;
#715 = CARTESIAN_POINT ( 'NONE',  ( 10.82967036930812732, 10.72432513103953511, 7.331088939917439262 ) ) ;
#716 = VERTEX_POINT ( 'NONE', #7513 ) ;
#717 = EDGE_CURVE ( 'NONE', #4772, #6458, #1388, .T. ) ;
#718 = CARTESIAN_POINT ( 'NONE',  ( 11.02087227832682892, 17.34803391499870173, 6.852477999346210602 ) ) ;
#719 = CARTESIAN_POINT ( 'NONE',  ( 7.259557913224442771, 15.07602178881028365, 10.86145116237535824 ) ) ;
#720 = CARTESIAN_POINT ( 'NONE',  ( 6.727252487120654045, 8.708033914998678071, 11.06535278581416293 ) ) ;
#721 = CARTESIAN_POINT ( 'NONE',  ( 8.823406371691145722, 37.39999999999999858, 1.500000000000030864 ) ) ;
#722 = CARTESIAN_POINT ( 'NONE',  ( -13.10032666517469657, 28.38803391499868667, -9.801673334825315109 ) ) ;
#723 = CARTESIAN_POINT ( 'NONE',  ( 10.42973313808376368, 11.78303391499870045, 8.637217643889915308 ) ) ;
#724 = LINE ( 'NONE', #137, #1395 ) ;
#725 = ORIENTED_EDGE ( 'NONE', *, *, #3822, .T. ) ;
#726 = ORIENTED_EDGE ( 'NONE', *, *, #4804, .F. ) ;
#727 = EDGE_CURVE ( 'NONE', #1918, #6198, #3627, .T. ) ;
#728 = CARTESIAN_POINT ( 'NONE',  ( 10.39460456660778931, 11.19803391499871204, 8.686941886156326120 ) ) ;
#729 = CARTESIAN_POINT ( 'NONE',  ( 11.09315374258439491, 8.738033914998714735, 7.476302752929233186 ) ) ;
#730 =( NAMED_UNIT ( * ) PLANE_ANGLE_UNIT ( ) SI_UNIT ( $, .RADIAN. ) );
#731 = DIRECTION ( 'NONE',  ( 0.7071067811865474617, 0.000000000000000000, 0.7071067811865474617 ) ) ;
#732 = CARTESIAN_POINT ( 'NONE',  ( 9.563013381435020221, 17.26692534679049729, 9.241575192548399542 ) ) ;
#733 = CARTESIAN_POINT ( 'NONE',  ( -4.450000000000001066, 5.500000000000000000, -10.04999999999999893 ) ) ;
#734 = AXIS2_PLACEMENT_3D ( 'NONE', #5449, #8429, #5499 ) ;
#735 = DIRECTION ( 'NONE',  ( 0.000000000000000000, 0.000000000000000000, 1.000000000000000000 ) ) ;
#736 = EDGE_CURVE ( 'NONE', #7999, #3310, #1548, .T. ) ;
#737 = ORIENTED_EDGE ( 'NONE', *, *, #5135, .T. ) ;
#738 = FACE_BOUND ( 'NONE', #9182, .T. ) ;
#739 = CARTESIAN_POINT ( 'NONE',  ( 7.915651612510999691, 37.67803391499873555, 10.87489368789087330 ) ) ;
#740 = B_SPLINE_CURVE_WITH_KNOTS ( 'NONE', 3,
 ( #325, #7865, #1160, #9201, #9298, #5425, #8405, #7664 ),
 .UNSPECIFIED., .F., .F.,
 ( 4, 2, 2, 4 ),
 ( 0.000000000000000000, 0.0004725852078186971767, 0.0007088778117280457921, 0.0009451704156373943533 ),
 .UNSPECIFIED. ) ;
#741 = CARTESIAN_POINT ( 'NONE',  ( 10.67106572466839864, 37.32744376078522919, 8.272079398017968543 ) ) ;
#742 = CARTESIAN_POINT ( 'NONE',  ( 7.735471587729107590, 41.93303391499870258, 10.63107405280222295 ) ) ;
#743 = CARTESIAN_POINT ( 'NONE',  ( -0.2999999999999999334, 25.10000000000000497, -9.947373702128265549 ) ) ;
#744 = CARTESIAN_POINT ( 'NONE',  ( 10.76195904686464111, 17.32556594274621631, 7.478619248981357437 ) ) ;
#745 = LINE ( 'NONE', #9181, #951 ) ;
#746 = ORIENTED_EDGE ( 'NONE', *, *, #7070, .F. ) ;
#747 = ADVANCED_FACE ( 'NONE', ( #614 ), #1996, .T. ) ;
#748 = ORIENTED_EDGE ( 'NONE', *, *, #5096, .T. ) ;
#749 = ORIENTED_EDGE ( 'NONE', *, *, #8875, .F. ) ;
#750 = CARTESIAN_POINT ( 'NONE',  ( 8.100135664346913345, 10.76303391499868134, 10.42298163665876665 ) ) ;
#751 = CONICAL_SURFACE ( 'NONE', #7310, 6.099999999999999645, 0.005235987755983000265 ) ;
#752 = VECTOR ( 'NONE', #2945, 1000.000000000000000 ) ;
#753 = CARTESIAN_POINT ( 'NONE',  ( 7.948806704435653181, 11.01803391499869100, 11.01411479699337725 ) ) ;
#754 = ORIENTED_EDGE ( 'NONE', *, *, #2446, .T. ) ;
#755 = DIRECTION ( 'NONE',  ( -0.000000000000000000, 1.000000000000000000, -0.000000000000000000 ) ) ;
#756 = CARTESIAN_POINT ( 'NONE',  ( 7.941472422933334663, 44.38135192560185516, 10.58791781669322596 ) ) ;
#757 = CARTESIAN_POINT ( 'NONE',  ( 10.57134838894317141, 37.61303391499870941, 7.845451943583207743 ) ) ;
#758 = VECTOR ( 'NONE', #339, 1000.000000000000000 ) ;
#759 = CARTESIAN_POINT ( 'NONE',  ( 4.449999999999999289, 45.00000000000000000, 4.450000000000001954 ) ) ;
#760 = VECTOR ( 'NONE', #5801, 1000.000000000000114 ) ;
#761 = ADVANCED_FACE ( 'NONE', ( #6740 ), #3430, .F. ) ;
#762 = ORIENTED_EDGE ( 'NONE', *, *, #6270, .F. ) ;
#763 = EDGE_CURVE ( 'NONE', #82, #4671, #6500, .T. ) ;
#764 = ORIENTED_EDGE ( 'NONE', *, *, #1219, .F. ) ;
#765 = CARTESIAN_POINT ( 'NONE',  ( 9.001137981205042493, 36.67227869705474319, 10.15982290730707049 ) ) ;
#766 = ORIENTED_EDGE ( 'NONE', *, *, #5743, .T. ) ;
#767 = VECTOR ( 'NONE', #6278, 1000.000000000000000 ) ;
#768 = AXIS2_PLACEMENT_3D ( 'NONE', #5248, #7292, #3690 ) ;
#769 = CARTESIAN_POINT ( 'NONE',  ( 4.449999999999999289, 3.108226976830389177, 11.15000000000000213 ) ) ;
#770 = CARTESIAN_POINT ( 'NONE',  ( 7.499999999999996447, 25.10000000000000497, 0.3000000000000784817 ) ) ;
#771 = CARTESIAN_POINT ( 'NONE',  ( 8.597808302614120990, 42.47481540281510348, 10.45957228373643666 ) ) ;
#772 = FACE_OUTER_BOUND ( 'NONE', #7415, .T. ) ;
#773 = CARTESIAN_POINT ( 'NONE',  ( -10.39564322713611588, 17.19803391499871026, -12.50635677286389580 ) ) ;
#774 = CARTESIAN_POINT ( 'NONE',  ( 7.226150776907975803, 16.83803391499869662, 10.54601731069288562 ) ) ;
#775 = ORIENTED_EDGE ( 'NONE', *, *, #7365, .F. ) ;
#776 = EDGE_CURVE ( 'NONE', #8643, #4320, #2146, .T. ) ;
#777 = ORIENTED_EDGE ( 'NONE', *, *, #8666, .F. ) ;
#778 = DIRECTION ( 'NONE',  ( 0.000000000000000000, 0.000000000000000000, -1.000000000000000000 ) ) ;
#779 = CARTESIAN_POINT ( 'NONE',  ( 10.78735222240064218, 10.56022058760163951, 8.075548730839962275 ) ) ;
#780 = B_SPLINE_CURVE_WITH_KNOTS ( 'NONE', 3,
 ( #3918, #8225, #1476, #8966 ),
 .UNSPECIFIED., .F., .F.,
 ( 4, 4 ),
 ( 0.001930058480875266160, 0.002187368350014241847 ),
 .UNSPECIFIED. ) ;
#781 = CIRCLE ( 'NONE', #7506, 9.199999999999993960 ) ;
#782 = CARTESIAN_POINT ( 'NONE',  ( -5.379280525977457650, 42.03254377735854774, 11.15000000000077307 ) ) ;
#783 = CARTESIAN_POINT ( 'NONE',  ( 7.017191173941813354, 15.40528676528565732, 11.28392548090822878 ) ) ;
#784 = CARTESIAN_POINT ( 'NONE',  ( -1.541019402581311315, 39.74999999999998579, 9.070019801569776163 ) ) ;
#785 = CARTESIAN_POINT ( 'NONE',  ( 9.481202428774308189, 13.52303391499869889, 9.746367667833322201 ) ) ;
#786 = DIRECTION ( 'NONE',  ( -0.000000000000000000, -1.000000000000000000, -0.000000000000000000 ) ) ;
#787 = EDGE_CURVE ( 'NONE', #3904, #6734, #2304, .T. ) ;
#788 = EDGE_LOOP ( 'NONE', ( #2929, #6981, #8197, #3452 ) ) ;
#789 = FACE_BOUND ( 'NONE', #459, .T. ) ;
#790 = CARTESIAN_POINT ( 'NONE',  ( 7.503986219954825287, 38.79222178101510821, 11.08092557963001212 ) ) ;
#791 = CARTESIAN_POINT ( 'NONE',  ( 11.07365230096531761, 45.00000000000003553, 6.714338798836612554 ) ) ;
#792 = CARTESIAN_POINT ( 'NONE',  ( -8.127065172579154506, 39.99999999999999289, 1.545383168813280639 ) ) ;
#793 = CARTESIAN_POINT ( 'NONE',  ( 8.252524834083066807, 31.83803391499869662, 10.68143682357300683 ) ) ;
#794 = CARTESIAN_POINT ( 'NONE',  ( 10.59953605574148838, 17.19652419329088033, 7.796500914612006561 ) ) ;
#795 = FACE_OUTER_BOUND ( 'NONE', #4206, .T. ) ;
#796 = VERTEX_POINT ( 'NONE', #6642 ) ;
#797 = ORIENTED_EDGE ( 'NONE', *, *, #7000, .T. ) ;
#798 = B_SPLINE_CURVE_WITH_KNOTS ( 'NONE', 3,
 ( #9552, #2842, #2009, #7973, #3527, #5091, #5827, #9495 ),
 .UNSPECIFIED., .F., .F.,
 ( 4, 2, 2, 4 ),
 ( 0.000000000000000000, 0.0008626419008217029675, 0.001293962851232553909, 0.001725283801643405068 ),
 .UNSPECIFIED. ) ;
#799 = VERTEX_POINT ( 'NONE', #5903 ) ;
#800 = CARTESIAN_POINT ( 'NONE',  ( 8.811478409369962961, 27.89303391499870699, 9.925171785852906936 ) ) ;
#801 = LINE ( 'NONE', #2385, #6632 ) ;
#802 = ORIENTED_EDGE ( 'NONE', *, *, #221, .T. ) ;
#803 = CARTESIAN_POINT ( 'NONE',  ( 11.52721586076301996, 13.61303391499872006, 7.167902750862018557 ) ) ;
#804 = DIRECTION ( 'NONE',  ( 0.000000000000000000, 1.000000000000000000, 0.000000000000000000 ) ) ;
#805 = CYLINDRICAL_SURFACE ( 'NONE', #293, 6.999999999999999112 ) ;
#806 = CIRCLE ( 'NONE', #31, 10.10000000000000142 ) ;
#807 = VERTEX_POINT ( 'NONE', #3708 ) ;
#808 = ORIENTED_EDGE ( 'NONE', *, *, #5471, .T. ) ;
#809 = ORIENTED_EDGE ( 'NONE', *, *, #6937, .F. ) ;
#810 = CARTESIAN_POINT ( 'NONE',  ( 9.311950260243254007, 17.27303391499869534, 9.895313550836226213 ) ) ;
#811 = EDGE_LOOP ( 'NONE', ( #8240, #7126, #126, #2015, #7744, #213, #7038, #4175, #4853, #7810, #3027, #1969 ) ) ;
#812 = DIRECTION ( 'NONE',  ( 0.000000000000000000, -0.000000000000000000, 1.000000000000000000 ) ) ;
#813 = ADVANCED_FACE ( 'NONE', ( #9679 ), #9040, .T. ) ;
#814 = CARTESIAN_POINT ( 'NONE',  ( 6.727252487120654045, 10.17803391499868404, 11.06535278581416293 ) ) ;
#815 = CARTESIAN_POINT ( 'NONE',  ( 0.000000000000000000, 39.19999999999998153, 0.000000000000000000 ) ) ;
#816 = CARTESIAN_POINT ( 'NONE',  ( 9.795882956109132067, 42.30803400285406468, 8.321565121221345507 ) ) ;
#817 = B_SPLINE_CURVE_WITH_KNOTS ( 'NONE', 3,
 ( #4274, #3444, #5691, #388, #537, #8771, #2070, #3390 ),
 .UNSPECIFIED., .F., .F.,
 ( 4, 2, 2, 4 ),
 ( 0.000000000000000000, 0.0005873454295956184864, 0.001174690859191238491, 0.002349381718382496931 ),
 .UNSPECIFIED. ) ;
#818 = DIRECTION ( 'NONE',  ( 0.7071067811865474617, 0.000000000000000000, 0.7071067811865474617 ) ) ;
#819 = CARTESIAN_POINT ( 'NONE',  ( 7.011412699905540613, 16.55303391499868937, 11.28587338829229303 ) ) ;
#820 = VERTEX_POINT ( 'NONE', #1003 ) ;
#821 = B_SPLINE_SURFACE_WITH_KNOTS ( 'NONE', 3, 1, ( 
 ( #4929, #3457 ),
 ( #7163, #7854 ),
 ( #2573, #1245 ),
 ( #6475, #9287 ) ),
 .UNSPECIFIED., .F., .F., .F.,
 ( 4, 4 ),
 ( 2, 2 ),
 ( 0.000000000000000000, 1.000000000000000000 ),
 ( 0.000000000000000000, 1.000000000000000000 ),
 .UNSPECIFIED. ) ;
#822 = EDGE_LOOP ( 'NONE', ( #4332, #8830, #8100, #9089, #470, #7380, #66 ) ) ;
#823 = CARTESIAN_POINT ( 'NONE',  ( 11.19706392478517110, 15.40145516390905023, 7.237344703204779073 ) ) ;
#824 = CARTESIAN_POINT ( 'NONE',  ( 11.08650127859212020, 39.57803391499871992, 7.490863492372715982 ) ) ;
#825 = ADVANCED_FACE ( 'NONE', ( #171 ), #2436, .F. ) ;
#826 = LINE ( 'NONE', #8365, #7018 ) ;
#827 = EDGE_CURVE ( 'NONE', #3707, #4651, #4789, .T. ) ;
#828 = CYLINDRICAL_SURFACE ( 'NONE', #3914, 8.949999999999999289 ) ;
#829 = CARTESIAN_POINT ( 'NONE',  ( 11.44999999999999751, 44.64247392222173261, 4.450000000000001066 ) ) ;
#830 = CARTESIAN_POINT ( 'NONE',  ( 7.497499024879635598, 39.19999999999998153, -5.331745340123512200 ) ) ;
#831 = DIRECTION ( 'NONE',  ( 0.000000000000000000, -0.9999862922474268556, -0.005235963831419591756 ) ) ;
#832 = LINE ( 'NONE', #1628, #6395 ) ;
#833 = B_SPLINE_CURVE_WITH_KNOTS ( 'NONE', 3,
 ( #7188, #6456, #2643, #1916, #4172, #5730, #482, #431 ),
 .UNSPECIFIED., .F., .F.,
 ( 4, 2, 2, 4 ),
 ( 0.000000000000000000, 0.0005356741312297840733, 0.001071348262459568147, 0.002142696524919132824 ),
 .UNSPECIFIED. ) ;
#834 = ORIENTED_EDGE ( 'NONE', *, *, #5637, .T. ) ;
#835 = CARTESIAN_POINT ( 'NONE',  ( 10.49792096072758874, 36.62960203978801133, 7.976148564540810781 ) ) ;
#836 = B_SPLINE_CURVE_WITH_KNOTS ( 'NONE', 3,
 ( #6521, #7939, #4235, #8729, #596, #7204 ),
 .UNSPECIFIED., .F., .F.,
 ( 4, 2, 4 ),
 ( 0.000000000000000000, 0.001145950778680379905, 0.002291901557360759810 ),
 .UNSPECIFIED. ) ;
#837 = CARTESIAN_POINT ( 'NONE',  ( 9.530896262493930848, 28.13096427093384477, 9.692170483990862451 ) ) ;
#838 = AXIS2_PLACEMENT_3D ( 'NONE', #1047, #9284, #7025 ) ;
#839 = CARTESIAN_POINT ( 'NONE',  ( -10.05000000000000071, 5.500000000000000000, 4.450000000000003730 ) ) ;
#840 = EDGE_CURVE ( 'NONE', #5424, #7223, #3168, .T. ) ;
#841 = FACE_OUTER_BOUND ( 'NONE', #605, .T. ) ;
#842 = CARTESIAN_POINT ( 'NONE',  ( 8.369681082741937672, 42.54803391499870457, 9.992491341679272665 ) ) ;
#843 = CARTESIAN_POINT ( 'NONE',  ( 8.749977379533103061, 42.02203511120448809, 10.35128198718545001 ) ) ;
#844 = CARTESIAN_POINT ( 'NONE',  ( 8.764063017700548741, 16.71803391499869562, 9.962609207925822830 ) ) ;
#845 = B_SPLINE_CURVE_WITH_KNOTS ( 'NONE', 3,
 ( #9041, #3848, #3805, #8207, #6835, #6791 ),
 .UNSPECIFIED., .F., .F.,
 ( 4, 2, 4 ),
 ( 0.000000000000000000, 0.001054390570058992083, 0.002108781140117984166 ),
 .UNSPECIFIED. ) ;
#846 = ORIENTED_EDGE ( 'NONE', *, *, #2273, .F. ) ;
#847 = ORIENTED_EDGE ( 'NONE', *, *, #1461, .T. ) ;
#848 = ORIENTED_EDGE ( 'NONE', *, *, #8248, .F. ) ;
#849 = CARTESIAN_POINT ( 'NONE',  ( 8.021977778384920654, 36.62322664475976097, 10.82235931890954994 ) ) ;
#850 = CARTESIAN_POINT ( 'NONE',  ( 11.09296534144850988, 10.60138708895656023, 7.477283879265598898 ) ) ;
#851 = ORIENTED_EDGE ( 'NONE', *, *, #6697, .F. ) ;
#852 = EDGE_CURVE ( 'NONE', #5956, #4504, #8956, .T. ) ;
#853 = CARTESIAN_POINT ( 'NONE',  ( 9.003296246397818337, 35.99303391499870486, 9.162395468278969446 ) ) ;
#854 = CARTESIAN_POINT ( 'NONE',  ( 4.449999999999999289, 45.00000000000000000, 4.450000000000001954 ) ) ;
#855 = DIRECTION ( 'NONE',  ( 0.000000000000000000, 0.000000000000000000, -1.000000000000000000 ) ) ;
#856 = VERTEX_POINT ( 'NONE', #3949 ) ;
#857 = VERTEX_POINT ( 'NONE', #3804 ) ;
#858 = ORIENTED_EDGE ( 'NONE', *, *, #8920, .T. ) ;
#859 = CARTESIAN_POINT ( 'NONE',  ( 8.624461615382276847, 36.85977474085602523, 10.44028468750886063 ) ) ;
#860 = ORIENTED_EDGE ( 'NONE', *, *, #9005, .T. ) ;
#861 = ADVANCED_FACE ( 'NONE', ( #3897 ), #6975, .T. ) ;
#862 = LINE ( 'NONE', #1147, #9528 ) ;
#863 = DIRECTION ( 'NONE',  ( 0.7071067811865474617, 0.000000000000000000, 0.7071067811865474617 ) ) ;
#864 = CARTESIAN_POINT ( 'NONE',  ( 7.453179593575733897, 16.83803391499869662, 10.77304612736064371 ) ) ;
#865 = CARTESIAN_POINT ( 'NONE',  ( 11.35977465988431412, 41.45303391499871992, 7.764136873664919669 ) ) ;
#866 = DIRECTION ( 'NONE',  ( 0.7071067811865474617, 0.000000000000000000, 0.7071067811865474617 ) ) ;
#867 = CARTESIAN_POINT ( 'NONE',  ( 9.403375592479704892, 11.43803391499869448, 9.244276762826775240 ) ) ;
#868 = ORIENTED_EDGE ( 'NONE', *, *, #461, .T. ) ;
#869 = VERTEX_POINT ( 'NONE', #1696 ) ;
#870 = EDGE_CURVE ( 'NONE', #5902, #7541, #5623, .T. ) ;
#871 = CARTESIAN_POINT ( 'NONE',  ( 11.10644310407078805, 14.07129790888594556, 7.447080181840203927 ) ) ;
#872 = CARTESIAN_POINT ( 'NONE',  ( 11.01805627706348467, 17.93303391499871680, 6.870875201518463982 ) ) ;
#873 = DIRECTION ( 'NONE',  ( -0.000000000000000000, 1.000000000000000000, -0.000000000000000000 ) ) ;
#874 = CARTESIAN_POINT ( 'NONE',  ( -9.695607513761412832, 6.698033914998700489, -13.20639248623860063 ) ) ;
#875 = CARTESIAN_POINT ( 'NONE',  ( 7.519905477296176421, 25.52803394428380912, 11.07311711813002120 ) ) ;
#876 = CARTESIAN_POINT ( 'NONE',  ( 9.099464154798585724, 17.27303391499869534, 9.682827445391557930 ) ) ;
#877 = PLANE ( 'NONE',  #6896 ) ;
#878 = DIRECTION ( 'NONE',  ( 0.000000000000000000, 0.000000000000000000, -1.000000000000000000 ) ) ;
#879 = DIRECTION ( 'NONE',  ( -0.000000000000000000, -1.000000000000000000, -0.000000000000000000 ) ) ;
#880 = EDGE_LOOP ( 'NONE', ( #7673, #5732, #2198, #3819 ) ) ;
#881 = ADVANCED_FACE ( 'NONE', ( #3215 ), #3560, .T. ) ;
#882 = EDGE_CURVE ( 'NONE', #4794, #1331, #191, .T. ) ;
#883 = ORIENTED_EDGE ( 'NONE', *, *, #1034, .F. ) ;
#884 = CARTESIAN_POINT ( 'NONE',  ( -9.859862295100743523, 41.24249632219163431, -8.567463026099808587 ) ) ;
#885 = VECTOR ( 'NONE', #8929, 1000.000000000000114 ) ;
#886 = CARTESIAN_POINT ( 'NONE',  ( -11.09790554669991991, 0.06208375187461431799, 8.374769132100265523 ) ) ;
#887 = CARTESIAN_POINT ( 'NONE',  ( 4.449999999999999289, 22.41803400285404990, 4.450000000000001954 ) ) ;
#888 = CARTESIAN_POINT ( 'NONE',  ( 4.449999999999999289, 45.00000000000000000, 4.450000000000001954 ) ) ;
#889 = CARTESIAN_POINT ( 'NONE',  ( 8.044235483665984177, 17.08640280830211466, 10.80398292584560949 ) ) ;
#890 = CARTESIAN_POINT ( 'NONE',  ( -6.839453812875157190, 39.99999999999999289, -4.653951976476327523 ) ) ;
#891 = CARTESIAN_POINT ( 'NONE',  ( 6.761624701136645932, 24.07303397356889008, 11.05729833147368524 ) ) ;
#892 = ORIENTED_EDGE ( 'NONE', *, *, #2985, .T. ) ;
#893 = ORIENTED_EDGE ( 'NONE', *, *, #5377, .T. ) ;
#894 = EDGE_CURVE ( 'NONE', #4572, #2287, #2484, .T. ) ;
#895 = ORIENTED_EDGE ( 'NONE', *, *, #6509, .F. ) ;
#896 = CARTESIAN_POINT ( 'NONE',  ( 5.169975462124836163, 37.98548048166764346, 7.305748502354438401 ) ) ;
#897 = B_SPLINE_CURVE_WITH_KNOTS ( 'NONE', 3,
 ( #8583, #1144, #2708, #5653, #7202, #5797, #7896, #5014 ),
 .UNSPECIFIED., .F., .F.,
 ( 4, 2, 2, 4 ),
 ( 0.000000000000000000, 0.0007688631936495617190, 0.001153294790474342687, 0.001537726387299123438 ),
 .UNSPECIFIED. ) ;
#898 = CARTESIAN_POINT ( 'NONE',  ( 8.980016791327146919, 16.30472841833755027, 10.17441757560361282 ) ) ;
#899 = ORIENTED_EDGE ( 'NONE', *, *, #1332, .F. ) ;
#900 = DIRECTION ( 'NONE',  ( 0.7071067811865474617, 0.000000000000000000, 0.7071067811865474617 ) ) ;
#901 = B_SPLINE_SURFACE_WITH_KNOTS ( 'NONE', 3, 1, ( 
 ( #913, #9694 ),
 ( #1511, #5327 ),
 ( #814, #7565 ),
 ( #720, #2988 ) ),
 .UNSPECIFIED., .F., .F., .F.,
 ( 4, 4 ),
 ( 2, 2 ),
 ( 0.000000000000000000, 1.000000000000000000 ),
 ( 0.000000000000000000, 1.000000000000000000 ),
 .UNSPECIFIED. ) ;
#902 = LINE ( 'NONE', #2437, #1062 ) ;
#903 = CARTESIAN_POINT ( 'NONE',  ( 10.50770563518431722, 6.803033914998705356, 7.951514817308980909 ) ) ;
#904 = ORIENTED_EDGE ( 'NONE', *, *, #2884, .T. ) ;
#905 = EDGE_CURVE ( 'NONE', #9582, #4271, #7312, .T. ) ;
#906 = CIRCLE ( 'NONE', #3110, 5.440300914026124701 ) ;
#907 = ORIENTED_EDGE ( 'NONE', *, *, #3507, .T. ) ;
#908 = ORIENTED_EDGE ( 'NONE', *, *, #9030, .F. ) ;
#909 = CARTESIAN_POINT ( 'NONE',  ( -4.450000000000001954, 6.649999999999999467, -4.449999999999997513 ) ) ;
#910 = ORIENTED_EDGE ( 'NONE', *, *, #1741, .T. ) ;
#911 = CIRCLE ( 'NONE', #2177, 8.272689856255970753 ) ;
#912 = VECTOR ( 'NONE', #74, 1000.000000000000000 ) ;
#913 = CARTESIAN_POINT ( 'NONE',  ( 7.363648590188546450, 11.01803391499869100, 10.42895668274627141 ) ) ;
#914 = CARTESIAN_POINT ( 'NONE',  ( -1.530241883712154749, 39.13255635751121275, 8.122238618328909254 ) ) ;
#915 = EDGE_CURVE ( 'NONE', #8348, #82, #8445, .T. ) ;
#916 = CARTESIAN_POINT ( 'NONE',  ( 7.862690768493867388, 41.40603182416354144, 10.56283983554429540 ) ) ;
#917 = CARTESIAN_POINT ( 'NONE',  ( 4.450000000000001954, 7.197618960442568437, 9.586357836860889492 ) ) ;
#918 = CARTESIAN_POINT ( 'NONE',  ( 8.564936949263183052, 11.28803391499868880, 10.48473205629870719 ) ) ;
#919 = ORIENTED_EDGE ( 'NONE', *, *, #5516, .T. ) ;
#920 = ORIENTED_EDGE ( 'NONE', *, *, #4014, .F. ) ;
#921 = VECTOR ( 'NONE', #7890, 1000.000000000000114 ) ;
#922 = DIRECTION ( 'NONE',  ( -0.9848077530122072432, -0.1736481776669346333, 1.919515874690163325E-16 ) ) ;
#923 = CARTESIAN_POINT ( 'NONE',  ( 7.499380008969008138, 39.38334975541599192, 5.329100300745925445 ) ) ;
#924 = FACE_OUTER_BOUND ( 'NONE', #1224, .T. ) ;
#925 = FACE_OUTER_BOUND ( 'NONE', #7893, .T. ) ;
#926 = CARTESIAN_POINT ( 'NONE',  ( 7.623827821786188785, 11.01803391499869100, 10.68913591434391286 ) ) ;
#927 = CARTESIAN_POINT ( 'NONE',  ( 9.890548881301810979, 36.02281580514937787, 9.323731827706637887 ) ) ;
#928 = CARTESIAN_POINT ( 'NONE',  ( 10.48932294530016485, 27.33229351722286538, 8.657957471442477626 ) ) ;
#929 = CARTESIAN_POINT ( 'NONE',  ( 11.44999999999999751, 4.289617747577148421, -4.449999999999999289 ) ) ;
#930 = CARTESIAN_POINT ( 'NONE',  ( 9.258203422840660224, 42.19303391499871481, 9.947632730611740470 ) ) ;
#931 = VERTEX_POINT ( 'NONE', #3503 ) ;
#932 = EDGE_LOOP ( 'NONE', ( #5822, #9258, #3679, #4897 ) ) ;
#933 = CARTESIAN_POINT ( 'NONE',  ( -4.502094453300082399, 42.18721534907326998, -11.14999999999999858 ) ) ;
#934 = AXIS2_PLACEMENT_3D ( 'NONE', #1524, #49, #2 ) ;
#935 = DIRECTION ( 'NONE',  ( 0.7071067811865474617, 0.000000000000000000, 0.7071067811865474617 ) ) ;
#936 = PLANE ( 'NONE',  #4810 ) ;
#937 = FACE_OUTER_BOUND ( 'NONE', #2821, .T. ) ;
#938 = CARTESIAN_POINT ( 'NONE',  ( 8.051483031207995467, 42.35303391499869008, 10.31068939321321309 ) ) ;
#939 = CARTESIAN_POINT ( 'NONE',  ( 8.274973169377151549, 41.66987487242107591, 10.67399726191756670 ) ) ;
#940 = EDGE_CURVE ( 'NONE', #2333, #9457, #1196, .T. ) ;
#941 = EDGE_CURVE ( 'NONE', #796, #319, #1235, .T. ) ;
#942 = DIRECTION ( 'NONE',  ( 0.000000000000000000, -0.001890656463585334507, 0.9999982127074712457 ) ) ;
#943 = B_SPLINE_CURVE_WITH_KNOTS ( 'NONE', 3,
 ( #1295, #5071, #4243, #1341 ),
 .UNSPECIFIED., .F., .F.,
 ( 4, 4 ),
 ( 1.999999999988134037E-07, 0.002745200087855374175 ),
 .UNSPECIFIED. ) ;
#944 = CARTESIAN_POINT ( 'NONE',  ( 6.698514231807665809, 14.24303391499869065, 11.07904093737235129 ) ) ;
#945 = VERTEX_POINT ( 'NONE', #7944 ) ;
#946 = ORIENTED_EDGE ( 'NONE', *, *, #7767, .F. ) ;
#947 = ORIENTED_EDGE ( 'NONE', *, *, #5768, .F. ) ;
#948 = CARTESIAN_POINT ( 'NONE',  ( 10.01380974019293291, 11.96303391499870017, 9.175888400600927142 ) ) ;
#949 = CARTESIAN_POINT ( 'NONE',  ( 4.449999999999999289, 7.197618960442568437, 4.450000000000001954 ) ) ;
#950 = VERTEX_POINT ( 'NONE', #7207 ) ;
#951 = VECTOR ( 'NONE', #2330, 1000.000000000000227 ) ;
#952 = CARTESIAN_POINT ( 'NONE',  ( 10.29065966886311401, 35.99303391499871907, 8.943621446816912623 ) ) ;
#953 = ADVANCED_FACE ( 'NONE', ( #503 ), #821, .T. ) ;
#954 = ADVANCED_FACE ( 'NONE', ( #455 ), #1081, .F. ) ;
#955 = CARTESIAN_POINT ( 'NONE',  ( 10.71046253374923829, 12.21039439504009749, 7.583436006086138548 ) ) ;
#956 = LINE ( 'NONE', #1843, #9220 ) ;
#957 = ORIENTED_EDGE ( 'NONE', *, *, #3419, .T. ) ;
#958 = ORIENTED_EDGE ( 'NONE', *, *, #6187, .F. ) ;
#959 = VERTEX_POINT ( 'NONE', #404 ) ;
#960 = CARTESIAN_POINT ( 'NONE',  ( 7.291661569628040240, 27.26303391499870088, 10.84487334120457902 ) ) ;
#961 = EDGE_LOOP ( 'NONE', ( #6149, #1881, #328, #2426 ) ) ;
#962 = EDGE_CURVE ( 'NONE', #6009, #4852, #6679, .T. ) ;
#963 = CARTESIAN_POINT ( 'NONE',  ( 9.110627603336757474, 28.38307632973500105, 9.673817111609952946 ) ) ;
#964 = CIRCLE ( 'NONE', #494, 8.949999999999993960 ) ;
#965 = CARTESIAN_POINT ( 'NONE',  ( 7.736214402987400263, 12.56303391499868205, 10.97122812302990980 ) ) ;
#966 = CARTESIAN_POINT ( 'NONE',  ( 0.000000000000000000, 39.99999999999998579, 0.000000000000000000 ) ) ;
#967 = CARTESIAN_POINT ( 'NONE',  ( 9.500000000000005329, 37.39999999999999858, -1.499999999999966915 ) ) ;
#968 = VERTEX_POINT ( 'NONE', #4104 ) ;
#969 =( BOUNDED_CURVE ( )  B_SPLINE_CURVE ( 3, ( #8236, #5353, #5253, #792 ),
 .UNSPECIFIED., .F., .T. ) 
 B_SPLINE_CURVE_WITH_KNOTS ( ( 4, 4 ),
 ( 4.354865436748577068, 4.359705950757568615 ),
 .UNSPECIFIED. ) 
 CURVE ( )  GEOMETRIC_REPRESENTATION_ITEM ( )  RATIONAL_B_SPLINE_CURVE ( ( 1.000000000000000000, 0.9999980474529639451, 0.9999980474529639451, 1.000000000000000000 ) ) 
 REPRESENTATION_ITEM ( '' )  );
#970 = ORIENTED_EDGE ( 'NONE', *, *, #9652, .F. ) ;
#971 = CARTESIAN_POINT ( 'NONE',  ( 2.982282944278317860, 2.849428859860656083, -11.44999999999999929 ) ) ;
#972 = CARTESIAN_POINT ( 'NONE',  ( 7.348851576605999192, 39.16355273516047220, 5.183997599491237729 ) ) ;
#973 = CARTESIAN_POINT ( 'NONE',  ( 9.221643766098233996, 16.70303400285405715, 9.571661426671621342 ) ) ;
#974 = EDGE_CURVE ( 'NONE', #4461, #5271, #6996, .T. ) ;
#975 = CARTESIAN_POINT ( 'NONE',  ( -7.876341618854695525, 41.59224453420691248, 10.30436880318693760 ) ) ;
#976 = CARTESIAN_POINT ( 'NONE',  ( 7.593507584580364345, 16.76525467495124033, 11.03917181521834046 ) ) ;
#977 = FACE_OUTER_BOUND ( 'NONE', #6135, .T. ) ;
#978 = CARTESIAN_POINT ( 'NONE',  ( 9.449221276708952288, 16.71803391499870273, 9.162843226442475952 ) ) ;
#979 = CARTESIAN_POINT ( 'NONE',  ( -8.550505063388333937, 41.19973033212856706, 11.44999999999999929 ) ) ;
#980 = CARTESIAN_POINT ( 'NONE',  ( 7.246739167437881157, 8.408033914998682690, 10.86359054932110446 ) ) ;
#981 = EDGE_LOOP ( 'NONE', ( #1810, #8289, #7868, #919 ) ) ;
#982 = ORIENTED_EDGE ( 'NONE', *, *, #2324, .T. ) ;
#983 = CARTESIAN_POINT ( 'NONE',  ( -8.003483471486612544, 41.56982599520963362, -10.54851246097861228 ) ) ;
#984 =( BOUNDED_CURVE ( )  B_SPLINE_CURVE ( 3, ( #5437, #1817, #3236, #6405 ),
 .UNSPECIFIED., .F., .F. ) 
 B_SPLINE_CURVE_WITH_KNOTS ( ( 4, 4 ),
 ( 1.923479356421855746, 1.928319870430848848 ),
 .UNSPECIFIED. ) 
 CURVE ( )  GEOMETRIC_REPRESENTATION_ITEM ( )  RATIONAL_B_SPLINE_CURVE ( ( 1.000000000000000000, 0.9999980474529639451, 0.9999980474529639451, 1.000000000000000000 ) ) 
 REPRESENTATION_ITEM ( '' )  );
#985 = B_SPLINE_SURFACE_WITH_KNOTS ( 'NONE', 3, 1, ( 
 ( #8707, #1271 ),
 ( #4995, #527 ),
 ( #6406, #2785 ),
 ( #4266, #1171 ) ),
 .UNSPECIFIED., .F., .F., .F.,
 ( 4, 4 ),
 ( 2, 2 ),
 ( 0.000000000000000000, 1.000000000000000000 ),
 ( 0.000000000000000000, 1.000000000000000000 ),
 .UNSPECIFIED. ) ;
#986 = LINE ( 'NONE', #1783, #8714 ) ;
#987 = CARTESIAN_POINT ( 'NONE',  ( 7.828402879186484142, 12.38310779020371122, 10.92205328483438365 ) ) ;
#988 = CARTESIAN_POINT ( 'NONE',  ( 11.06823225953484524, 45.00000000000003553, 6.730131960841804428 ) ) ;
#989 = LINE ( 'NONE', #253, #2343 ) ;
#990 = CARTESIAN_POINT ( 'NONE',  ( 6.698514231807665809, 14.24303391499869065, 11.07904093737235129 ) ) ;
#991 = B_SPLINE_CURVE_WITH_KNOTS ( 'NONE', 3,
 ( #7130, #1709, #3224, #963, #8552, #7040, #3958, #6986, #9254, #5524 ),
 .UNSPECIFIED., .F., .F.,
 ( 4, 2, 2, 2, 4 ),
 ( 0.000000000000000000, 0.0003796677400547947712, 0.0007593354801095895425, 0.001139003220164384314, 0.001518670960219179085 ),
 .UNSPECIFIED. ) ;
#992 = CARTESIAN_POINT ( 'NONE',  ( 11.04749373942567914, 17.64803391499870955, 6.815459850138275044 ) ) ;
#993 = CARTESIAN_POINT ( 'NONE',  ( 6.790577164349675066, 7.013033914998679563, 11.00139824242959641 ) ) ;
#994 = AXIS2_PLACEMENT_3D ( 'NONE', #335, #9403, #2506 ) ;
#995 = ORIENTED_EDGE ( 'NONE', *, *, #4672, .T. ) ;
#996 = ORIENTED_EDGE ( 'NONE', *, *, #7497, .F. ) ;
#997 = ADVANCED_FACE ( 'NONE', ( #4972 ), #2037, .F. ) ;
#998 = AXIS2_PLACEMENT_3D ( 'NONE', #6927, #5556, #8443 ) ;
#999 = CARTESIAN_POINT ( 'NONE',  ( 7.293315455444803419, 24.48303397356892575, 10.84652696553596662 ) ) ;
#1000 = CARTESIAN_POINT ( 'NONE',  ( 10.21530264063843063, 42.15680532561292893, 8.420451258203472733 ) ) ;
#1001 = ORIENTED_EDGE ( 'NONE', *, *, #6508, .F. ) ;
#1002 = AXIS2_PLACEMENT_3D ( 'NONE', #4303, #1352, #3612 ) ;
#1003 = CARTESIAN_POINT ( 'NONE',  ( -8.823406371691167038, 37.39999999999999858, 1.499999999999907407 ) ) ;
#1004 = CARTESIAN_POINT ( 'NONE',  ( 4.502094453300079735, 2.812784650926727359, 11.15000000000000568 ) ) ;
#1005 = CARTESIAN_POINT ( 'NONE',  ( 10.88518787153700629, 13.41470693989461260, 7.204697271575076556 ) ) ;
#1006 = CARTESIAN_POINT ( 'NONE',  ( -10.92352247913687258, 0.09283219166468753558, 6.203710828201858263 ) ) ;
#1007 = ORIENTED_EDGE ( 'NONE', *, *, #5735, .F. ) ;
#1008 = EDGE_LOOP ( 'NONE', ( #9316, #6089, #6441, #1884, #5156, #5650, #5325, #1715, #7803, #946, #4940, #3424, #8913, #4787, #6649, #9617, #1065, #3942, #8022, #2731, #318 ) ) ;
#1009 = EDGE_CURVE ( 'NONE', #7701, #5357, #7782, .T. ) ;
#1010 = B_SPLINE_CURVE_WITH_KNOTS ( 'NONE', 3,
 ( #1522, #779, #7576, #8316, #9067, #7438, #1573, #8176, #4476, #729 ),
 .UNSPECIFIED., .F., .F.,
 ( 4, 2, 2, 2, 4 ),
 ( 0.000000000000000000, 0.0005393304290734823392, 0.001078660858146963161, 0.001617991287220444307, 0.002157321716293925454 ),
 .UNSPECIFIED. ) ;
#1011 = EDGE_CURVE ( 'NONE', #1237, #3455, #1840, .T. ) ;
#1012 = VERTEX_POINT ( 'NONE', #9425 ) ;
#1013 = DIRECTION ( 'NONE',  ( -1.034895876017235296E-14, 0.01745240643728355329, 0.9998476951563912696 ) ) ;
#1014 = VERTEX_POINT ( 'NONE', #4833 ) ;
#1015 = AXIS2_PLACEMENT_3D ( 'NONE', #7431, #6107, #9156 ) ;
#1016 = CARTESIAN_POINT ( 'NONE',  ( 7.062478396600346819, 9.554721155814538847, 11.26664847271512393 ) ) ;
#1017 = DIRECTION ( 'NONE',  ( 0.7071067811865474617, 0.000000000000000000, 0.7071067811865474617 ) ) ;
#1018 = CARTESIAN_POINT ( 'NONE',  ( 7.219537283611847656, 13.97944615808797231, 10.87881507236629730 ) ) ;
#1019 = ORIENTED_EDGE ( 'NONE', *, *, #6106, .F. ) ;
#1020 = ORIENTED_EDGE ( 'NONE', *, *, #2626, .F. ) ;
#1021 = ADVANCED_FACE ( 'NONE', ( #9333 ), #7325, .F. ) ;
#1022 = CARTESIAN_POINT ( 'NONE',  ( 10.55621468706765143, 42.38338648312070944, 7.873952067751205597 ) ) ;
#1023 = CARTESIAN_POINT ( 'NONE',  ( 9.499308529017431724, 26.61803391499869420, 9.722047361205316207 ) ) ;
#1024 = DIRECTION ( 'NONE',  ( 0.7071067811865474617, 0.000000000000000000, 0.7071067811865474617 ) ) ;
#1025 = CARTESIAN_POINT ( 'NONE',  ( -6.282235193576750198, 41.58254648781115748, 11.26780873540997696 ) ) ;
#1026 = CARTESIAN_POINT ( 'NONE',  ( 9.257460087092113099, 27.12008961965074860, 9.538926242772234332 ) ) ;
#1027 = CARTESIAN_POINT ( 'NONE',  ( 10.98398744045570830, 37.15922156675942034, 7.708524115182020964 ) ) ;
#1028 = CARTESIAN_POINT ( 'NONE',  ( 10.55819974311047638, 17.19803391499871026, 8.447486197382698236 ) ) ;
#1029 =( BOUNDED_CURVE ( )  B_SPLINE_CURVE ( 3, ( #2126, #690, #3786, #8182 ),
 .UNSPECIFIED., .F., .T. ) 
 B_SPLINE_CURVE_WITH_KNOTS ( ( 4, 4 ),
 ( 4.879626044906771654, 4.880684413535594679 ),
 .UNSPECIFIED. ) 
 CURVE ( )  GEOMETRIC_REPRESENTATION_ITEM ( )  RATIONAL_B_SPLINE_CURVE ( ( 1.000000000000000000, 0.9999999066546558790, 0.9999999066546558790, 1.000000000000000000 ) ) 
 REPRESENTATION_ITEM ( '' )  );
#1030 = CARTESIAN_POINT ( 'NONE',  ( 10.34128709514628852, 17.19803391499871026, 8.230573549418508605 ) ) ;
#1031 = CARTESIAN_POINT ( 'NONE',  ( 6.761624797993172287, 22.83803400285405516, 11.05729829758752736 ) ) ;
#1032 = ORIENTED_EDGE ( 'NONE', *, *, #5084, .F. ) ;
#1033 = CIRCLE ( 'NONE', #3540, 7.299999999999998046 ) ;
#1034 = EDGE_CURVE ( 'NONE', #4967, #9432, #5574, .T. ) ;
#1035 = VERTEX_POINT ( 'NONE', #4886 ) ;
#1036 = CARTESIAN_POINT ( 'NONE',  ( 10.50261998773660643, 35.94067457301290602, 7.967358201195103184 ) ) ;
#1037 = CARTESIAN_POINT ( 'NONE',  ( 8.587128299136198351, 11.87303400285404820, 10.46449660707249585 ) ) ;
#1038 = FACE_OUTER_BOUND ( 'NONE', #3606, .T. ) ;
#1039 = DIRECTION ( 'NONE',  ( 8.109776230115211493E-19, -0.9999862922474268556, 0.005235963831419591756 ) ) ;
#1040 = LINE ( 'NONE', #4033, #8431 ) ;
#1041 = CARTESIAN_POINT ( 'NONE',  ( 10.21806899838005300, 42.63877923949060289, 8.417747695438775324 ) ) ;
#1042 = CARTESIAN_POINT ( 'NONE',  ( 8.082435833008212001, 6.143033914998687450, 10.78711946716077108 ) ) ;
#1043 = ADVANCED_FACE ( 'NONE', ( #1148 ), #2941, .T. ) ;
#1044 = ORIENTED_EDGE ( 'NONE', *, *, #9517, .F. ) ;
#1045 = EDGE_LOOP ( 'NONE', ( #7133, #7561, #632, #8951 ) ) ;
#1046 = LINE ( 'NONE', #8537, #3919 ) ;
#1047 = CARTESIAN_POINT ( 'NONE',  ( -13.58823014807940410, 30.00803400285406042, -9.313769851920607579 ) ) ;
#1048 = ORIENTED_EDGE ( 'NONE', *, *, #7486, .F. ) ;
#1049 = CARTESIAN_POINT ( 'NONE',  ( 8.043135810917133810, 35.75224916763843908, 10.45746866394457975 ) ) ;
#1050 = DIRECTION ( 'NONE',  ( -1.000000000000000000, 0.000000000000000000, 0.000000000000000000 ) ) ;
#1051 = EDGE_CURVE ( 'NONE', #4271, #5761, #5993, .T. ) ;
#1052 = FACE_BOUND ( 'NONE', #5307, .T. ) ;
#1053 = CARTESIAN_POINT ( 'NONE',  ( -1.530649667146575910, 39.15591825482287192, 8.818141051064223745 ) ) ;
#1054 = ORIENTED_EDGE ( 'NONE', *, *, #7906, .T. ) ;
#1055 = VERTEX_POINT ( 'NONE', #4337 ) ;
#1056 = ORIENTED_EDGE ( 'NONE', *, *, #8667, .F. ) ;
#1057 = LINE ( 'NONE', #4057, #4093 ) ;
#1058 = VERTEX_POINT ( 'NONE', #743 ) ;
#1059 = CARTESIAN_POINT ( 'NONE',  ( 11.60268325157684188, 14.69303391499870237, 7.243370141675840479 ) ) ;
#1060 = EDGE_CURVE ( 'NONE', #3702, #8987, #5773, .T. ) ;
#1061 = EDGE_CURVE ( 'NONE', #6793, #3953, #5557, .T. ) ;
#1062 = VECTOR ( 'NONE', #2245, 1000.000000000000000 ) ;
#1063 = ORIENTED_EDGE ( 'NONE', *, *, #461, .F. ) ;
#1064 = B_SPLINE_SURFACE_WITH_KNOTS ( 'NONE', 3, 1, ( 
 ( #5395, #2462 ),
 ( #4023, #7003 ),
 ( #6072, #3924 ),
 ( #8371, #196 ) ),
 .UNSPECIFIED., .F., .F., .F.,
 ( 4, 4 ),
 ( 2, 2 ),
 ( 0.000000000000000000, 1.000000000000000000 ),
 ( 0.000000000000000000, 1.000000000000000000 ),
 .UNSPECIFIED. ) ;
#1065 = ORIENTED_EDGE ( 'NONE', *, *, #1626, .F. ) ;
#1066 = PLANE ( 'NONE',  #6015 ) ;
#1067 = AXIS2_PLACEMENT_3D ( 'NONE', #9147, #7657, #3901 ) ;
#1068 = VECTOR ( 'NONE', #5266, 1000.000000000000114 ) ;
#1069 = DIRECTION ( 'NONE',  ( 0.000000000000000000, 0.000000000000000000, 1.000000000000000000 ) ) ;
#1070 = CARTESIAN_POINT ( 'NONE',  ( 9.420141594493257386, 16.71207149165906003, 9.386729068489431782 ) ) ;
#1071 = DIRECTION ( 'NONE',  ( 0.9848077530122073542, 0.1736481776669349664, -1.919515874690163572E-16 ) ) ;
#1072 = CARTESIAN_POINT ( 'NONE',  ( 9.287124986566215767, 26.61803391499869420, 9.509863818754098475 ) ) ;
#1073 = DIRECTION ( 'NONE',  ( 0.000000000000000000, 0.000000000000000000, -1.000000000000000000 ) ) ;
#1074 = ADVANCED_FACE ( 'NONE', ( #3744 ), #2910, .T. ) ;
#1075 = CARTESIAN_POINT ( 'NONE',  ( 10.21418564824426944, 11.78303391499870045, 8.421670154050422852 ) ) ;
#1076 = CARTESIAN_POINT ( 'NONE',  ( 7.588873243386021095, 40.46803391499872049, 11.20572462526940072 ) ) ;
#1077 = VECTOR ( 'NONE', #812, 1000.000000000000000 ) ;
#1078 = CARTESIAN_POINT ( 'NONE',  ( 0.000000000000000000, 39.99999999999999289, 0.000000000000000000 ) ) ;
#1079 = EDGE_LOOP ( 'NONE', ( #6700, #6281, #3295, #561 ) ) ;
#1080 = AXIS2_PLACEMENT_3D ( 'NONE', #6333, #1890, #6430 ) ;
#1081 = CONICAL_SURFACE ( 'NONE', #4846, 5.599999999999979217, 0.005235987755983000265 ) ;
#1082 = VECTOR ( 'NONE', #6194, 1000.000000000000000 ) ;
#1083 = EDGE_LOOP ( 'NONE', ( #3220, #4639, #2848, #8162 ) ) ;
#1084 = LINE ( 'NONE', #4868, #8668 ) ;
#1085 = B_SPLINE_CURVE_WITH_KNOTS ( 'NONE', 3,
 ( #4977, #1297, #4295, #4392, #5852, #8740, #5897, #2140 ),
 .UNSPECIFIED., .F., .F.,
 ( 4, 2, 2, 4 ),
 ( 0.000000000000000000, 0.0005360421385859750814, 0.001072084277171950163, 0.002144168554343896856 ),
 .UNSPECIFIED. ) ;
#1086 = DIRECTION ( 'NONE',  ( 0.000000000000000000, 0.000000000000000000, -1.000000000000000000 ) ) ;
#1087 = CARTESIAN_POINT ( 'NONE',  ( 7.856096377908462713, 10.19668027300126312, 10.90775484880050961 ) ) ;
#1088 = AXIS2_PLACEMENT_3D ( 'NONE', #2318, #3870, #5246 ) ;
#1089 = LINE ( 'NONE', #4088, #8285 ) ;
#1090 = CARTESIAN_POINT ( 'NONE',  ( 10.27951174868115558, 11.19803391499871204, 7.956666168597395838 ) ) ;
#1091 = CARTESIAN_POINT ( 'NONE',  ( 7.130067808870378165, 12.23303391499867843, 10.91662481823839670 ) ) ;
#1092 = EDGE_CURVE ( 'NONE', #2141, #4651, #3999, .T. ) ;
#1093 = CARTESIAN_POINT ( 'NONE',  ( -11.45000000000000107, 40.71038225242285336, -4.449999999999996625 ) ) ;
#1094 = CARTESIAN_POINT ( 'NONE',  ( 9.568094047458645335, 5.483033914998700631, 9.231766928830017704 ) ) ;
#1095 = ORIENTED_EDGE ( 'NONE', *, *, #3898, .T. ) ;
#1096 = VERTEX_POINT ( 'NONE', #6524 ) ;
#1097 = B_SPLINE_CURVE_WITH_KNOTS ( 'NONE', 3,
 ( #6865, #9224, #5400, #8376, #1678, #7783, #8326, #8476, #1036, #1780 ),
 .UNSPECIFIED., .F., .F.,
 ( 4, 3, 3, 4 ),
 ( 0.000000000000000000, 0.0001440845831686674884, 0.0002881693076230822928, 0.0005695054035411207562 ),
 .UNSPECIFIED. ) ;
#1098 = CARTESIAN_POINT ( 'NONE',  ( 7.293315364934692901, 25.52803394428380912, 10.84652700576854301 ) ) ;
#1099 = CARTESIAN_POINT ( 'NONE',  ( 10.54160857069678414, 41.60404120607182676, 7.903980134756812603 ) ) ;
#1100 = ORIENTED_EDGE ( 'NONE', *, *, #3163, .F. ) ;
#1101 = CARTESIAN_POINT ( 'NONE',  ( -9.260736647217703066, 20.00303400285406852, -13.64126335278230862 ) ) ;
#1102 = DIRECTION ( 'NONE',  ( -0.000000000000000000, -1.000000000000000000, -0.000000000000000000 ) ) ;
#1103 = CARTESIAN_POINT ( 'NONE',  ( 10.68827317519969533, 11.43419140583366200, 7.629758135588500245 ) ) ;
#1104 = AXIS2_PLACEMENT_3D ( 'NONE', #4179, #7150, #390 ) ;
#1105 = EDGE_CURVE ( 'NONE', #9281, #7509, #3941, .T. ) ;
#1106 = LINE ( 'NONE', #1800, #6377 ) ;
#1107 = CARTESIAN_POINT ( 'NONE',  ( 11.25019112660618781, 14.04803391499870280, 7.569700526644272287 ) ) ;
#1108 = ORIENTED_EDGE ( 'NONE', *, *, #3771, .T. ) ;
#1109 = ORIENTED_EDGE ( 'NONE', *, *, #5446, .T. ) ;
#1110 = VECTOR ( 'NONE', #4333, 1000.000000000000000 ) ;
#1111 = CARTESIAN_POINT ( 'NONE',  ( 7.677767782625999793, 16.83803391499869662, 10.99763431641091138 ) ) ;
#1112 = VERTEX_POINT ( 'NONE', #4288 ) ;
#1113 = CARTESIAN_POINT ( 'NONE',  ( -8.900408234471404612, 39.91668805191901015, -1.543928953350409250 ) ) ;
#1114 = CIRCLE ( 'NONE', #8778, 0.7136548544052906395 ) ;
#1115 = DIRECTION ( 'NONE',  ( -0.7071067811865486830, 0.000000000000000000, 0.7071067811865464625 ) ) ;
#1116 = ORIENTED_EDGE ( 'NONE', *, *, #285, .F. ) ;
#1117 = ORIENTED_EDGE ( 'NONE', *, *, #3558, .F. ) ;
#1118 = EDGE_CURVE ( 'NONE', #8551, #6709, #607, .T. ) ;
#1119 = DIRECTION ( 'NONE',  ( 2.533865751426797207E-15, -0.000000000000000000, 1.000000000000000000 ) ) ;
#1120 = CARTESIAN_POINT ( 'NONE',  ( 1.530649667146575910, 39.15591825482287192, -8.818141051064223745 ) ) ;
#1121 = LINE ( 'NONE', #7918, #5012 ) ;
#1122 = CARTESIAN_POINT ( 'NONE',  ( 10.68012763500767015, 36.23303391499870685, 7.636033138113755392 ) ) ;
#1123 = CARTESIAN_POINT ( 'NONE',  ( 7.773572197015528040, 37.53408789037946036, 10.61132869901068965 ) ) ;
#1124 = CARTESIAN_POINT ( 'NONE',  ( 9.440055031091063142, 16.70303400285405715, 9.790072691664452265 ) ) ;
#1125 = CARTESIAN_POINT ( 'NONE',  ( 8.564375777603496331, 28.65803391499869335, 10.48417088463910396 ) ) ;
#1126 = CARTESIAN_POINT ( 'NONE',  ( -10.05000000000000426, 5.500000000000000000, -4.449999999999996625 ) ) ;
#1127 = ORIENTED_EDGE ( 'NONE', *, *, #5017, .F. ) ;
#1128 = EDGE_LOOP ( 'NONE', ( #5540, #2045, #2745, #4116, #7633, #4684, #7375, #152 ) ) ;
#1129 = VERTEX_POINT ( 'NONE', #1443 ) ;
#1130 = EDGE_CURVE ( 'NONE', #9538, #2777, #8675, .T. ) ;
#1131 = B_SPLINE_CURVE_WITH_KNOTS ( 'NONE', 3,
 ( #9165, #3968, #1304, #7265, #562, #2456, #5435, #9261, #4072, #4762 ),
 .UNSPECIFIED., .F., .F.,
 ( 4, 2, 2, 2, 4 ),
 ( 0.000000000000000000, 0.0006469317931440564037, 0.001293863586288112807, 0.001940795379432169211, 0.002587727172576225615 ),
 .UNSPECIFIED. ) ;
#1132 = EDGE_CURVE ( 'NONE', #3915, #101, #6729, .T. ) ;
#1133 = CARTESIAN_POINT ( 'NONE',  ( 11.15000000000000036, 4.289617747577135987, 4.450000000000001066 ) ) ;
#1134 = CARTESIAN_POINT ( 'NONE',  ( 11.44999999999847873, 45.00000000000608935, -5.374767688884725558 ) ) ;
#1135 = DIRECTION ( 'NONE',  ( -0.000000000000000000, -1.000000000000000000, 0.000000000000000000 ) ) ;
#1136 = DIRECTION ( 'NONE',  ( -0.000000000000000000, 1.000000000000000000, -0.000000000000000000 ) ) ;
#1137 = DIRECTION ( 'NONE',  ( -0.000000000000000000, 1.000000000000000000, -0.000000000000000000 ) ) ;
#1138 = CARTESIAN_POINT ( 'NONE',  ( 1.520436165816475116, 38.57078715550566272, 8.819913906853308561 ) ) ;
#1139 = DIRECTION ( 'NONE',  ( 0.000000000000000000, -0.9999862922474268556, -0.005235963831419591756 ) ) ;
#1140 = ORIENTED_EDGE ( 'NONE', *, *, #3052, .F. ) ;
#1141 = AXIS2_PLACEMENT_3D ( 'NONE', #13, #3012, #1585 ) ;
#1142 = EDGE_LOOP ( 'NONE', ( #5712, #4697, #591, #714 ) ) ;
#1143 = EDGE_CURVE ( 'NONE', #7818, #6561, #3648, .T. ) ;
#1144 = CARTESIAN_POINT ( 'NONE',  ( 8.907559113699926812, 17.27303391499868468, 9.853338630601601977 ) ) ;
#1145 = CARTESIAN_POINT ( 'NONE',  ( 10.62090841955144427, 41.38859238695954446, 7.757373014958500512 ) ) ;
#1146 = ORIENTED_EDGE ( 'NONE', *, *, #4467, .F. ) ;
#1147 = CARTESIAN_POINT ( 'NONE',  ( 10.49999999999999467, 25.10000000000000497, 0.3000000000001101230 ) ) ;
#1148 = FACE_OUTER_BOUND ( 'NONE', #6970, .T. ) ;
#1149 = LINE ( 'NONE', #7029, #7324 ) ;
#1150 = B_SPLINE_SURFACE_WITH_KNOTS ( 'NONE', 3, 1, ( 
 ( #9497, #8861 ),
 ( #2064, #4950 ),
 ( #1417, #6554 ),
 ( #1316, #5779 ) ),
 .UNSPECIFIED., .F., .F., .F.,
 ( 4, 4 ),
 ( 2, 2 ),
 ( 0.000000000000000000, 1.000000000000000000 ),
 ( 0.000000000000000000, 1.000000000000000000 ),
 .UNSPECIFIED. ) ;
#1151 = CARTESIAN_POINT ( 'NONE',  ( 0.2999177563030051563, 25.08429275444475337, -7.500082243696994944 ) ) ;
#1152 = CARTESIAN_POINT ( 'NONE',  ( 8.003483471487401246, 3.430174004788864472, 10.54851246097735462 ) ) ;
#1153 = ORIENTED_EDGE ( 'NONE', *, *, #1557, .T. ) ;
#1154 = ORIENTED_EDGE ( 'NONE', *, *, #3594, .T. ) ;
#1155 = EDGE_CURVE ( 'NONE', #3978, #4671, #697, .T. ) ;
#1156 = DIRECTION ( 'NONE',  ( 0.000000000000000000, 0.000000000000000000, 1.000000000000000000 ) ) ;
#1157 = CARTESIAN_POINT ( 'NONE',  ( 10.12780412080222447, 11.78303391499870045, 8.208009405994797447 ) ) ;
#1158 = ORIENTED_EDGE ( 'NONE', *, *, #2079, .F. ) ;
#1159 = AXIS2_PLACEMENT_3D ( 'NONE', #401, #6375, #9378 ) ;
#1160 = CARTESIAN_POINT ( 'NONE',  ( 10.54018208151323499, 11.92175034480075446, 7.904202162685634470 ) ) ;
#1161 = DIRECTION ( 'NONE',  ( -0.000000000000000000, -0.000000000000000000, 1.000000000000000000 ) ) ;
#1162 = ORIENTED_EDGE ( 'NONE', *, *, #1989, .F. ) ;
#1163 = AXIS2_PLACEMENT_3D ( 'NONE', #8900, #9547, #5590 ) ;
#1164 = VERTEX_POINT ( 'NONE', #2084 ) ;
#1165 = CARTESIAN_POINT ( 'NONE',  ( 11.08650127859212020, 39.22556184165701865, 7.490863492372711541 ) ) ;
#1166 = VECTOR ( 'NONE', #731, 1000.000000000000114 ) ;
#1167 = B_SPLINE_CURVE_WITH_KNOTS ( 'NONE', 3,
 ( #3550, #9525, #2816, #5802, #5068, #8045, #3600, #2865 ),
 .UNSPECIFIED., .F., .F.,
 ( 4, 2, 2, 4 ),
 ( 0.000000000000000000, 0.0008080347846341067201, 0.001212052176951162628, 0.001616069569268218861 ),
 .UNSPECIFIED. ) ;
#1168 = CARTESIAN_POINT ( 'NONE',  ( 9.782615151031949452, 30.54803391499871168, 8.350724115243336243 ) ) ;
#1169 = CARTESIAN_POINT ( 'NONE',  ( 4.449999999999998401, 45.00000000000000000, -4.449999999999998401 ) ) ;
#1170 = PLANE ( 'NONE',  #994 ) ;
#1171 = CARTESIAN_POINT ( 'NONE',  ( 7.773560798690349216, 16.83803391499869662, 11.09342733247525814 ) ) ;
#1172 = CARTESIAN_POINT ( 'NONE',  ( 11.08650127859211842, 39.85396005793219842, 7.490863492372715093 ) ) ;
#1173 = EDGE_CURVE ( 'NONE', #5898, #2698, #8044, .T. ) ;
#1174 = DIRECTION ( 'NONE',  ( -0.000000000000000000, -1.000000000000000000, -0.000000000000000000 ) ) ;
#1175 = CARTESIAN_POINT ( 'NONE',  ( -4.449999999999990408, 36.00000000000000000, -9.890300914026143531 ) ) ;
#1176 = ORIENTED_EDGE ( 'NONE', *, *, #9330, .T. ) ;
#1177 = VERTEX_POINT ( 'NONE', #9577 ) ;
#1178 = ORIENTED_EDGE ( 'NONE', *, *, #2746, .T. ) ;
#1179 = CARTESIAN_POINT ( 'NONE',  ( -11.74268164529649283, 17.27303391499869534, -11.15931835470351885 ) ) ;
#1180 = CARTESIAN_POINT ( 'NONE',  ( -7.444206861401116981, 39.83335412408865750, 5.262818710037228342 ) ) ;
#1181 = CARTESIAN_POINT ( 'NONE',  ( -5.331745340123434929, 39.19999999999998153, -7.497499024879690666 ) ) ;
#1182 = CARTESIAN_POINT ( 'NONE',  ( 9.373159838568572155, 28.02803391499868724, 9.426193043271693384 ) ) ;
#1183 = CARTESIAN_POINT ( 'NONE',  ( 0.000000000000000000, 39.99999999999998579, 0.000000000000000000 ) ) ;
#1184 = DIRECTION ( 'NONE',  ( -5.916472195554086663E-07, 0.9999999999996499467, 5.916472195554086663E-07 ) ) ;
#1185 = CARTESIAN_POINT ( 'NONE',  ( 7.384537521228040191, 36.06803391499870770, 10.42863241035030519 ) ) ;
#1186 = CARTESIAN_POINT ( 'NONE',  ( 0.000000000000000000, 39.99999999999998579, 0.000000000000000000 ) ) ;
#1187 = EDGE_CURVE ( 'NONE', #4223, #968, #5848, .T. ) ;
#1188 = ADVANCED_FACE ( 'NONE', ( #1389 ), #500, .T. ) ;
#1189 = VERTEX_POINT ( 'NONE', #7503 ) ;
#1190 = ORIENTED_EDGE ( 'NONE', *, *, #7287, .T. ) ;
#1191 = CARTESIAN_POINT ( 'NONE',  ( 7.326300904425133709, 39.99999999999998579, 5.140799068026228547 ) ) ;
#1192 = CIRCLE ( 'NONE', #4955, 7.299999999999998046 ) ;
#1193 = DIRECTION ( 'NONE',  ( 0.000000000000000000, 0.000000000000000000, 1.000000000000000000 ) ) ;
#1194 = ORIENTED_EDGE ( 'NONE', *, *, #1949, .F. ) ;
#1195 = CARTESIAN_POINT ( 'NONE',  ( 7.277239362757853769, 40.01416538730862982, 10.85412367688392798 ) ) ;
#1196 = LINE ( 'NONE', #2618, #8424 ) ;
#1197 = CARTESIAN_POINT ( 'NONE',  ( -8.818141051064241509, 39.15591825482287192, 1.530649667146483539 ) ) ;
#1198 = FACE_OUTER_BOUND ( 'NONE', #3343, .T. ) ;
#1199 = ADVANCED_FACE ( 'NONE', ( #7692 ), #6237, .F. ) ;
#1200 = CARTESIAN_POINT ( 'NONE',  ( 11.02771138573753440, 3.963426981883492850, 6.203710828201707272 ) ) ;
#1201 = CARTESIAN_POINT ( 'NONE',  ( 10.53308714934028245, 12.11303391499871829, 7.552632262753034453 ) ) ;
#1202 = ORIENTED_EDGE ( 'NONE', *, *, #9299, .F. ) ;
#1203 = ORIENTED_EDGE ( 'NONE', *, *, #2829, .T. ) ;
#1204 = CARTESIAN_POINT ( 'NONE',  ( -11.09790554669993945, 0.06208375187461112610, -5.327186072629241487 ) ) ;
#1205 = CARTESIAN_POINT ( 'NONE',  ( 11.32004230891593721, 34.00316692505803218, 6.918302792143839142 ) ) ;
#1206 = ORIENTED_EDGE ( 'NONE', *, *, #6583, .T. ) ;
#1207 = B_SPLINE_CURVE_WITH_KNOTS ( 'NONE', 3,
 ( #9062, #4519, #3821, #91 ),
 .UNSPECIFIED., .F., .F.,
 ( 4, 4 ),
 ( 0.002351916184660963940, 0.002708655804823786525 ),
 .UNSPECIFIED. ) ;
#1208 = CARTESIAN_POINT ( 'NONE',  ( 8.521383184176720249, 42.54803391499870457, 10.14419344311405524 ) ) ;
#1209 = EDGE_CURVE ( 'NONE', #5716, #3510, #9686, .T. ) ;
#1210 = CARTESIAN_POINT ( 'NONE',  ( 4.502094453300079735, 2.812784650926727359, 11.15000000000000568 ) ) ;
#1211 = ORIENTED_EDGE ( 'NONE', *, *, #4965, .F. ) ;
#1212 = VERTEX_POINT ( 'NONE', #4679 ) ;
#1213 = CIRCLE ( 'NONE', #6692, 8.949999999999999289 ) ;
#1214 = CARTESIAN_POINT ( 'NONE',  ( -0.2999999999999998779, 25.10000000000000497, -10.49999999999999822 ) ) ;
#1215 = DIRECTION ( 'NONE',  ( 0.9998476951563912696, 0.01745240643728355329, -1.858349216988315142E-16 ) ) ;
#1216 = CARTESIAN_POINT ( 'NONE',  ( 8.192672966709855231, 6.546309346516099303, 10.37053238361977847 ) ) ;
#1217 = CARTESIAN_POINT ( 'NONE',  ( 10.83021128652074161, 6.698033914998700489, 7.319426314043553816 ) ) ;
#1218 = CARTESIAN_POINT ( 'NONE',  ( 11.27581380109597298, 41.67803391499871424, 7.765028828618961931 ) ) ;
#1219 = EDGE_CURVE ( 'NONE', #8422, #4896, #989, .T. ) ;
#1220 = CARTESIAN_POINT ( 'NONE',  ( 11.08192006024133214, 33.77303391499871310, 6.680180543469232290 ) ) ;
#1221 = CARTESIAN_POINT ( 'NONE',  ( 10.63088545913196548, 37.37303391499870742, 7.162526893526126592 ) ) ;
#1222 = CARTESIAN_POINT ( 'NONE',  ( 6.998095161224518357, 26.89513280383478744, 11.29086463847097477 ) ) ;
#1223 = VERTEX_POINT ( 'NONE', #1636 ) ;
#1224 = EDGE_LOOP ( 'NONE', ( #139, #3030, #2054, #7659 ) ) ;
#1225 = AXIS2_PLACEMENT_3D ( 'NONE', #1648, #4602, #2388 ) ;
#1226 = VERTEX_POINT ( 'NONE', #1737 ) ;
#1227 = B_SPLINE_SURFACE_WITH_KNOTS ( 'NONE', 2, 1, ( 
 ( #3829, #5394 ),
 ( #97, #4627 ),
 ( #5199, #785 ) ),
 .UNSPECIFIED., .F., .F., .F.,
 ( 3, 3 ),
 ( 2, 2 ),
 ( 0.000000000000000000, 1.000000000000000000 ),
 ( 0.000000000000000000, 1.000000000000000000 ),
 .UNSPECIFIED. ) ;
#1228 = EDGE_CURVE ( 'NONE', #8258, #9247, #1684, .T. ) ;
#1229 = CARTESIAN_POINT ( 'NONE',  ( 1.541019402581311315, 39.74999999999998579, 9.070019801569776163 ) ) ;
#1230 = CARTESIAN_POINT ( 'NONE',  ( 11.26888491248126023, 4.005952381681820107, -6.273782617303256259 ) ) ;
#1231 = CARTESIAN_POINT ( 'NONE',  ( 8.052220959737464767, 16.50803391499869477, 10.79933100076127950 ) ) ;
#1232 = CARTESIAN_POINT ( 'NONE',  ( 9.457159210104588709, 12.50760433408228955, 9.342004557003217968 ) ) ;
#1233 = CARTESIAN_POINT ( 'NONE',  ( 11.30308915960472227, 28.11803400285407051, 6.964988860911352830 ) ) ;
#1234 = AXIS2_PLACEMENT_3D ( 'NONE', #7976, #1367, #2938 ) ;
#1235 = CIRCLE ( 'NONE', #3589, 9.199999999999992184 ) ;
#1236 = ORIENTED_EDGE ( 'NONE', *, *, #4888, .F. ) ;
#1237 = VERTEX_POINT ( 'NONE', #9134 ) ;
#1238 = LINE ( 'NONE', #1885, #1110 ) ;
#1239 = VECTOR ( 'NONE', #1537, 1000.000000000000000 ) ;
#1240 = CONICAL_SURFACE ( 'NONE', #5304, 5.599999999999998757, 0.005235987755983000265 ) ;
#1241 = EDGE_CURVE ( 'NONE', #1189, #2993, #5452, .T. ) ;
#1242 = ORIENTED_EDGE ( 'NONE', *, *, #5096, .F. ) ;
#1243 = EDGE_CURVE ( 'NONE', #9183, #3021, #1711, .T. ) ;
#1244 = CARTESIAN_POINT ( 'NONE',  ( 7.249132938130996351, 39.70848339048043130, 10.86598432001436798 ) ) ;
#1245 = CARTESIAN_POINT ( 'NONE',  ( 11.26464895038236058, 9.113033914998714735, 7.647797960727209521 ) ) ;
#1246 = CARTESIAN_POINT ( 'NONE',  ( 7.305234675212532558, 37.62103786248644610, 11.16947535060338126 ) ) ;
#1247 = CARTESIAN_POINT ( 'NONE',  ( 9.855113062455126638, 26.48303391499869619, 9.356602977832736201 ) ) ;
#1248 = CARTESIAN_POINT ( 'NONE',  ( -5.323656006881912539, 1.080239739090539386, 11.45689840983673768 ) ) ;
#1249 = DIRECTION ( 'NONE',  ( 0.000000000000000000, 0.000000000000000000, 1.000000000000000000 ) ) ;
#1250 = VERTEX_POINT ( 'NONE', #3059 ) ;
#1251 = ORIENTED_EDGE ( 'NONE', *, *, #2128, .F. ) ;
#1252 = CARTESIAN_POINT ( 'NONE',  ( -13.58823014807940410, 29.42303400285404535, -9.313769851920607579 ) ) ;
#1253 = EDGE_CURVE ( 'NONE', #3171, #1652, #6139, .T. ) ;
#1254 = FACE_OUTER_BOUND ( 'NONE', #2733, .T. ) ;
#1255 = VERTEX_POINT ( 'NONE', #8237 ) ;
#1256 = EDGE_CURVE ( 'NONE', #5970, #6272, #7672, .T. ) ;
#1257 = VECTOR ( 'NONE', #7827, 1000.000000000000114 ) ;
#1258 = CARTESIAN_POINT ( 'NONE',  ( 7.160191781610011574, 32.12618012366569076, 10.90491152447462220 ) ) ;
#1259 = CARTESIAN_POINT ( 'NONE',  ( 9.126916761545190937, 42.76041479629467545, 9.662057160612064877 ) ) ;
#1260 = CARTESIAN_POINT ( 'NONE',  ( 7.859083558773534151, 17.10803391499870330, 10.56376719292615185 ) ) ;
#1261 = CARTESIAN_POINT ( 'NONE',  ( 10.27567557441572177, 17.21303391499870372, 8.292241249301529393 ) ) ;
#1262 = ORIENTED_EDGE ( 'NONE', *, *, #2601, .T. ) ;
#1263 = CONICAL_SURFACE ( 'NONE', #6888, 5.600000000000000533, 0.005235987755983000265 ) ;
#1264 = VERTEX_POINT ( 'NONE', #8283 ) ;
#1265 = FACE_OUTER_BOUND ( 'NONE', #3279, .T. ) ;
#1266 = EDGE_CURVE ( 'NONE', #1601, #3702, #7546, .T. ) ;
#1267 = CARTESIAN_POINT ( 'NONE',  ( 7.885862178887991902, 11.47605185010906403, 10.55019447006959865 ) ) ;
#1268 = VECTOR ( 'NONE', #4430, 1000.000000000000000 ) ;
#1269 = CARTESIAN_POINT ( 'NONE',  ( 0.000000000000000000, 39.19999999999998153, 0.000000000000000000 ) ) ;
#1270 = CARTESIAN_POINT ( 'NONE',  ( 8.028413761150414274, 36.92303391499869036, 11.19978787088625793 ) ) ;
#1271 = CARTESIAN_POINT ( 'NONE',  ( 8.081152248506500158, 17.10803391499870330, 10.78583588265910720 ) ) ;
#1272 = CARTESIAN_POINT ( 'NONE',  ( 7.915651612510999691, 37.67803391499873555, 10.87489368789087330 ) ) ;
#1273 = CARTESIAN_POINT ( 'NONE',  ( 7.588873243386024647, 39.40303391499872987, 11.20572462526939717 ) ) ;
#1274 = CARTESIAN_POINT ( 'NONE',  ( 7.358696834076595472, 7.061780352693340035, 11.14629579070182608 ) ) ;
#1275 = ORIENTED_EDGE ( 'NONE', *, *, #5413, .F. ) ;
#1276 = ORIENTED_EDGE ( 'NONE', *, *, #3524, .T. ) ;
#1277 = B_SPLINE_CURVE_WITH_KNOTS ( 'NONE', 3,
 ( #8214, #2933, #8164, #9693, #2205, #6602, #5185, #9599 ),
 .UNSPECIFIED., .F., .F.,
 ( 4, 2, 2, 4 ),
 ( 0.000000000000000000, 0.001043112888677069118, 0.001564669333015600858, 0.002086225777354133032 ),
 .UNSPECIFIED. ) ;
#1278 = ORIENTED_EDGE ( 'NONE', *, *, #962, .F. ) ;
#1279 = EDGE_CURVE ( 'NONE', #4852, #6924, #1868, .T. ) ;
#1280 = DIRECTION ( 'NONE',  ( 0.9848077530122072432, 0.1736481776669349109, -1.919515874690163325E-16 ) ) ;
#1281 = CARTESIAN_POINT ( 'NONE',  ( 8.003483471486314116, 3.430174004789157571, -10.54851246097665474 ) ) ;
#1282 = DIRECTION ( 'NONE',  ( -0.000000000000000000, 1.000000000000000000, -0.000000000000000000 ) ) ;
#1283 = CARTESIAN_POINT ( 'NONE',  ( 6.995967103447775948, 33.52575891068947556, 11.29164099527020504 ) ) ;
#1284 = CARTESIAN_POINT ( 'NONE',  ( 10.21252412122877118, 11.78303391499870045, 8.420008627034922810 ) ) ;
#1285 = PLANE ( 'NONE',  #2059 ) ;
#1286 = ORIENTED_EDGE ( 'NONE', *, *, #8516, .T. ) ;
#1287 = ORIENTED_EDGE ( 'NONE', *, *, #4673, .F. ) ;
#1288 = CARTESIAN_POINT ( 'NONE',  ( 7.525797323011105711, 35.94773563076353895, 10.74001967722912632 ) ) ;
#1289 = DIRECTION ( 'NONE',  ( -0.000000000000000000, 1.000000000000000000, -0.000000000000000000 ) ) ;
#1290 = CARTESIAN_POINT ( 'NONE',  ( 9.099464154798585724, 17.27303391499869534, 9.682827445391557930 ) ) ;
#1291 = DIRECTION ( 'NONE',  ( 0.7071067811865474617, 0.000000000000000000, 0.7071067811865474617 ) ) ;
#1292 = CARTESIAN_POINT ( 'NONE',  ( -11.43509019548032057, 6.083033914998696723, -11.46690980451969111 ) ) ;
#1293 = CARTESIAN_POINT ( 'NONE',  ( 11.08140484849210594, 33.77303391499871310, 6.679665331720006982 ) ) ;
#1294 = VECTOR ( 'NONE', #7638, 1000.000000000000000 ) ;
#1295 = CARTESIAN_POINT ( 'NONE',  ( 7.293315274424631234, 17.25803391499868766, 10.84652704600111051 ) ) ;
#1296 = EDGE_CURVE ( 'NONE', #2077, #7388, #8574, .T. ) ;
#1297 = CARTESIAN_POINT ( 'NONE',  ( 10.86598420087329764, 8.557972591494344528, 7.249133211218135919 ) ) ;
#1298 = ORIENTED_EDGE ( 'NONE', *, *, #5757, .T. ) ;
#1299 = ORIENTED_EDGE ( 'NONE', *, *, #8392, .F. ) ;
#1300 = FACE_OUTER_BOUND ( 'NONE', #1083, .T. ) ;
#1301 = CARTESIAN_POINT ( 'NONE',  ( 10.36599022975279816, 42.47368593235198375, 8.728395354036697640 ) ) ;
#1302 = EDGE_LOOP ( 'NONE', ( #4641, #1930, #2881, #2435 ) ) ;
#1303 =( BOUNDED_CURVE ( )  B_SPLINE_CURVE ( 3, ( #7393, #2073, #6514, #8721 ),
 .UNSPECIFIED., .F., .T. ) 
 B_SPLINE_CURVE_WITH_KNOTS ( ( 4, 4 ),
 ( 4.711465725904290913, 6.283185307179586232 ),
 .UNSPECIFIED. ) 
 CURVE ( )  GEOMETRIC_REPRESENTATION_ITEM ( )  RATIONAL_B_SPLINE_CURVE ( ( 1.000000000000000000, 0.8045201907360614024, 0.8045201907360614024, 1.000000000000000000 ) ) 
 REPRESENTATION_ITEM ( '' )  );
#1304 = CARTESIAN_POINT ( 'NONE',  ( 7.358874528070296961, 10.70075730154134064, 10.81810152410846726 ) ) ;
#1305 = PLANE ( 'NONE',  #2886 ) ;
#1306 = EDGE_CURVE ( 'NONE', #509, #7436, #4062, .T. ) ;
#1307 = EDGE_LOOP ( 'NONE', ( #1484, #8151, #6609, #1054 ) ) ;
#1308 = EDGE_CURVE ( 'NONE', #6670, #3063, #8480, .T. ) ;
#1309 = ORIENTED_EDGE ( 'NONE', *, *, #1243, .T. ) ;
#1310 = AXIS2_PLACEMENT_3D ( 'NONE', #888, #9026, #2230 ) ;
#1311 = CARTESIAN_POINT ( 'NONE',  ( 11.27796417352709746, 35.13803391499870798, 7.661113183872074295 ) ) ;
#1312 = FACE_OUTER_BOUND ( 'NONE', #1464, .T. ) ;
#1313 = PLANE ( 'NONE',  #7341 ) ;
#1314 = CARTESIAN_POINT ( 'NONE',  ( 9.069515401366238905, 5.483033914998699743, 9.080122199198056521 ) ) ;
#1315 = DIRECTION ( 'NONE',  ( -0.000000000000000000, 1.000000000000000000, 0.000000000000000000 ) ) ;
#1316 = CARTESIAN_POINT ( 'NONE',  ( 10.42245394355993326, 37.61303391499870941, 7.696557498199970482 ) ) ;
#1317 = CARTESIAN_POINT ( 'NONE',  ( 8.013418968634816508, 35.44213049464339349, 10.82141596209370782 ) ) ;
#1318 = CARTESIAN_POINT ( 'NONE',  ( 9.318385255279443058, 27.57712848444037945, 9.890222025482774626 ) ) ;
#1319 = ORIENTED_EDGE ( 'NONE', *, *, #495, .F. ) ;
#1320 = EDGE_CURVE ( 'NONE', #6272, #7269, #3256, .T. ) ;
#1321 = ORIENTED_EDGE ( 'NONE', *, *, #1509, .F. ) ;
#1322 = VERTEX_POINT ( 'NONE', #8530 ) ;
#1323 = VECTOR ( 'NONE', #1119, 1000.000000000000000 ) ;
#1324 = CARTESIAN_POINT ( 'NONE',  ( 10.92352247913743923, 44.90716780833542288, -6.203710828201704608 ) ) ;
#1325 = CARTESIAN_POINT ( 'NONE',  ( 5.407109157683995804, 2.972363161247239205, -11.44325610668344062 ) ) ;
#1326 = CARTESIAN_POINT ( 'NONE',  ( 8.587128299136198351, 11.87303400285404820, 10.46449660707249585 ) ) ;
#1327 = CARTESIAN_POINT ( 'NONE',  ( -5.323807237681030813, 39.74999999999998579, 7.503137776691493954 ) ) ;
#1328 = CARTESIAN_POINT ( 'NONE',  ( 4.449999999999999289, 45.00000000000000000, 4.450000000000001954 ) ) ;
#1329 = LINE ( 'NONE', #7291, #1268 ) ;
#1330 = CARTESIAN_POINT ( 'NONE',  ( 0.000000000000000000, 39.19999999999998153, 0.000000000000000000 ) ) ;
#1331 = VERTEX_POINT ( 'NONE', #4873 ) ;
#1332 = EDGE_CURVE ( 'NONE', #2391, #7571, #9307, .T. ) ;
#1333 = ORIENTED_EDGE ( 'NONE', *, *, #4248, .F. ) ;
#1334 = CARTESIAN_POINT ( 'NONE',  ( 5.303138069327460791, 39.19294086138773991, -7.468717497908810898 ) ) ;
#1335 = CARTESIAN_POINT ( 'NONE',  ( 0.000000000000000000, 39.99999999999999289, 0.000000000000000000 ) ) ;
#1336 = DIRECTION ( 'NONE',  ( -1.000000000000000000, 0.000000000000000000, -1.047444401652940007E-14 ) ) ;
#1337 = CARTESIAN_POINT ( 'NONE',  ( 10.85952651909574485, 39.57803391499871992, 7.263888732876340626 ) ) ;
#1338 = CARTESIAN_POINT ( 'NONE',  ( 4.450000000000002842, 25.10000000000000497, 9.947373702128276207 ) ) ;
#1339 = CARTESIAN_POINT ( 'NONE',  ( 7.214511719903127229, 37.81867250891045273, 11.20670417092785165 ) ) ;
#1340 = DIRECTION ( 'NONE',  ( -3.898255002195072399E-16, -0.000000000000000000, -1.000000000000000000 ) ) ;
#1341 = CARTESIAN_POINT ( 'NONE',  ( 7.293315545954916601, 20.00303400285404720, 10.84652692530337781 ) ) ;
#1342 = DIRECTION ( 'NONE',  ( -0.000000000000000000, 1.000000000000000000, 0.000000000000000000 ) ) ;
#1343 = VERTEX_POINT ( 'NONE', #7788 ) ;
#1344 = ORIENTED_EDGE ( 'NONE', *, *, #2914, .F. ) ;
#1345 = UNCERTAINTY_MEASURE_WITH_UNIT (LENGTH_MEASURE( 1.000000000000000082E-05 ), #7306, 'distance_accuracy_value', 'NONE');
#1346 = CARTESIAN_POINT ( 'NONE',  ( -4.450000000000001066, 1.538916848525021974, -11.44999999999999751 ) ) ;
#1347 = DIRECTION ( 'NONE',  ( 0.000000000000000000, 0.000000000000000000, 1.000000000000000000 ) ) ;
#1348 = ORIENTED_EDGE ( 'NONE', *, *, #6637, .T. ) ;
#1349 = CARTESIAN_POINT ( 'NONE',  ( 7.299750650367234250, 37.39999999999999858, -5.178430306807570105 ) ) ;
#1350 = ADVANCED_FACE ( 'NONE', ( #4227 ), #348, .T. ) ;
#1351 = VECTOR ( 'NONE', #5184, 1000.000000000000114 ) ;
#1352 = DIRECTION ( 'NONE',  ( -2.623817611436788400E-15, 1.000000000000000000, 2.623817611436788400E-15 ) ) ;
#1353 = CARTESIAN_POINT ( 'NONE',  ( 10.89153237827059684, 33.62287325442814989, 7.189828574873182276 ) ) ;
#1354 = CARTESIAN_POINT ( 'NONE',  ( 10.80780694312863943, 9.626787088617744459, 7.379647783882142598 ) ) ;
#1355 = VERTEX_POINT ( 'NONE', #7933 ) ;
#1356 = ORIENTED_EDGE ( 'NONE', *, *, #1228, .F. ) ;
#1357 = LINE ( 'NONE', #4357, #3991 ) ;
#1358 = EDGE_LOOP ( 'NONE', ( #4999, #6878, #9235, #7708 ) ) ;
#1359 = CARTESIAN_POINT ( 'NONE',  ( -1.510219599821712499, 37.98548048166760083, -8.821669015494823185 ) ) ;
#1360 = ADVANCED_FACE ( 'NONE', ( #4032 ), #1456, .T. ) ;
#1361 = EDGE_CURVE ( 'NONE', #2927, #3214, #297, .T. ) ;
#1362 = CARTESIAN_POINT ( 'NONE',  ( 10.50220114168391383, 10.68803391499870870, 7.967223527244184922 ) ) ;
#1363 = CARTESIAN_POINT ( 'NONE',  ( 7.550358723726422916, 36.92303391499869036, 10.72173283346226569 ) ) ;
#1364 = PLANE ( 'NONE',  #6559 ) ;
#1365 = CARTESIAN_POINT ( 'NONE',  ( 10.39893693084116677, 30.76145465407167379, 8.686492616051447513 ) ) ;
#1366 = CARTESIAN_POINT ( 'NONE',  ( 10.99297262366547479, 32.37055654475627620, 6.939316438615000138 ) ) ;
#1367 = DIRECTION ( 'NONE',  ( -0.000000000000000000, 1.000000000000000000, -0.000000000000000000 ) ) ;
#1368 = ORIENTED_EDGE ( 'NONE', *, *, #8233, .T. ) ;
#1369 = ORIENTED_EDGE ( 'NONE', *, *, #3298, .T. ) ;
#1370 = ORIENTED_EDGE ( 'NONE', *, *, #4875, .T. ) ;
#1371 = CARTESIAN_POINT ( 'NONE',  ( 10.82035446164390358, 17.19654263951612450, 8.017123230224935782 ) ) ;
#1372 = CARTESIAN_POINT ( 'NONE',  ( 10.33329258473374423, 6.803033914998705356, 7.777101766858407927 ) ) ;
#1373 = EDGE_CURVE ( 'NONE', #6561, #6887, #9654, .T. ) ;
#1374 = LINE ( 'NONE', #2653, #7653 ) ;
#1375 = CARTESIAN_POINT ( 'NONE',  ( 8.106164902280177387, 31.20803391499870472, 10.76842212956167621 ) ) ;
#1376 = CARTESIAN_POINT ( 'NONE',  ( 7.859083558773571454, 6.143033914998687450, 10.56376719292613231 ) ) ;
#1377 = DIRECTION ( 'NONE',  ( -0.1736481776669352717, 0.9848077530122072432, 0.000000000000000000 ) ) ;
#1378 = CARTESIAN_POINT ( 'NONE',  ( 9.292805653252756315, 30.54803391499870102, 9.507430286301158162 ) ) ;
#1379 = ORIENTED_EDGE ( 'NONE', *, *, #8122, .T. ) ;
#1380 = CIRCLE ( 'NONE', #4044, 6.100000000000001421 ) ;
#1381 = EDGE_LOOP ( 'NONE', ( #904, #353, #9650, #4560 ) ) ;
#1382 = CARTESIAN_POINT ( 'NONE',  ( 10.54761776089684489, 36.70879617046801258, 7.889202731590728490 ) ) ;
#1383 = CARTESIAN_POINT ( 'NONE',  ( 7.447101363413962893, 13.97953307900525388, 11.10637915216841520 ) ) ;
#1384 = DIRECTION ( 'NONE',  ( 0.000000000000000000, -1.000000000000000000, -0.000000000000000000 ) ) ;
#1385 = ADVANCED_FACE ( 'NONE', ( #7740 ), #2081, .T. ) ;
#1386 = VECTOR ( 'NONE', #2622, 1000.000000000000114 ) ;
#1387 = CARTESIAN_POINT ( 'NONE',  ( 6.993318937946491509, 12.23303391499867843, 10.77987594731451182 ) ) ;
#1388 = CIRCLE ( 'NONE', #6075, 0.2999999999999999334 ) ;
#1389 = FACE_OUTER_BOUND ( 'NONE', #1569, .T. ) ;
#1390 = CARTESIAN_POINT ( 'NONE',  ( 6.967179088929205122, 38.87059225688252440, 11.30235743317697761 ) ) ;
#1391 = DIRECTION ( 'NONE',  ( 0.000000000000000000, -0.000000000000000000, 1.000000000000000000 ) ) ;
#1392 = CARTESIAN_POINT ( 'NONE',  ( 11.02232027150787452, 16.71382015720525871, 7.629124262646194587 ) ) ;
#1393 = CARTESIAN_POINT ( 'NONE',  ( 5.326454266351382749, 39.56668310586260162, -7.501259593081778476 ) ) ;
#1394 = EDGE_LOOP ( 'NONE', ( #6248, #1978, #33, #2003 ) ) ;
#1395 = VECTOR ( 'NONE', #8264, 999.9999999999998863 ) ;
#1396 = AXIS2_PLACEMENT_3D ( 'NONE', #3552, #1342, #8840 ) ;
#1397 = ORIENTED_EDGE ( 'NONE', *, *, #2040, .F. ) ;
#1398 = CARTESIAN_POINT ( 'NONE',  ( 9.096662843107434782, 5.549476578985899522, 10.08274037323708860 ) ) ;
#1399 = DIRECTION ( 'NONE',  ( 0.9999862922474268556, -0.005235963831419591756, 5.420936552551924172E-17 ) ) ;
#1400 = ORIENTED_EDGE ( 'NONE', *, *, #7097, .F. ) ;
#1401 = EDGE_CURVE ( 'NONE', #6296, #7977, #8626, .T. ) ;
#1402 = CARTESIAN_POINT ( 'NONE',  ( 10.77869090235775396, 15.14836512420305503, 7.442972883140179796 ) ) ;
#1403 = CARTESIAN_POINT ( 'NONE',  ( 9.347021951381707439, 42.80303400285406212, 9.315201950114481377 ) ) ;
#1404 =( BOUNDED_CURVE ( )  B_SPLINE_CURVE ( 3, ( #263, #4788, #2760, #3548 ),
 .UNSPECIFIED., .F., .F. ) 
 B_SPLINE_CURVE_WITH_KNOTS ( ( 4, 4 ),
 ( 1.402500893643991775, 1.403559262272814800 ),
 .UNSPECIFIED. ) 
 CURVE ( )  GEOMETRIC_REPRESENTATION_ITEM ( )  RATIONAL_B_SPLINE_CURVE ( ( 1.000000000000000000, 0.9999999066546558790, 0.9999999066546558790, 1.000000000000000000 ) ) 
 REPRESENTATION_ITEM ( '' )  );
#1405 = CARTESIAN_POINT ( 'NONE',  ( 6.759033533881964040, 26.54303391499870202, 11.05470742570436471 ) ) ;
#1406 = CARTESIAN_POINT ( 'NONE',  ( 0.000000000000000000, 44.20218114339339621, 0.000000000000000000 ) ) ;
#1407 = EDGE_LOOP ( 'NONE', ( #1581, #3996, #2662, #2557 ) ) ;
#1408 = EDGE_LOOP ( 'NONE', ( #5565, #9248, #1852, #8212 ) ) ;
#1409 = AXIS2_PLACEMENT_3D ( 'NONE', #1785, #3984, #6964 ) ;
#1410 = DIRECTION ( 'NONE',  ( -0.7071067811865466846, 4.728850322352151724E-08, 0.7071067811865466846 ) ) ;
#1411 = ORIENTED_EDGE ( 'NONE', *, *, #2148, .F. ) ;
#1412 = CARTESIAN_POINT ( 'NONE',  ( -10.71384108255611345, 42.30803400285406468, -12.18815891744390001 ) ) ;
#1413 = CARTESIAN_POINT ( 'NONE',  ( 7.684599441165782530, 16.39266760221838481, 10.66012312803442441 ) ) ;
#1414 = FACE_OUTER_BOUND ( 'NONE', #691, .T. ) ;
#1415 = CARTESIAN_POINT ( 'NONE',  ( -8.039008516785559166, 0.6014498294575059134, -10.57564898310926615 ) ) ;
#1416 = CIRCLE ( 'NONE', #2834, 8.949999999999993960 ) ;
#1417 = CARTESIAN_POINT ( 'NONE',  ( 10.69822558822268732, 38.15303391499870855, 7.420785853537215537 ) ) ;
#1418 = B_SPLINE_CURVE_WITH_KNOTS ( 'NONE', 3,
 ( #8414, #6066, #1620, #7575, #6903, #972, #238 ),
 .UNSPECIFIED., .F., .F.,
 ( 4, 3, 4 ),
 ( 0.0005202666446342439025, 0.0006438354628984199442, 0.0007775765597507776133 ),
 .UNSPECIFIED. ) ;
#1419 = CARTESIAN_POINT ( 'NONE',  ( 8.146002415600646529, 35.62114821539321952, 10.74528022918202730 ) ) ;
#1420 = CARTESIAN_POINT ( 'NONE',  ( 7.755837081151517154, 6.467877320565439625, 10.96037282906040389 ) ) ;
#1421 = ORIENTED_EDGE ( 'NONE', *, *, #5942, .T. ) ;
#1422 = ORIENTED_EDGE ( 'NONE', *, *, #1851, .T. ) ;
#1423 = EDGE_CURVE ( 'NONE', #1014, #8241, #4463, .T. ) ;
#1424 = CARTESIAN_POINT ( 'NONE',  ( 10.92011510449602341, 16.47250183557943970, 7.837328597274470177 ) ) ;
#1425 = CIRCLE ( 'NONE', #6588, 0.7136548544052906395 ) ;
#1426 = CARTESIAN_POINT ( 'NONE',  ( 11.08408739145918709, 17.63074181966178955, 7.496745416801164907 ) ) ;
#1427 = CARTESIAN_POINT ( 'NONE',  ( 10.86362267062365738, 8.738033914998714735, 7.246771680968495666 ) ) ;
#1428 = SURFACE_STYLE_USAGE ( .BOTH. , #2219 ) ;
#1429 = CARTESIAN_POINT ( 'NONE',  ( -5.262818710037359793, 39.83335412408865750, 7.444206861401025499 ) ) ;
#1430 = CARTESIAN_POINT ( 'NONE',  ( 8.823455658263052115, 28.65803391499869335, 10.40383951032911369 ) ) ;
#1431 = CARTESIAN_POINT ( 'NONE',  ( -1.500000000000000000, 37.39999999999999858, 8.823406371691151051 ) ) ;
#1432 = CARTESIAN_POINT ( 'NONE',  ( 8.079241426209586407, 17.10803391499870330, 10.78392506036220411 ) ) ;
#1433 = AXIS2_PLACEMENT_3D ( 'NONE', #6057, #3860, #2257 ) ;
#1434 = EDGE_CURVE ( 'NONE', #3904, #8335, #3538, .T. ) ;
#1435 = EDGE_CURVE ( 'NONE', #9433, #8070, #1303, .T. ) ;
#1436 = ORIENTED_EDGE ( 'NONE', *, *, #5679, .F. ) ;
#1437 = CARTESIAN_POINT ( 'NONE',  ( 10.32978354388256292, 36.41552408096944760, 8.250131874327051307 ) ) ;
#1438 = B_SPLINE_CURVE_WITH_KNOTS ( 'NONE', 3,
 ( #5669, #7263, #8844, #8099, #6440, #5812 ),
 .UNSPECIFIED., .F., .F.,
 ( 4, 2, 4 ),
 ( 0.000000000000000000, 0.001146729307851594021, 0.002293458615703188042 ),
 .UNSPECIFIED. ) ;
#1439 = CARTESIAN_POINT ( 'NONE',  ( -8.426863585400345968, 41.49517265803223864, -11.14999999999999503 ) ) ;
#1440 = CARTESIAN_POINT ( 'NONE',  ( 9.903674617814822057, 31.14803391499870244, 9.314080088460459095 ) ) ;
#1441 = DIRECTION ( 'NONE',  ( 3.367059621524637781E-15, 0.01745240643728355329, -0.9998476951563912696 ) ) ;
#1442 = CIRCLE ( 'NONE', #8156, 5.440300914026146906 ) ;
#1443 = CARTESIAN_POINT ( 'NONE',  ( 11.30308915960473115, 23.42303400285406667, 6.964988860911340396 ) ) ;
#1444 = CARTESIAN_POINT ( 'NONE',  ( 10.97105993988317785, 36.12803391499869576, 7.799686222375685318 ) ) ;
#1445 = CARTESIAN_POINT ( 'NONE',  ( 10.80063679945303257, 41.33303391499871537, 6.992866978877668949 ) ) ;
#1446 = ORIENTED_EDGE ( 'NONE', *, *, #529, .F. ) ;
#1447 = FACE_OUTER_BOUND ( 'NONE', #2380, .T. ) ;
#1448 = CARTESIAN_POINT ( 'NONE',  ( 9.070019801569781492, 39.74999999999998579, -1.541019402581279785 ) ) ;
#1449 = EDGE_LOOP ( 'NONE', ( #3100, #4758, #4799, #8995 ) ) ;
#1450 = EDGE_CURVE ( 'NONE', #9558, #5982, #9535, .T. ) ;
#1451 = ORIENTED_EDGE ( 'NONE', *, *, #320, .T. ) ;
#1452 = CARTESIAN_POINT ( 'NONE',  ( 7.269713613005580832, 9.111881486878685266, 10.85709217511337954 ) ) ;
#1453 = CARTESIAN_POINT ( 'NONE',  ( 7.560614125449754752, 32.56244572792422787, 10.72126403966876751 ) ) ;
#1454 = ORIENTED_EDGE ( 'NONE', *, *, #8829, .T. ) ;
#1455 = CARTESIAN_POINT ( 'NONE',  ( 7.317700093927267169, 39.15591825482287192, -5.153034575406695517 ) ) ;
#1456 = B_SPLINE_SURFACE_WITH_KNOTS ( 'NONE', 3, 1, ( 
 ( #5695, #9322 ),
 ( #3447, #9416 ),
 ( #392, #3394 ),
 ( #7151, #1829 ) ),
 .UNSPECIFIED., .F., .F., .F.,
 ( 4, 4 ),
 ( 2, 2 ),
 ( 0.000000000000000000, 1.000000000000000000 ),
 ( 0.000000000000000000, 1.000000000000000000 ),
 .UNSPECIFIED. ) ;
#1457 = CARTESIAN_POINT ( 'NONE',  ( 11.44999999999999929, 44.64247392221869148, 5.366463060955378062 ) ) ;
#1458 = PLANE ( 'NONE',  #4360 ) ;
#1459 = CARTESIAN_POINT ( 'NONE',  ( -10.57799311167914880, 0.1537583417746035686, -11.44999999999999929 ) ) ;
#1460 = ORIENTED_EDGE ( 'NONE', *, *, #8364, .F. ) ;
#1461 = EDGE_CURVE ( 'NONE', #4297, #4409, #5396, .T. ) ;
#1462 = ORIENTED_EDGE ( 'NONE', *, *, #5433, .F. ) ;
#1463 = CARTESIAN_POINT ( 'NONE',  ( 9.255641819932236558, 36.61303391499873783, 9.945071127703297265 ) ) ;
#1464 = EDGE_LOOP ( 'NONE', ( #2835, #8864, #8427, #3129 ) ) ;
#1465 = CARTESIAN_POINT ( 'NONE',  ( 11.41149105238099182, 16.71803391499870983, 7.434015604320734383 ) ) ;
#1466 = LINE ( 'NONE', #8114, #471 ) ;
#1467 = CARTESIAN_POINT ( 'NONE',  ( 7.975589630851027678, 36.09803391499868042, 10.97725811310209565 ) ) ;
#1468 = CARTESIAN_POINT ( 'NONE',  ( -4.668507208295980426, 38.26588799867641200, 6.811202161235027752 ) ) ;
#1469 = EDGE_CURVE ( 'NONE', #4828, #3542, #240, .T. ) ;
#1470 = CARTESIAN_POINT ( 'NONE',  ( -9.377409462227495496, 17.93303391499871680, -13.52459053777251619 ) ) ;
#1471 = CARTESIAN_POINT ( 'NONE',  ( 8.990426118296198865, 30.65550904707701108, 10.16848351454704158 ) ) ;
#1472 = DIRECTION ( 'NONE',  ( -0.000000000000000000, 1.000000000000000000, -0.000000000000000000 ) ) ;
#1473 = VERTEX_POINT ( 'NONE', #2022 ) ;
#1474 = ORIENTED_EDGE ( 'NONE', *, *, #1638, .T. ) ;
#1475 = CARTESIAN_POINT ( 'NONE',  ( 11.07904093737221096, 45.00000000000004263, 6.698514231808049502 ) ) ;
#1476 = CARTESIAN_POINT ( 'NONE',  ( 5.272175826430069989, 39.18530060916248203, 7.437566653937092376 ) ) ;
#1477 = PRESENTATION_STYLE_ASSIGNMENT (( #1428 ) ) ;
#1478 = CARTESIAN_POINT ( 'NONE',  ( -4.450000000000001954, 5.500000000000000000, -4.449999999999997513 ) ) ;
#1479 = DIRECTION ( 'NONE',  ( 0.000000000000000000, 0.9998476951563911586, 0.01745240643728354982 ) ) ;
#1480 = EDGE_CURVE ( 'NONE', #4896, #1237, #540, .T. ) ;
#1481 = CARTESIAN_POINT ( 'NONE',  ( -8.815570932250986758, 39.99999999999998579, 1.545383168813273533 ) ) ;
#1482 = CARTESIAN_POINT ( 'NONE',  ( 8.128891436019333838, 31.00409552933115620, 10.40724749816826922 ) ) ;
#1483 = AXIS2_PLACEMENT_3D ( 'NONE', #568, #620, #4408 ) ;
#1484 = ORIENTED_EDGE ( 'NONE', *, *, #6722, .T. ) ;
#1485 = CARTESIAN_POINT ( 'NONE',  ( 9.396530822613641476, 14.57913968526198367, 9.818636206115771259 ) ) ;
#1486 = DIRECTION ( 'NONE',  ( 0.7071067811865474617, 0.000000000000000000, 0.7071067811865474617 ) ) ;
#1487 = CARTESIAN_POINT ( 'NONE',  ( 10.89153237827059684, 33.80303391499872134, 7.189828574873180500 ) ) ;
#1488 = DIRECTION ( 'NONE',  ( 0.7071067811865474617, 0.000000000000000000, 0.7071067811865474617 ) ) ;
#1489 = DIRECTION ( 'NONE',  ( -0.000000000000000000, -0.9999862922474268556, 0.005235963831419591756 ) ) ;
#1490 = EDGE_CURVE ( 'NONE', #9544, #3761, #7293, .T. ) ;
#1491 = ADVANCED_FACE ( 'NONE', ( #7440, #3687 ), #2947, .F. ) ;
#1492 = DIRECTION ( 'NONE',  ( 8.921435019309294079E-15, 0.000000000000000000, 1.000000000000000000 ) ) ;
#1493 = ORIENTED_EDGE ( 'NONE', *, *, #8600, .T. ) ;
#1494 = VERTEX_POINT ( 'NONE', #3638 ) ;
#1495 = ORIENTED_EDGE ( 'NONE', *, *, #1209, .F. ) ;
#1496 = CARTESIAN_POINT ( 'NONE',  ( 8.662254179228099815, 27.97025098314421143, 10.04167251936350702 ) ) ;
#1497 = CARTESIAN_POINT ( 'NONE',  ( -9.031065676136972087, 39.19294086072827810, 1.531295899136371874 ) ) ;
#1498 = ORIENTED_EDGE ( 'NONE', *, *, #4260, .F. ) ;
#1499 = CARTESIAN_POINT ( 'NONE',  ( -10.46988943916077375, 42.80303391499871424, -12.43211056083923971 ) ) ;
#1500 = ADVANCED_FACE ( 'NONE', ( #5789 ), #6473, .F. ) ;
#1501 = CARTESIAN_POINT ( 'NONE',  ( 4.397905546699908186, 43.75652547737865206, 11.15000000000000036 ) ) ;
#1502 = CARTESIAN_POINT ( 'NONE',  ( 8.490556102755791201, 5.701742212137338228, 10.16843507675771541 ) ) ;
#1503 = CARTESIAN_POINT ( 'NONE',  ( 0.000000000000000000, 37.39999999999999858, 0.000000000000000000 ) ) ;
#1504 = ORIENTED_EDGE ( 'NONE', *, *, #1009, .F. ) ;
#1505 = ORIENTED_EDGE ( 'NONE', *, *, #462, .T. ) ;
#1506 = CARTESIAN_POINT ( 'NONE',  ( 11.06555812733600064, 10.02803391499869967, 6.727458220870568439 ) ) ;
#1507 = ORIENTED_EDGE ( 'NONE', *, *, #7574, .T. ) ;
#1508 = DIRECTION ( 'NONE',  ( 0.7071067811865474617, 0.000000000000000000, 0.7071067811865474617 ) ) ;
#1509 = EDGE_CURVE ( 'NONE', #7282, #4942, #587, .T. ) ;
#1510 = CARTESIAN_POINT ( 'NONE',  ( 7.219537283611845879, 14.27303391499868468, 10.87881507236629552 ) ) ;
#1511 = CARTESIAN_POINT ( 'NONE',  ( 7.342435386752947046, 10.98803391499870230, 10.45016988618186993 ) ) ;
#1512 = LINE ( 'NONE', #5874, #3422 ) ;
#1513 = CARTESIAN_POINT ( 'NONE',  ( 10.01380974019293291, 11.96303391499870017, 9.175888400600927142 ) ) ;
#1514 = CARTESIAN_POINT ( 'NONE',  ( -5.331745340123591248, 39.19999999999998153, 7.497499024879580531 ) ) ;
#1515 = CARTESIAN_POINT ( 'NONE',  ( 9.153870436556369228, 15.64065646356503692, 9.634016288528119532 ) ) ;
#1516 = ORIENTED_EDGE ( 'NONE', *, *, #8471, .T. ) ;
#1517 = AXIS2_PLACEMENT_3D ( 'NONE', #476, #5678, #7047 ) ;
#1518 = VERTEX_POINT ( 'NONE', #9611 ) ;
#1519 = CARTESIAN_POINT ( 'NONE',  ( 11.30876943053507766, 13.89546972845591100, 6.949456320634078033 ) ) ;
#1520 = ADVANCED_FACE ( 'NONE', ( #7985 ), #8774, .T. ) ;
#1521 = CARTESIAN_POINT ( 'NONE',  ( 10.98357402210328893, 11.55803391499871857, 7.706134287417688356 ) ) ;
#1522 = CARTESIAN_POINT ( 'NONE',  ( 10.72133454061057556, 10.68803391499870870, 8.186356926170846648 ) ) ;
#1523 = CIRCLE ( 'NONE', #9496, 8.949999999999993960 ) ;
#1524 = CARTESIAN_POINT ( 'NONE',  ( 0.000000000000000000, 25.10000000000000497, 0.000000000000000000 ) ) ;
#1525 = CARTESIAN_POINT ( 'NONE',  ( 11.14999999999999858, 4.289617747577135987, -4.449999999999998401 ) ) ;
#1526 = CARTESIAN_POINT ( 'NONE',  ( 10.16337655147204089, 17.22430737306444470, 8.495206692380453006 ) ) ;
#1527 = CARTESIAN_POINT ( 'NONE',  ( -9.070019801569792151, 39.74999999999998579, 1.541019402581216502 ) ) ;
#1528 = CARTESIAN_POINT ( 'NONE',  ( 11.05536304485718269, 7.988825541230645477, 6.769380337199772057 ) ) ;
#1529 = VECTOR ( 'NONE', #5547, 1000.000000000000000 ) ;
#1530 = ORIENTED_EDGE ( 'NONE', *, *, #6623, .T. ) ;
#1531 = EDGE_CURVE ( 'NONE', #9672, #1652, #5057, .T. ) ;
#1532 = CARTESIAN_POINT ( 'NONE',  ( 10.68448977503605057, 36.96403409725398603, 7.638631115841794994 ) ) ;
#1533 = CARTESIAN_POINT ( 'NONE',  ( 11.30308915960472227, 28.11803400285407051, 6.964988860911352830 ) ) ;
#1534 = DIRECTION ( 'NONE',  ( 4.865865738069144229E-18, -0.9999862922474268556, -0.005235963831419591756 ) ) ;
#1535 = FACE_OUTER_BOUND ( 'NONE', #9436, .T. ) ;
#1536 = CARTESIAN_POINT ( 'NONE',  ( 8.738488974694019973, 42.54803391499870457, 10.36129923363135674 ) ) ;
#1537 = DIRECTION ( 'NONE',  ( -0.000000000000000000, -1.000000000000000000, -0.000000000000000000 ) ) ;
#1538 = CARTESIAN_POINT ( 'NONE',  ( 11.22463033605033900, 32.37123641551764308, 7.170563920135389679 ) ) ;
#1539 = ORIENTED_EDGE ( 'NONE', *, *, #6695, .T. ) ;
#1540 = ORIENTED_EDGE ( 'NONE', *, *, #567, .T. ) ;
#1541 = ORIENTED_EDGE ( 'NONE', *, *, #8613, .T. ) ;
#1542 = ADVANCED_FACE ( 'NONE', ( #6565 ), #9566, .T. ) ;
#1543 = EDGE_CURVE ( 'NONE', #7967, #4095, #2181, .T. ) ;
#1544 = CARTESIAN_POINT ( 'NONE',  ( 7.249132938131101156, 8.723033914998678640, 10.86598432001432535 ) ) ;
#1545 = VECTOR ( 'NONE', #8395, 1000.000000000000000 ) ;
#1546 = FACE_OUTER_BOUND ( 'NONE', #3797, .T. ) ;
#1547 = VERTEX_POINT ( 'NONE', #4578 ) ;
#1548 = LINE ( 'NONE', #1499, #1068 ) ;
#1549 = CARTESIAN_POINT ( 'NONE',  ( 7.994511104022225645, 10.90621908386454919, 10.83391912420229275 ) ) ;
#1550 = VECTOR ( 'NONE', #5663, 1000.000000000000114 ) ;
#1551 = CARTESIAN_POINT ( 'NONE',  ( -4.450000000000001066, 7.197618960442568437, 4.450000000000002842 ) ) ;
#1552 = AXIS2_PLACEMENT_3D ( 'NONE', #313, #5019, #1050 ) ;
#1553 = VECTOR ( 'NONE', #7332, 1000.000000000000114 ) ;
#1554 = VERTEX_POINT ( 'NONE', #2365 ) ;
#1555 = ORIENTED_EDGE ( 'NONE', *, *, #852, .T. ) ;
#1556 = EDGE_CURVE ( 'NONE', #6095, #950, #6360, .T. ) ;
#1557 = EDGE_CURVE ( 'NONE', #3021, #9606, #7423, .T. ) ;
#1558 = ORIENTED_EDGE ( 'NONE', *, *, #1306, .F. ) ;
#1559 = CARTESIAN_POINT ( 'NONE',  ( 11.51657813968698818, 10.02803391499869967, 7.178478233221556870 ) ) ;
#1560 = EDGE_LOOP ( 'NONE', ( #3489, #1650, #8632, #3713, #7058, #5309, #834, #8727, #3485 ) ) ;
#1561 = VECTOR ( 'NONE', #1787, 1000.000000000000000 ) ;
#1562 = CARTESIAN_POINT ( 'NONE',  ( 1.531419116870791797, 39.19999999999998153, 9.071645687993031615 ) ) ;
#1563 = CARTESIAN_POINT ( 'NONE',  ( 7.558459785655318619, 8.003071173474177513, 11.05520542703323628 ) ) ;
#1564 = CARTESIAN_POINT ( 'NONE',  ( 7.519905655965737346, 20.57303400285404749, 11.07311703531419944 ) ) ;
#1565 =( BOUNDED_SURFACE ( )  B_SPLINE_SURFACE ( 3, 2, ( 
 ( #8527, #1826, #7785 ),
 ( #1633, #4632, #9413 ),
 ( #4958, #6363, #7838 ),
 ( #2651, #4224, #2700 ),
 ( #4870, #8026, #7241 ),
 ( #8623, #2019, #584 ),
 ( #1922, #3581, #489 ),
 ( #1324, #9364, #9460 ),
 ( #6562, #1134, #3534 ),
 ( #2794, #6510, #4324 ) ),
 .UNSPECIFIED., .F., .F., .F. ) 
 B_SPLINE_SURFACE_WITH_KNOTS ( ( 4, 2, 2, 2, 4 ),
 ( 3, 3 ),
 ( 1.570796326794896558, 1.963495408493620697, 2.356194490192344837, 2.748893571891068976, 3.141592653589793116 ),
 ( 0.000000000000000000, 1.000000000000000000 ),
 .UNSPECIFIED. ) 
 GEOMETRIC_REPRESENTATION_ITEM ( )  RATIONAL_B_SPLINE_SURFACE ( (
 ( 1.000000000000000000, 0.7071067811865475727, 1.000000000000000000),
 ( 1.000000000000000000, 0.6990715671262941466, 1.000000000000000000),
 ( 1.000000000000000000, 0.6908929212713600387, 1.000000000000000000),
 ( 1.000000000000000000, 0.6755240863412316221, 1.000000000000000000),
 ( 1.000000000000000000, 0.6683407463769842627, 1.000000000000000000),
 ( 1.000000000000000000, 0.6562061165395759454, 1.000000000000000000),
 ( 1.000000000000000000, 0.6512645840780256767, 1.000000000000000000),
 ( 1.000000000000000000, 0.6445517630913074614, 1.000000000000000000),
 ( 1.000000000000000000, 0.6427771213595840916, 1.000000000000000000),
 ( 1.000000000000000000, 0.6427876096865380307, 1.000000000000000000) ) ) 
 REPRESENTATION_ITEM ( '' )  SURFACE ( )  );
#1566 = DIRECTION ( 'NONE',  ( 0.000000000000000000, 1.000000000000000000, -0.000000000000000000 ) ) ;
#1567 = DIRECTION ( 'NONE',  ( 0.7071067811865474617, 0.000000000000000000, 0.7071067811865474617 ) ) ;
#1568 = EDGE_LOOP ( 'NONE', ( #7583, #1704, #580, #1287 ) ) ;
#1569 = EDGE_LOOP ( 'NONE', ( #3357, #9408, #9651, #7454 ) ) ;
#1570 = EDGE_CURVE ( 'NONE', #5736, #3332, #3564, .T. ) ;
#1571 = CARTESIAN_POINT ( 'NONE',  ( 9.531716886674058031, 35.99303391499870486, 9.690816108555209141 ) ) ;
#1572 = CARTESIAN_POINT ( 'NONE',  ( -7.299750650367270666, 37.39999999999999858, 5.178430306807518591 ) ) ;
#1573 = CARTESIAN_POINT ( 'NONE',  ( 11.05503151754428792, 9.454517994678370840, 7.558828012711093614 ) ) ;
#1574 = MECHANICAL_DESIGN_GEOMETRIC_PRESENTATION_REPRESENTATION (  '', ( #4861 ), #5632 ) ;
#1575 = DIRECTION ( 'NONE',  ( 1.000000000000000000, 0.000000000000000000, 0.000000000000000000 ) ) ;
#1576 = CARTESIAN_POINT ( 'NONE',  ( 9.279539532128371349, 28.61303391499870585, 9.947755636463796236 ) ) ;
#1577 = CARTESIAN_POINT ( 'NONE',  ( 0.000000000000000000, 39.99999999999998579, 0.000000000000000000 ) ) ;
#1578 = CARTESIAN_POINT ( 'NONE',  ( 0.000000000000000000, 39.99999999999998579, 0.000000000000000000 ) ) ;
#1579 = VECTOR ( 'NONE', #9476, 1000.000000000000114 ) ;
#1580 = EDGE_CURVE ( 'NONE', #3510, #1974, #229, .T. ) ;
#1581 = ORIENTED_EDGE ( 'NONE', *, *, #9330, .F. ) ;
#1582 = DIRECTION ( 'NONE',  ( -0.000000000000000000, 1.000000000000000000, -0.000000000000000000 ) ) ;
#1583 = FACE_OUTER_BOUND ( 'NONE', #2478, .T. ) ;
#1584 = CARTESIAN_POINT ( 'NONE',  ( 8.013714570178526841, 27.87083886580182934, 10.82159163601890661 ) ) ;
#1585 = DIRECTION ( 'NONE',  ( 0.000000000000000000, 0.000000000000000000, 1.000000000000000000 ) ) ;
#1586 = DIRECTION ( 'NONE',  ( -1.000000000000000000, -0.000000000000000000, 1.949127501097535214E-16 ) ) ;
#1587 = CARTESIAN_POINT ( 'NONE',  ( 8.603846413195933351, 16.71803391499869562, 9.802392603421209216 ) ) ;
#1588 = VECTOR ( 'NONE', #4171, 1000.000000000000227 ) ;
#1589 = CARTESIAN_POINT ( 'NONE',  ( 11.24972337549877288, 32.53976021262516838, 7.106409867090104804 ) ) ;
#1590 = ADVANCED_FACE ( 'NONE', ( #1624 ), #3869, .F. ) ;
#1591 = VERTEX_POINT ( 'NONE', #4524 ) ;
#1592 = ORIENTED_EDGE ( 'NONE', *, *, #8194, .T. ) ;
#1593 = ORIENTED_EDGE ( 'NONE', *, *, #2896, .T. ) ;
#1594 = CARTESIAN_POINT ( 'NONE',  ( 8.032735604140409436, 10.70428260900838069, 10.46376460338394310 ) ) ;
#1595 = CARTESIAN_POINT ( 'NONE',  ( 11.27384442054849956, 9.503881042757418740, 7.043506980405375373 ) ) ;
#1596 = EDGE_LOOP ( 'NONE', ( #9285, #5444, #3891, #6935, #7035, #846, #4368 ) ) ;
#1597 = DIRECTION ( 'NONE',  ( -0.9998476951563912696, 0.01745240643728355329, 1.858349216988315142E-16 ) ) ;
#1598 = ADVANCED_FACE ( 'NONE', ( #7624 ), #7492, .T. ) ;
#1599 = PLANE ( 'NONE',  #5765 ) ;
#1600 = CARTESIAN_POINT ( 'NONE',  ( 0.000000000000000000, 39.99999999999998579, 0.000000000000000000 ) ) ;
#1601 = VERTEX_POINT ( 'NONE', #6023 ) ;
#1602 = ORIENTED_EDGE ( 'NONE', *, *, #2538, .T. ) ;
#1603 = ORIENTED_EDGE ( 'NONE', *, *, #8566, .F. ) ;
#1604 = DIRECTION ( 'NONE',  ( -0.000000000000000000, -1.000000000000000000, -0.000000000000000000 ) ) ;
#1605 = ORIENTED_EDGE ( 'NONE', *, *, #870, .F. ) ;
#1606 = CARTESIAN_POINT ( 'NONE',  ( 9.457739901376172043, 31.14803391499869889, 9.341067478594537121 ) ) ;
#1607 = DIRECTION ( 'NONE',  ( -0.000000000000000000, 1.000000000000000000, -0.000000000000000000 ) ) ;
#1608 = DIRECTION ( 'NONE',  ( -0.7071067811865474617, 0.000000000000000000, -0.7071067811865474617 ) ) ;
#1609 = EDGE_CURVE ( 'NONE', #6670, #9328, #2679, .T. ) ;
#1610 = EDGE_CURVE ( 'NONE', #3953, #9199, #4625, .T. ) ;
#1611 = AXIS2_PLACEMENT_3D ( 'NONE', #3792, #1441, #5207 ) ;
#1612 = PLANE ( 'NONE',  #1433 ) ;
#1613 = CARTESIAN_POINT ( 'NONE',  ( -10.46988943916077375, 42.80303391499871424, -12.43211056083923971 ) ) ;
#1614 = CARTESIAN_POINT ( 'NONE',  ( 9.180636956405939131, 11.85803391499869797, 9.467015398900539225 ) ) ;
#1615 = ORIENTED_EDGE ( 'NONE', *, *, #5366, .T. ) ;
#1616 = B_SPLINE_SURFACE_WITH_KNOTS ( 'NONE', 3, 1, ( 
 ( #51, #8274 ),
 ( #3144, #1576 ),
 ( #9121, #1430 ),
 ( #2411, #4429 ) ),
 .UNSPECIFIED., .F., .F., .F.,
 ( 4, 4 ),
 ( 2, 2 ),
 ( 0.000000000000000000, 1.000000000000000000 ),
 ( 0.000000000000000000, 1.000000000000000000 ),
 .UNSPECIFIED. ) ;
#1617 = VERTEX_POINT ( 'NONE', #3 ) ;
#1618 = LINE ( 'NONE', #2406, #6641 ) ;
#1619 = B_SPLINE_CURVE_WITH_KNOTS ( 'NONE', 3,
 ( #1191, #595, #2757, #3596 ),
 .UNSPECIFIED., .F., .F.,
 ( 4, 4 ),
 ( 0.002359345472911360785, 0.002716084575512241715 ),
 .UNSPECIFIED. ) ;
#1620 = CARTESIAN_POINT ( 'NONE',  ( 7.439935834955113236, 39.18588295102962604, 5.274530632228848326 ) ) ;
#1621 = CARTESIAN_POINT ( 'NONE',  ( -11.50209445330008506, 0.2954423259036614291, 11.15000000000000213 ) ) ;
#1622 =( BOUNDED_CURVE ( )  B_SPLINE_CURVE ( 3, ( #2823, #662, #1301, #464 ),
 .UNSPECIFIED., .F., .T. ) 
 B_SPLINE_CURVE_WITH_KNOTS ( ( 4, 4 ),
 ( 4.521157088766968535, 4.569090822783659966 ),
 .UNSPECIFIED. ) 
 CURVE ( )  GEOMETRIC_REPRESENTATION_ITEM ( )  RATIONAL_B_SPLINE_CURVE ( ( 1.000000000000000000, 0.9998085389269721901, 0.9998085389269721901, 1.000000000000000000 ) ) 
 REPRESENTATION_ITEM ( '' )  );
#1623 = CARTESIAN_POINT ( 'NONE',  ( 1.499999999999999556, 37.39999999999999858, -8.823406371691149275 ) ) ;
#1624 = FACE_OUTER_BOUND ( 'NONE', #6411, .T. ) ;
#1625 = FACE_OUTER_BOUND ( 'NONE', #9282, .T. ) ;
#1626 = EDGE_CURVE ( 'NONE', #3840, #8398, #4290, .T. ) ;
#1627 = FACE_OUTER_BOUND ( 'NONE', #9094, .T. ) ;
#1628 = CARTESIAN_POINT ( 'NONE',  ( -4.450000000000001954, 45.00000000000000000, -11.44999999999999751 ) ) ;
#1629 = CARTESIAN_POINT ( 'NONE',  ( 8.550505063388333937, 3.800269667871432944, -11.44999999999999751 ) ) ;
#1630 = AXIS2_PLACEMENT_3D ( 'NONE', #2784, #526, #6652 ) ;
#1631 = ORIENTED_EDGE ( 'NONE', *, *, #3714, .F. ) ;
#1632 = CARTESIAN_POINT ( 'NONE',  ( 5.656854249492338838, 37.39999999999999858, 7.778174593052052721 ) ) ;
#1633 = CARTESIAN_POINT ( 'NONE',  ( 5.275091619377051622, 43.91119704909333166, -11.14999999999845492 ) ) ;
#1634 = CARTESIAN_POINT ( 'NONE',  ( 10.79164003301465335, 37.61303391499870941, 8.065743587654690572 ) ) ;
#1635 = FACE_OUTER_BOUND ( 'NONE', #8937, .T. ) ;
#1636 = CARTESIAN_POINT ( 'NONE',  ( 9.855113062455126638, 26.48303391499869619, 9.356602977832736201 ) ) ;
#1637 = DIRECTION ( 'NONE',  ( 1.782250146551514365E-15, 2.851600234482423221E-15, -1.000000000000000000 ) ) ;
#1638 = EDGE_CURVE ( 'NONE', #2539, #4273, #6484, .T. ) ;
#1639 = CARTESIAN_POINT ( 'NONE',  ( 11.05962746399323571, 41.67803391499871424, 7.548842491516223774 ) ) ;
#1640 = ORIENTED_EDGE ( 'NONE', *, *, #2403, .T. ) ;
#1641 = CIRCLE ( 'NONE', #3053, 8.272689856255970753 ) ;
#1642 = ORIENTED_EDGE ( 'NONE', *, *, #3324, .F. ) ;
#1643 = ORIENTED_EDGE ( 'NONE', *, *, #1061, .T. ) ;
#1644 = CARTESIAN_POINT ( 'NONE',  ( 7.448347879602468247, 41.93303391499870258, 10.34395034467558361 ) ) ;
#1645 = CARTESIAN_POINT ( 'NONE',  ( 9.084370830154517407, 13.41482633718476336, 10.09081286270864553 ) ) ;
#1646 = ORIENTED_EDGE ( 'NONE', *, *, #3887, .F. ) ;
#1647 = DIRECTION ( 'NONE',  ( -1.000000000000000000, -0.000000000000000000, 1.949127501097535707E-16 ) ) ;
#1648 = CARTESIAN_POINT ( 'NONE',  ( 0.000000000000000000, 39.74999999999998579, 0.000000000000000000 ) ) ;
#1649 = CARTESIAN_POINT ( 'NONE',  ( 9.245520030766334330, 6.083033914998696723, 9.213700421726963796 ) ) ;
#1650 = ORIENTED_EDGE ( 'NONE', *, *, #5815, .T. ) ;
#1651 = EDGE_LOOP ( 'NONE', ( #7593, #4115, #6839, #593 ) ) ;
#1652 = VERTEX_POINT ( 'NONE', #6069 ) ;
#1653 = EDGE_CURVE ( 'NONE', #6924, #385, #984, .T. ) ;
#1654 = DIRECTION ( 'NONE',  ( -6.217248937900876626E-15, 0.000000000000000000, 1.000000000000000000 ) ) ;
#1655 = ORIENTED_EDGE ( 'NONE', *, *, #2283, .F. ) ;
#1656 = CARTESIAN_POINT ( 'NONE',  ( 8.031801667812525025, 31.83803391499869662, 10.46071365730246505 ) ) ;
#1657 = CARTESIAN_POINT ( 'NONE',  ( 0.000000000000000000, 37.39999999999999858, 0.000000000000000000 ) ) ;
#1658 = LINE ( 'NONE', #722, #175 ) ;
#1659 = CARTESIAN_POINT ( 'NONE',  ( 7.534386940619531181, 33.78803391499870656, 11.06638550876049010 ) ) ;
#1660 = CARTESIAN_POINT ( 'NONE',  ( 9.184214527423630869, 14.57913936277893896, 9.606319886504806504 ) ) ;
#1661 = ORIENTED_EDGE ( 'NONE', *, *, #6541, .T. ) ;
#1662 =( BOUNDED_CURVE ( )  B_SPLINE_CURVE ( 3, ( #5485, #7621, #923, #6164 ),
 .UNSPECIFIED., .F., .F. ) 
 B_SPLINE_CURVE_WITH_KNOTS ( ( 4, 4 ),
 ( 1.402500893643991775, 1.403559262272814800 ),
 .UNSPECIFIED. ) 
 CURVE ( )  GEOMETRIC_REPRESENTATION_ITEM ( )  RATIONAL_B_SPLINE_CURVE ( ( 1.000000000000000000, 0.9999999066546558790, 0.9999999066546558790, 1.000000000000000000 ) ) 
 REPRESENTATION_ITEM ( '' )  );
#1663 = B_SPLINE_CURVE_WITH_KNOTS ( 'NONE', 3,
 ( #8805, #5086, #8060, #4083, #7061, #7105 ),
 .UNSPECIFIED., .F., .F.,
 ( 4, 2, 4 ),
 ( 0.000000000000000000, 0.0006202495050668938156, 0.001240499010133787631 ),
 .UNSPECIFIED. ) ;
#1664 = ORIENTED_EDGE ( 'NONE', *, *, #6555, .T. ) ;
#1665 = EDGE_CURVE ( 'NONE', #1058, #7223, #2459, .T. ) ;
#1666 = DIRECTION ( 'NONE',  ( -0.9848077530122072432, -0.1736481776669346888, 0.000000000000000000 ) ) ;
#1667 = ADVANCED_FACE ( 'NONE', ( #4858 ), #1170, .T. ) ;
#1668 = CARTESIAN_POINT ( 'NONE',  ( 10.84613162164139410, 35.80123361307283858, 7.294938968114446531 ) ) ;
#1669 = DIRECTION ( 'NONE',  ( -0.000000000000000000, 1.000000000000000000, -0.000000000000000000 ) ) ;
#1670 = CARTESIAN_POINT ( 'NONE',  ( 7.247106654004227266, 38.33803391499873214, 10.86395803588760778 ) ) ;
#1671 = CARTESIAN_POINT ( 'NONE',  ( 6.825334418264174197, 39.13255635751117012, -4.661245592607074606 ) ) ;
#1672 = CARTESIAN_POINT ( 'NONE',  ( -8.821669015494839172, 37.98548048166761504, 1.510219599821619907 ) ) ;
#1673 = CARTESIAN_POINT ( 'NONE',  ( 0.000000000000000000, 25.10000000000000497, 0.000000000000000000 ) ) ;
#1674 = CARTESIAN_POINT ( 'NONE',  ( 9.203719268519472863, 5.483033914998699743, 9.214326066351290478 ) ) ;
#1675 = ORIENTED_EDGE ( 'NONE', *, *, #4875, .F. ) ;
#1676 = EDGE_LOOP ( 'NONE', ( #343, #5745, #3890, #5144 ) ) ;
#1677 = ADVANCED_FACE ( 'NONE', ( #4122 ), #8172, .T. ) ;
#1678 = CARTESIAN_POINT ( 'NONE',  ( 10.61297294965337024, 36.11130904051078261, 7.769512964698536805 ) ) ;
#1679 = VECTOR ( 'NONE', #9175, 1000.000000000000114 ) ;
#1680 =( BOUNDED_CURVE ( )  B_SPLINE_CURVE ( 3, ( #2930, #2103, #5869, #2202 ),
 .UNSPECIFIED., .F., .T. ) 
 B_SPLINE_CURVE_WITH_KNOTS ( ( 4, 4 ),
 ( 1.375631137144952776, 1.379997956889848831 ),
 .UNSPECIFIED. ) 
 CURVE ( )  GEOMETRIC_REPRESENTATION_ITEM ( )  RATIONAL_B_SPLINE_CURVE ( ( 1.000000000000000000, 0.9999984109077409977, 0.9999984109077409977, 1.000000000000000000 ) ) 
 REPRESENTATION_ITEM ( '' )  );
#1681 = LINE ( 'NONE', #9174, #579 ) ;
#1682 = CARTESIAN_POINT ( 'NONE',  ( 7.812776887127590442, 27.70675063635932034, 10.92974423718284172 ) ) ;
#1683 = CARTESIAN_POINT ( 'NONE',  ( 6.777324397912900977, 45.00000000000000000, 11.05178469407169928 ) ) ;
#1684 = LINE ( 'NONE', #9082, #4513 ) ;
#1685 = DIRECTION ( 'NONE',  ( 0.000000000000000000, 0.000000000000000000, -1.000000000000000000 ) ) ;
#1686 = CARTESIAN_POINT ( 'NONE',  ( 11.09790554669939944, 44.93791624812531182, 5.327186072628651736 ) ) ;
#1687 = CARTESIAN_POINT ( 'NONE',  ( 10.55847877208497110, 3.880688611868188254, 4.450000000000001066 ) ) ;
#1688 = ORIENTED_EDGE ( 'NONE', *, *, #4012, .F. ) ;
#1689 = CARTESIAN_POINT ( 'NONE',  ( 0.000000000000000000, 0.000000000000000000, 0.000000000000000000 ) ) ;
#1690 = EDGE_LOOP ( 'NONE', ( #8286, #7444, #8071, #3062 ) ) ;
#1691 = VECTOR ( 'NONE', #1086, 1000.000000000000000 ) ;
#1692 = ORIENTED_EDGE ( 'NONE', *, *, #2538, .F. ) ;
#1693 = EDGE_CURVE ( 'NONE', #3322, #2358, #2315, .T. ) ;
#1694 = CARTESIAN_POINT ( 'NONE',  ( 4.449999999999999289, 45.00000000000000000, 4.450000000000001954 ) ) ;
#1695 = ORIENTED_EDGE ( 'NONE', *, *, #4316, .T. ) ;
#1696 = CARTESIAN_POINT ( 'NONE',  ( 1.541019402581311315, 39.74999999999998579, -9.070019801569776163 ) ) ;
#1697 = B_SPLINE_SURFACE_WITH_KNOTS ( 'NONE', 3, 1, ( 
 ( #774, #6898 ),
 ( #4569, #3085 ),
 ( #184, #5332 ),
 ( #7530, #3182 ) ),
 .UNSPECIFIED., .F., .F., .F.,
 ( 4, 4 ),
 ( 2, 2 ),
 ( 0.000000000000000000, 1.000000000000000000 ),
 ( 0.000000000000000000, 1.000000000000000000 ),
 .UNSPECIFIED. ) ;
#1698 = LINE ( 'NONE', #711, #6533 ) ;
#1699 = CARTESIAN_POINT ( 'NONE',  ( 10.89223018296698164, 6.803033914998705356, 8.336039365091643560 ) ) ;
#1700 = VERTEX_POINT ( 'NONE', #8611 ) ;
#1701 = AXIS2_PLACEMENT_3D ( 'NONE', #8640, #7533, #3729 ) ;
#1702 = ORIENTED_EDGE ( 'NONE', *, *, #8865, .T. ) ;
#1703 = EDGE_CURVE ( 'NONE', #7171, #2971, #7763, .T. ) ;
#1704 = ORIENTED_EDGE ( 'NONE', *, *, #8973, .F. ) ;
#1705 = DIRECTION ( 'NONE',  ( 0.000000000000000000, -0.9998476951563911586, 0.01745240643728354982 ) ) ;
#1706 = VERTEX_POINT ( 'NONE', #5489 ) ;
#1707 = CIRCLE ( 'NONE', #8423, 7.299999999999998046 ) ;
#1708 = VECTOR ( 'NONE', #5340, 1000.000000000000227 ) ;
#1709 = CARTESIAN_POINT ( 'NONE',  ( 9.318724169753267006, 28.13101198794954172, 9.480048570211005554 ) ) ;
#1710 = FACE_OUTER_BOUND ( 'NONE', #8146, .T. ) ;
#1711 = B_SPLINE_CURVE_WITH_KNOTS ( 'NONE', 3,
 ( #3985, #889, #3204, #6227, #8433, #3248, #6917, #62, #9027, #159 ),
 .UNSPECIFIED., .F., .F.,
 ( 4, 3, 3, 4 ),
 ( 5.204170427930421283E-18, 0.0001373344415007521054, 0.0002746715326977831146, 0.0005292033309588495271 ),
 .UNSPECIFIED. ) ;
#1712 = DIRECTION ( 'NONE',  ( 0.000000000000000000, 0.000000000000000000, 1.000000000000000000 ) ) ;
#1713 = CARTESIAN_POINT ( 'NONE',  ( 11.01688693807009933, 15.00876523508574323, 6.875860792188634107 ) ) ;
#1714 = VERTEX_POINT ( 'NONE', #4020 ) ;
#1715 = ORIENTED_EDGE ( 'NONE', *, *, #2756, .F. ) ;
#1716 = AXIS2_PLACEMENT_3D ( 'NONE', #6730, #7641, #4680 ) ;
#1717 = VECTOR ( 'NONE', #3830, 1000.000000000000000 ) ;
#1718 = CARTESIAN_POINT ( 'NONE',  ( -10.55000000000000249, 5.500000000000000000, -4.449999999999996625 ) ) ;
#1719 = CARTESIAN_POINT ( 'NONE',  ( 7.292623562385233349, 33.32303391499869605, 11.58829745420766244 ) ) ;
#1720 = CARTESIAN_POINT ( 'NONE',  ( 9.954467488251236063, 16.64937581848786508, 8.776459124554568447 ) ) ;
#1721 = CARTESIAN_POINT ( 'NONE',  ( -10.30001269126618269, 7.197618960442568437, 0.000000000000000000 ) ) ;
#1722 = CARTESIAN_POINT ( 'NONE',  ( 8.550505063388333937, 44.15312584251603312, 11.44999999999999929 ) ) ;
#1723 = CYLINDRICAL_SURFACE ( 'NONE', #9072, 0.2999999999999999334 ) ;
#1724 = CARTESIAN_POINT ( 'NONE',  ( 10.56435461706365686, 16.49303391499870486, 8.665773105691858547 ) ) ;
#1725 =( BOUNDED_CURVE ( )  B_SPLINE_CURVE ( 3, ( #7473, #2252, #1359, #8857 ),
 .UNSPECIFIED., .F., .T. ) 
 B_SPLINE_CURVE_WITH_KNOTS ( ( 4, 4 ),
 ( 1.398929154984637657, 1.402403865629277435 ),
 .UNSPECIFIED. ) 
 CURVE ( )  GEOMETRIC_REPRESENTATION_ITEM ( )  RATIONAL_B_SPLINE_CURVE ( ( 1.000000000000000000, 0.9999989938657476429, 0.9999989938657476429, 1.000000000000000000 ) ) 
 REPRESENTATION_ITEM ( '' )  );
#1726 = EDGE_CURVE ( 'NONE', #7436, #6600, #644, .T. ) ;
#1727 = CARTESIAN_POINT ( 'NONE',  ( 4.449999999999999289, 23.42303400285405246, 4.450000000000001954 ) ) ;
#1728 = CARTESIAN_POINT ( 'NONE',  ( -4.450000000000001954, 45.00000000000000000, -11.44999999999999751 ) ) ;
#1729 = ORIENTED_EDGE ( 'NONE', *, *, #5983, .F. ) ;
#1730 = ORIENTED_EDGE ( 'NONE', *, *, #4050, .F. ) ;
#1731 = B_SPLINE_CURVE_WITH_KNOTS ( 'NONE', 3,
 ( #4522, #6763, #9705, #6021, #3001, #9014, #3867, #2314, #5289, #7535 ),
 .UNSPECIFIED., .F., .F.,
 ( 4, 2, 2, 2, 4 ),
 ( 0.000000000000000000, 0.0005254945167152015985, 0.001050989033430403197, 0.001576483550145604904, 0.002101978066860806394 ),
 .UNSPECIFIED. ) ;
#1732 = LINE ( 'NONE', #2419, #9151 ) ;
#1733 = AXIS2_PLACEMENT_3D ( 'NONE', #5883, #8870, #7439 ) ;
#1734 = FACE_OUTER_BOUND ( 'NONE', #3086, .T. ) ;
#1735 = CARTESIAN_POINT ( 'NONE',  ( -1.500000000000000000, 37.39999999999999858, 8.823406371691151051 ) ) ;
#1736 = LINE ( 'NONE', #1683, #1294 ) ;
#1737 = CARTESIAN_POINT ( 'NONE',  ( -1.531419116870791797, 39.19999999999998153, 9.071645687993029838 ) ) ;
#1738 = CARTESIAN_POINT ( 'NONE',  ( 6.868043583621827430, 12.86598953193847628, 11.01936328757552275 ) ) ;
#1739 = CARTESIAN_POINT ( 'NONE',  ( 8.720851822145410992, 44.51877754189236214, 10.07094002680956990 ) ) ;
#1740 = CARTESIAN_POINT ( 'NONE',  ( 10.59393870791365799, 16.65803391499870401, 7.804402652246801964 ) ) ;
#1741 = EDGE_CURVE ( 'NONE', #1494, #6359, #6594, .T. ) ;
#1742 = ADVANCED_FACE ( 'NONE', ( #6309 ), #287, .T. ) ;
#1743 = VECTOR ( 'NONE', #3767, 1000.000000000000000 ) ;
#1744 = VERTEX_POINT ( 'NONE', #9264 ) ;
#1745 = VERTEX_POINT ( 'NONE', #5534 ) ;
#1746 = CARTESIAN_POINT ( 'NONE',  ( 10.79660379466204567, 36.05216971608342647, 8.057023741754584023 ) ) ;
#1747 = CARTESIAN_POINT ( 'NONE',  ( 10.08170657074474974, 42.30803400285406468, 8.607388735856963180 ) ) ;
#1748 = ORIENTED_EDGE ( 'NONE', *, *, #1469, .T. ) ;
#1749 = VECTOR ( 'NONE', #8370, 1000.000000000000114 ) ;
#1750 = CARTESIAN_POINT ( 'NONE',  ( 1.500000000000000000, 37.39999999999999858, 9.500000000000000000 ) ) ;
#1751 = CARTESIAN_POINT ( 'NONE',  ( -11.45000000000000107, 9.999613009281075024E-18, -11.14999999999999680 ) ) ;
#1752 = EDGE_CURVE ( 'NONE', #6188, #247, #6302, .T. ) ;
#1753 = CARTESIAN_POINT ( 'NONE',  ( -11.43027510384351153, 0.003478031384061976584, 10.57877998473519021 ) ) ;
#1754 = CARTESIAN_POINT ( 'NONE',  ( 11.25019112660619136, 13.70303391499870571, 7.569700526644266958 ) ) ;
#1755 = ORIENTED_EDGE ( 'NONE', *, *, #7114, .F. ) ;
#1756 = ORIENTED_EDGE ( 'NONE', *, *, #7445, .T. ) ;
#1757 = EDGE_LOOP ( 'NONE', ( #4866, #7069, #9043, #7179 ) ) ;
#1758 = CARTESIAN_POINT ( 'NONE',  ( 10.24487720341353736, 5.616729829284627940, 8.895938354468455600 ) ) ;
#1759 = ORIENTED_EDGE ( 'NONE', *, *, #3650, .F. ) ;
#1760 = CARTESIAN_POINT ( 'NONE',  ( -9.366802860509697126, 17.34803391499870173, -13.53519713949031633 ) ) ;
#1761 = VECTOR ( 'NONE', #92, 1000.000000000000000 ) ;
#1762 = CARTESIAN_POINT ( 'NONE',  ( 0.3000000000000000444, 25.10000000000000497, 7.500000000000000000 ) ) ;
#1763 = EDGE_CURVE ( 'NONE', #7584, #4967, #7773, .T. ) ;
#1764 = CARTESIAN_POINT ( 'NONE',  ( 9.071645687993024509, 39.19999999999998153, 1.531419116870823105 ) ) ;
#1765 = CARTESIAN_POINT ( 'NONE',  ( 8.978146148521258141, 31.22356003281158365, 9.790643162459666371 ) ) ;
#1766 = ORIENTED_EDGE ( 'NONE', *, *, #1241, .F. ) ;
#1767 = VERTEX_POINT ( 'NONE', #8559 ) ;
#1768 = FACE_OUTER_BOUND ( 'NONE', #4747, .T. ) ;
#1769 = ADVANCED_FACE ( 'NONE', ( #7094 ), #5985, .T. ) ;
#1770 = CARTESIAN_POINT ( 'NONE',  ( 11.04905200991508174, 34.67670689322987698, 6.785471904165045309 ) ) ;
#1771 = CARTESIAN_POINT ( 'NONE',  ( 7.886270741767491543, 31.20803391499870472, 10.54852796904899215 ) ) ;
#1772 = CARTESIAN_POINT ( 'NONE',  ( -11.20209445329882492, 41.00582457832674521, 5.327186072629243263 ) ) ;
#1773 = CARTESIAN_POINT ( 'NONE',  ( 8.987145095002352591, 39.18530060916248203, 1.531162538049349209 ) ) ;
#1774 = DIRECTION ( 'NONE',  ( 0.000000000000000000, 0.000000000000000000, -1.000000000000000000 ) ) ;
#1775 = CARTESIAN_POINT ( 'NONE',  ( 6.964988860911145885, 39.30803391499870258, 11.30308915960481109 ) ) ;
#1776 = DIRECTION ( 'NONE',  ( 0.000000000000000000, 0.000000000000000000, -1.000000000000000000 ) ) ;
#1777 = FACE_OUTER_BOUND ( 'NONE', #4108, .T. ) ;
#1778 = ORIENTED_EDGE ( 'NONE', *, *, #5868, .F. ) ;
#1779 = ORIENTED_EDGE ( 'NONE', *, *, #582, .F. ) ;
#1780 = CARTESIAN_POINT ( 'NONE',  ( 10.46290316347415761, 35.88803391499870798, 8.033991566212536739 ) ) ;
#1781 = B_SPLINE_SURFACE_WITH_KNOTS ( 'NONE', 3, 1, ( 
 ( #7920, #1218 ),
 ( #4215, #7186 ),
 ( #6452, #9004 ),
 ( #2157, #4414 ) ),
 .UNSPECIFIED., .F., .F., .F.,
 ( 4, 4 ),
 ( 2, 2 ),
 ( 0.000000000000000000, 1.000000000000000000 ),
 ( 0.000000000000000000, 1.000000000000000000 ),
 .UNSPECIFIED. ) ;
#1782 = EDGE_CURVE ( 'NONE', #6600, #6793, #2256, .T. ) ;
#1783 = CARTESIAN_POINT ( 'NONE',  ( 10.04999999999997584, 5.500000000000000000, -4.449999999999997513 ) ) ;
#1784 = LINE ( 'NONE', #3391, #6512 ) ;
#1785 = CARTESIAN_POINT ( 'NONE',  ( -11.15000000000000213, 40.71038225242285336, -4.449999999999996625 ) ) ;
#1786 = CARTESIAN_POINT ( 'NONE',  ( 9.019659347458340193, 6.202260531018980672, 10.14491739268513015 ) ) ;
#1787 = DIRECTION ( 'NONE',  ( -1.000000000000000000, -0.000000000000000000, 1.949127501097535214E-16 ) ) ;
#1788 = CARTESIAN_POINT ( 'NONE',  ( 4.450000000000002842, 7.197618960442568437, -9.586357836860866399 ) ) ;
#1789 = CARTESIAN_POINT ( 'NONE',  ( 4.449999999999998401, 3.108226976830406940, -11.44999999999999929 ) ) ;
#1790 = ORIENTED_EDGE ( 'NONE', *, *, #6892, .T. ) ;
#1791 = B_SPLINE_CURVE_WITH_KNOTS ( 'NONE', 3,
 ( #810, #4562, #2299, #2395, #8950, #6104, #7426, #5373 ),
 .UNSPECIFIED., .F., .F.,
 ( 4, 2, 2, 4 ),
 ( 0.000000000000000000, 0.0007679072916806908497, 0.001151860937521036708, 0.001535814583361382784 ),
 .UNSPECIFIED. ) ;
#1792 = EDGE_LOOP ( 'NONE', ( #32, #3356, #25, #3864 ) ) ;
#1793 = CARTESIAN_POINT ( 'NONE',  ( 10.85182351371917697, 36.14117613584201649, 7.958084334675007199 ) ) ;
#1794 = EDGE_CURVE ( 'NONE', #7522, #6042, #675, .T. ) ;
#1795 = ORIENTED_EDGE ( 'NONE', *, *, #3082, .F. ) ;
#1796 = ADVANCED_FACE ( 'NONE', ( #8907 ), #5849, .T. ) ;
#1797 = CARTESIAN_POINT ( 'NONE',  ( -10.55000000000000249, 5.500000000000000000, -4.449999999999996625 ) ) ;
#1798 = CARTESIAN_POINT ( 'NONE',  ( 11.30876943053507766, 13.61303391499872006, 6.949456320634076256 ) ) ;
#1799 = CARTESIAN_POINT ( 'NONE',  ( 7.499999999999996447, 25.10000000000000497, 0.3000000000000784817 ) ) ;
#1800 = CARTESIAN_POINT ( 'NONE',  ( -13.59883674979718471, 22.83803400285405516, -9.303163250202828749 ) ) ;
#1801 = CARTESIAN_POINT ( 'NONE',  ( 8.332003137824973038, 11.36527411251576325, 10.63364583222529980 ) ) ;
#1802 = ORIENTED_EDGE ( 'NONE', *, *, #727, .T. ) ;
#1803 = ORIENTED_EDGE ( 'NONE', *, *, #3593, .T. ) ;
#1804 = CONICAL_SURFACE ( 'NONE', #3676, 9.199999999999992184, 1.396263401595460696 ) ;
#1805 = ORIENTED_EDGE ( 'NONE', *, *, #3340, .F. ) ;
#1806 = EDGE_LOOP ( 'NONE', ( #8388, #6983, #8716, #8373 ) ) ;
#1807 = EDGE_CURVE ( 'NONE', #8987, #1177, #9294, .T. ) ;
#1808 = DIRECTION ( 'NONE',  ( 0.9848077530122072432, 0.1736481776669352439, 2.470742417841128649E-15 ) ) ;
#1809 = CARTESIAN_POINT ( 'NONE',  ( 6.698514231807665809, 14.24303391499869065, 11.07904093737235129 ) ) ;
#1810 = ORIENTED_EDGE ( 'NONE', *, *, #4594, .F. ) ;
#1811 = ORIENTED_EDGE ( 'NONE', *, *, #2591, .F. ) ;
#1812 = PLANE ( 'NONE',  #2428 ) ;
#1813 = ADVANCED_FACE ( 'NONE', ( #4413 ), #2323, .T. ) ;
#1814 = CARTESIAN_POINT ( 'NONE',  ( 10.42433814205515397, 30.97080217827194915, 8.104470931232318875 ) ) ;
#1815 = CARTESIAN_POINT ( 'NONE',  ( 11.30876953529387841, 30.00803400285407463, 6.949456033164930879 ) ) ;
#1816 = CARTESIAN_POINT ( 'NONE',  ( 7.247106654004230819, 39.40303391499872987, 10.86395803588760423 ) ) ;
#1817 = CARTESIAN_POINT ( 'NONE',  ( -4.661245592603506793, 39.13255635759590234, -6.825334418262819725 ) ) ;
#1818 = CARTESIAN_POINT ( 'NONE',  ( 11.14999999999999325, 44.64247392222173261, -11.44999999999999929 ) ) ;
#1819 = CARTESIAN_POINT ( 'NONE',  ( 9.311950260243254007, 17.27303391499869534, 9.895313550836226213 ) ) ;
#1820 = CARTESIAN_POINT ( 'NONE',  ( 8.106164902280177387, 31.20803391499870472, 10.76842212956167621 ) ) ;
#1821 = CARTESIAN_POINT ( 'NONE',  ( 7.332479156927639075, 8.002614098081446414, 10.82907462736504378 ) ) ;
#1822 = ORIENTED_EDGE ( 'NONE', *, *, #3784, .F. ) ;
#1823 = ORIENTED_EDGE ( 'NONE', *, *, #8798, .T. ) ;
#1824 = CARTESIAN_POINT ( 'NONE',  ( -10.35646325651355326, 41.15493217404878123, -7.824247165490344713 ) ) ;
#1825 = EDGE_CURVE ( 'NONE', #6175, #5576, #7746, .T. ) ;
#1826 = CARTESIAN_POINT ( 'NONE',  ( 4.397905546699917956, 43.75652547737865916, -11.44999999999999929 ) ) ;
#1827 = LINE ( 'NONE', #9414, #2773 ) ;
#1828 = CARTESIAN_POINT ( 'NONE',  ( -7.317700093927197003, 39.15591825482287192, -5.153034575406798545 ) ) ;
#1829 = CARTESIAN_POINT ( 'NONE',  ( 8.054480558551031066, 16.50803391499869477, 10.80159059957484402 ) ) ;
#1830 = CARTESIAN_POINT ( 'NONE',  ( 9.037820499445524902, 42.68116974439440270, 10.12901119255681515 ) ) ;
#1831 = CARTESIAN_POINT ( 'NONE',  ( 7.589839573943121032, 27.70679396815574691, 10.70674057705637772 ) ) ;
#1832 = DIRECTION ( 'NONE',  ( 1.000000000000000000, 0.000000000000000000, -2.430759722670705684E-15 ) ) ;
#1833 = ORIENTED_EDGE ( 'NONE', *, *, #2963, .F. ) ;
#1834 = VECTOR ( 'NONE', #4211, 1000.000000000000000 ) ;
#1835 = ORIENTED_EDGE ( 'NONE', *, *, #7160, .T. ) ;
#1836 = CARTESIAN_POINT ( 'NONE',  ( 7.238664633748222776, 39.30803391499870258, 11.57676493244188798 ) ) ;
#1837 = CYLINDRICAL_SURFACE ( 'NONE', #6465, 7.299999999999998934 ) ;
#1838 = ORIENTED_EDGE ( 'NONE', *, *, #3704, .T. ) ;
#1839 = CARTESIAN_POINT ( 'NONE',  ( 8.073752438377274743, 35.78303391499868980, 10.43902481756044054 ) ) ;
#1840 = LINE ( 'NONE', #5705, #7489 ) ;
#1841 = CARTESIAN_POINT ( 'NONE',  ( 7.246601154864251271, 8.723033914998676863, 10.86345253674747546 ) ) ;
#1842 = CARTESIAN_POINT ( 'NONE',  ( -1.500000000000000222, 37.39999999999999858, 8.112490369793974310 ) ) ;
#1843 = CARTESIAN_POINT ( 'NONE',  ( -9.642574505172426313, 8.738033914998714735, -13.25942549482758714 ) ) ;
#1844 = AXIS2_PLACEMENT_3D ( 'NONE', #6415, #1970, #5005 ) ;
#1845 = ADVANCED_FACE ( 'NONE', ( #8761 ), #4313, .T. ) ;
#1846 = VERTEX_POINT ( 'NONE', #7329 ) ;
#1847 = ORIENTED_EDGE ( 'NONE', *, *, #8850, .F. ) ;
#1848 = CARTESIAN_POINT ( 'NONE',  ( 9.779983032542217458, 5.483033914998701519, 9.444126486241659180 ) ) ;
#1849 = ORIENTED_EDGE ( 'NONE', *, *, #221, .F. ) ;
#1850 = CARTESIAN_POINT ( 'NONE',  ( -4.450000000000000178, 6.649999999999999467, 10.04397855905344805 ) ) ;
#1851 = EDGE_CURVE ( 'NONE', #3954, #2599, #368, .T. ) ;
#1852 = ORIENTED_EDGE ( 'NONE', *, *, #5824, .T. ) ;
#1853 = EDGE_CURVE ( 'NONE', #1012, #7967, #5777, .T. ) ;
#1854 = B_SPLINE_SURFACE_WITH_KNOTS ( 'NONE', 3, 1, ( 
 ( #3176, #6890 ),
 ( #1506, #1559 ),
 ( #7521, #3811 ),
 ( #9153, #3764 ) ),
 .UNSPECIFIED., .F., .F., .F.,
 ( 4, 4 ),
 ( 2, 2 ),
 ( 0.000000000000000000, 1.000000000000000000 ),
 ( 0.000000000000000000, 1.000000000000000000 ),
 .UNSPECIFIED. ) ;
#1855 = ORIENTED_EDGE ( 'NONE', *, *, #7713, .T. ) ;
#1856 = DIRECTION ( 'NONE',  ( -0.000000000000000000, 1.000000000000000000, -0.000000000000000000 ) ) ;
#1857 = VECTOR ( 'NONE', #4503, 1000.000000000000000 ) ;
#1858 = DIRECTION ( 'NONE',  ( -0.000000000000000000, 1.000000000000000000, -0.000000000000000000 ) ) ;
#1859 = CARTESIAN_POINT ( 'NONE',  ( 9.394441228230022034, 5.483033914998699743, 9.405048026061839650 ) ) ;
#1860 = CARTESIAN_POINT ( 'NONE',  ( -0.1974902860311681940, 5.522265681838460338, -10.04988341609709934 ) ) ;
#1861 = CARTESIAN_POINT ( 'NONE',  ( 9.043014764318412446, 36.61303391499873783, 9.732444072089473153 ) ) ;
#1862 = DIRECTION ( 'NONE',  ( -0.000000000000000000, -1.000000000000000000, -0.000000000000000000 ) ) ;
#1863 = CARTESIAN_POINT ( 'NONE',  ( 7.888041803144580477, 36.09803391499868042, 10.88971028539564756 ) ) ;
#1864 = LINE ( 'NONE', #1126, #7631 ) ;
#1865 = ORIENTED_EDGE ( 'NONE', *, *, #5201, .F. ) ;
#1866 = EDGE_CURVE ( 'NONE', #5881, #5832, #3624, .T. ) ;
#1867 = AXIS2_PLACEMENT_3D ( 'NONE', #2211, #5238, #4658 ) ;
#1868 = CIRCLE ( 'NONE', #5752, 8.272689856255970753 ) ;
#1869 = VECTOR ( 'NONE', #2868, 1000.000000000000227 ) ;
#1870 = EDGE_LOOP ( 'NONE', ( #4131, #7618, #6425, #4144 ) ) ;
#1871 = B_SPLINE_CURVE_WITH_KNOTS ( 'NONE', 3,
 ( #2301, #9692, #4311, #7273, #570, #2838, #8588 ),
 .UNSPECIFIED., .F., .F.,
 ( 4, 3, 4 ),
 ( 0.0005257355417019082041, 0.0006493043714912909246, 0.0007830454567822193708 ),
 .UNSPECIFIED. ) ;
#1872 = ORIENTED_EDGE ( 'NONE', *, *, #1130, .T. ) ;
#1873 = FACE_OUTER_BOUND ( 'NONE', #1079, .T. ) ;
#1874 = LINE ( 'NONE', #5786, #4262 ) ;
#1875 = CARTESIAN_POINT ( 'NONE',  ( 7.076307674579048523, 40.95944291780899960, 10.93929114311364614 ) ) ;
#1876 = VECTOR ( 'NONE', #9167, 999.9999999999998863 ) ;
#1877 = CARTESIAN_POINT ( 'NONE',  ( 7.519905387961391519, 26.74496436541775424, 11.07311715953792230 ) ) ;
#1878 = DIRECTION ( 'NONE',  ( 0.000000000000000000, -1.000000000000000000, 0.000000000000000000 ) ) ;
#1879 = CARTESIAN_POINT ( 'NONE',  ( 10.55847877208492669, 3.880688611868180260, -11.45000000000006324 ) ) ;
#1880 = DIRECTION ( 'NONE',  ( -2.144040251207290066E-15, 0.000000000000000000, -1.000000000000000000 ) ) ;
#1881 = ORIENTED_EDGE ( 'NONE', *, *, #9472, .F. ) ;
#1882 = ADVANCED_FACE ( 'NONE', ( #8016 ), #578, .T. ) ;
#1883 = AXIS2_PLACEMENT_3D ( 'NONE', #2505, #1071, #192 ) ;
#1884 = ORIENTED_EDGE ( 'NONE', *, *, #6695, .F. ) ;
#1885 = CARTESIAN_POINT ( 'NONE',  ( 9.632639618515218771, 45.00000000000000000, 9.155342345100558887 ) ) ;
#1886 = CARTESIAN_POINT ( 'NONE',  ( 1.541019402581311315, 39.74999999999998579, -9.070019801569776163 ) ) ;
#1887 = LINE ( 'NONE', #105, #7447 ) ;
#1888 = CARTESIAN_POINT ( 'NONE',  ( -7.442927211897867323, 36.00000000000000000, -0.3000000000000259126 ) ) ;
#1889 = CARTESIAN_POINT ( 'NONE',  ( 10.47527670282319789, 11.78303391499870045, 8.572177231267387398 ) ) ;
#1890 = DIRECTION ( 'NONE',  ( 1.000000000000000000, -0.000000000000000000, 2.338953001317042059E-15 ) ) ;
#1891 = VECTOR ( 'NONE', #3994, 999.9999999999998863 ) ;
#1892 = CARTESIAN_POINT ( 'NONE',  ( -11.59418922124730678, 11.85803391499869797, -11.30781077875270668 ) ) ;
#1893 = EDGE_CURVE ( 'NONE', #3332, #7761, #4453, .T. ) ;
#1894 = CARTESIAN_POINT ( 'NONE',  ( 11.26888491248269375, 4.005952381680798702, 6.273782617301615794 ) ) ;
#1895 = EDGE_LOOP ( 'NONE', ( #1593, #9154, #8450, #7907 ) ) ;
#1896 = VECTOR ( 'NONE', #8691, 1000.000000000000000 ) ;
#1897 = VERTEX_POINT ( 'NONE', #4214 ) ;
#1898 = CIRCLE ( 'NONE', #4405, 8.949999999999993960 ) ;
#1899 = CARTESIAN_POINT ( 'NONE',  ( 6.811202161235041963, 38.26588799867636226, 4.668507208295959110 ) ) ;
#1900 = ORIENTED_EDGE ( 'NONE', *, *, #5393, .T. ) ;
#1901 = ADVANCED_FACE ( 'NONE', ( #1414 ), #7185, .T. ) ;
#1902 = FACE_OUTER_BOUND ( 'NONE', #9240, .T. ) ;
#1903 = AXIS2_PLACEMENT_3D ( 'NONE', #3773, #2399, #6706 ) ;
#1904 = CARTESIAN_POINT ( 'NONE',  ( 10.85793849838578140, 9.100084443017088631, 7.267728713562067178 ) ) ;
#1905 = VERTEX_POINT ( 'NONE', #3720 ) ;
#1906 = ORIENTED_EDGE ( 'NONE', *, *, #4623, .T. ) ;
#1907 = B_SPLINE_CURVE_WITH_KNOTS ( 'NONE', 3,
 ( #2289, #9036, #6738, #8891, #1453, #6832, #8989, #8339, #2970, #24 ),
 .UNSPECIFIED., .F., .F.,
 ( 4, 2, 2, 2, 4 ),
 ( 0.000000000000000000, 0.0005416004654001805706, 0.001083200930800361141, 0.001624801396200541712, 0.002166401861600722283 ),
 .UNSPECIFIED. ) ;
#1908 = CARTESIAN_POINT ( 'NONE',  ( 11.32039058039829271, 33.80303391499872134, 7.618686777000878152 ) ) ;
#1909 = CARTESIAN_POINT ( 'NONE',  ( 7.693801618057197977, 37.67803391499873555, 10.65304369343708935 ) ) ;
#1910 = EDGE_CURVE ( 'NONE', #6887, #8375, #6721, .T. ) ;
#1911 = EDGE_CURVE ( 'NONE', #3577, #355, #5241, .T. ) ;
#1912 = CARTESIAN_POINT ( 'NONE',  ( -12.98365404627886832, 11.01803391499869100, -9.918345953721143360 ) ) ;
#1913 = CARTESIAN_POINT ( 'NONE',  ( 8.069791501547889823, 12.15803391499869335, 10.98660717005644649 ) ) ;
#1914 = CARTESIAN_POINT ( 'NONE',  ( 8.794403480905549131, 12.66803391499870379, 9.929310060824011686 ) ) ;
#1915 = CARTESIAN_POINT ( 'NONE',  ( 1.500000000000000222, 37.39999999999999858, -8.112490369793974310 ) ) ;
#1916 = CARTESIAN_POINT ( 'NONE',  ( 11.05903326735223224, 8.028434810770347596, 7.550280765152730389 ) ) ;
#1917 = DIRECTION ( 'NONE',  ( 0.7071067811865474617, 0.000000000000000000, 0.7071067811865474617 ) ) ;
#1918 = VERTEX_POINT ( 'NONE', #4511 ) ;
#1919 = ORIENTED_EDGE ( 'NONE', *, *, #2324, .F. ) ;
#1920 = ORIENTED_EDGE ( 'NONE', *, *, #5135, .F. ) ;
#1921 = DIRECTION ( 'NONE',  ( -3.898255002195072399E-16, -0.000000000000000000, -1.000000000000000000 ) ) ;
#1922 = CARTESIAN_POINT ( 'NONE',  ( 10.25227434991363573, 44.78880865240318343, -7.824247165490515243 ) ) ;
#1923 = CARTESIAN_POINT ( 'NONE',  ( 8.012214480900642144, 10.42790876993684357, 10.82213861649005437 ) ) ;
#1924 = ADVANCED_FACE ( 'NONE', ( #8355 ), #901, .T. ) ;
#1925 = CARTESIAN_POINT ( 'NONE',  ( 5.331745340123484667, 39.19999999999998153, 7.497499024879654250 ) ) ;
#1926 = DIRECTION ( 'NONE',  ( 0.000000000000000000, 0.000000000000000000, 1.000000000000000000 ) ) ;
#1927 = CARTESIAN_POINT ( 'NONE',  ( 9.415631703588379864, 6.083033914998696723, 9.383812094549009331 ) ) ;
#1928 = CARTESIAN_POINT ( 'NONE',  ( 11.06823215902977786, 8.708033914998699387, 6.730132252564345663 ) ) ;
#1929 = CARTESIAN_POINT ( 'NONE',  ( -0.3000000000000000999, 25.10000000000000497, 9.947373702128277984 ) ) ;
#1930 = ORIENTED_EDGE ( 'NONE', *, *, #9050, .F. ) ;
#1931 = ORIENTED_EDGE ( 'NONE', *, *, #188, .F. ) ;
#1932 = LINE ( 'NONE', #7849, #4241 ) ;
#1933 = CARTESIAN_POINT ( 'NONE',  ( 9.039038125730000317, 6.083033914998696723, 9.431482585402552132 ) ) ;
#1934 = CARTESIAN_POINT ( 'NONE',  ( 11.25297661154540130, 7.058033914998710578, 7.360353977227488187 ) ) ;
#1935 = EDGE_CURVE ( 'NONE', #4979, #716, #2302, .T. ) ;
#1936 = PLANE ( 'NONE',  #2799 ) ;
#1937 = CARTESIAN_POINT ( 'NONE',  ( -11.43509019548039518, 36.66803391499869491, -11.46690980451961650 ) ) ;
#1938 = CARTESIAN_POINT ( 'NONE',  ( 7.011412985224176886, 22.41803400285404990, 11.28587328138293699 ) ) ;
#1939 = CONICAL_SURFACE ( 'NONE', #3190, 8.249999999999998224, 0.008726646259971666819 ) ;
#1940 = LINE ( 'NONE', #3179, #2953 ) ;
#1941 = B_SPLINE_SURFACE_WITH_KNOTS ( 'NONE', 3, 1, ( 
 ( #1403, #6643 ),
 ( #665, #4401 ),
 ( #3469, #7372 ),
 ( #5673, #5718 ) ),
 .UNSPECIFIED., .F., .F., .F.,
 ( 4, 4 ),
 ( 2, 2 ),
 ( 0.000000000000000000, 1.000000000000000000 ),
 ( 0.000000000000000000, 1.000000000000000000 ),
 .UNSPECIFIED. ) ;
#1942 = CARTESIAN_POINT ( 'NONE',  ( 7.876341618854344695, 3.407755465793025795, 10.30436880318746162 ) ) ;
#1943 = ORIENTED_EDGE ( 'NONE', *, *, #9580, .T. ) ;
#1944 = ORIENTED_EDGE ( 'NONE', *, *, #7470, .T. ) ;
#1945 = EDGE_CURVE ( 'NONE', #8349, #7436, #4583, .T. ) ;
#1946 = LINE ( 'NONE', #6485, #8453 ) ;
#1947 = CARTESIAN_POINT ( 'NONE',  ( 8.445649736794727858, 28.02803391499868724, 10.59879008162189606 ) ) ;
#1948 = ORIENTED_EDGE ( 'NONE', *, *, #8852, .T. ) ;
#1949 = EDGE_CURVE ( 'NONE', #6038, #6175, #2447, .T. ) ;
#1950 = B_SPLINE_CURVE_WITH_KNOTS ( 'NONE', 3,
 ( #109, #7592, #891, #3939 ),
 .UNSPECIFIED., .F., .F.,
 ( 4, 4 ),
 ( 2.000000001375908053E-07, 0.003705199912144659883 ),
 .UNSPECIFIED. ) ;
#1951 = CARTESIAN_POINT ( 'NONE',  ( -10.50000000000000000, 25.10000000000000497, 0.2999999999999632405 ) ) ;
#1952 = CARTESIAN_POINT ( 'NONE',  ( 8.992276766562138590, 17.27303391499869534, 9.575640057155112572 ) ) ;
#1953 = ORIENTED_EDGE ( 'NONE', *, *, #2170, .T. ) ;
#1954 = AXIS2_PLACEMENT_3D ( 'NONE', #5447, #7586, #8526 ) ;
#1955 = ORIENTED_EDGE ( 'NONE', *, *, #5804, .T. ) ;
#1956 = EDGE_CURVE ( 'NONE', #5181, #1905, #2510, .T. ) ;
#1957 = CARTESIAN_POINT ( 'NONE',  ( 10.84654816900102325, 35.13803391499870798, 7.229697179346000091 ) ) ;
#1958 = CARTESIAN_POINT ( 'NONE',  ( 9.415631899071932764, 42.80303400285406212, 9.383811897804704927 ) ) ;
#1959 = CARTESIAN_POINT ( 'NONE',  ( 10.08170657074474974, 42.30803400285406468, 8.607388735856963180 ) ) ;
#1960 = CARTESIAN_POINT ( 'NONE',  ( -1.541019402581311315, 39.74999999999998579, -9.070019801569776163 ) ) ;
#1961 = CARTESIAN_POINT ( 'NONE',  ( 9.468183224915446061, 11.85803391499869797, 9.754561667410046155 ) ) ;
#1962 = CARTESIAN_POINT ( 'NONE',  ( 11.08192006024133569, 32.72303391499870884, 6.680180543469226961 ) ) ;
#1963 = DIRECTION ( 'NONE',  ( 0.005235963831419591756, -0.9999862922474268556, 0.000000000000000000 ) ) ;
#1964 = CARTESIAN_POINT ( 'NONE',  ( 7.692914897897255244, 7.478033914998679421, 11.22491346603809603 ) ) ;
#1965 = EDGE_LOOP ( 'NONE', ( #8171, #8095, #8265, #5191 ) ) ;
#1966 = ORIENTED_EDGE ( 'NONE', *, *, #2625, .T. ) ;
#1967 = ADVANCED_FACE ( 'NONE', ( #8215 ), #1939, .F. ) ;
#1968 = ADVANCED_FACE ( 'NONE', ( #6054 ), #278, .T. ) ;
#1969 = ORIENTED_EDGE ( 'NONE', *, *, #7211, .T. ) ;
#1970 = DIRECTION ( 'NONE',  ( -0.000000000000000000, -1.000000000000000000, -0.000000000000000000 ) ) ;
#1971 = CARTESIAN_POINT ( 'NONE',  ( 7.964492058259192930, 12.23778137526680254, 10.85057773032144901 ) ) ;
#1972 = CARTESIAN_POINT ( 'NONE',  ( 9.265388868767365338, 13.52303391499869889, 9.530554107826377574 ) ) ;
#1973 = CARTESIAN_POINT ( 'NONE',  ( 7.532531333066748047, 6.467560964129654089, 10.73663132498834649 ) ) ;
#1974 = VERTEX_POINT ( 'NONE', #3858 ) ;
#1975 = ADVANCED_FACE ( 'NONE', ( #4565 ), #9206, .T. ) ;
#1976 = ADVANCED_FACE ( 'NONE', ( #1902 ), #2723, .F. ) ;
#1977 =( BOUNDED_SURFACE ( )  B_SPLINE_SURFACE ( 3, 2, ( 
 ( #3686, #3732, #7392 ),
 ( #782, #6663, #6765 ),
 ( #6022, #7623, #1025 ),
 ( #975, #2458, #5533 ),
 ( #9263, #3868, #286 ),
 ( #7772, #2550, #9119 ),
 ( #8517, #7678, #6952 ),
 ( #3969, #9214, #4808 ),
 ( #1772, #8367, #3235 ),
 ( #241, #3191, #3920 ) ),
 .UNSPECIFIED., .F., .F., .F. ) 
 B_SPLINE_SURFACE_WITH_KNOTS ( ( 4, 2, 2, 2, 4 ),
 ( 3, 3 ),
 ( 4.712388980384689674, 5.105088062083414258, 5.497787143782137953, 5.890486225480861648, 6.283185307179586232 ),
 ( 0.000000000000000000, 1.000000000000000000 ),
 .UNSPECIFIED. ) 
 GEOMETRIC_REPRESENTATION_ITEM ( )  RATIONAL_B_SPLINE_SURFACE ( (
 ( 1.000000000000000000, 0.7071067811865475727, 1.000000000000000000),
 ( 1.000000000000000000, 0.7151467540063934925, 1.000000000000000000),
 ( 1.000000000000000000, 0.7230336872103468870, 1.000000000000000000),
 ( 1.000000000000000000, 0.7374130120248731934, 1.000000000000000000),
 ( 1.000000000000000000, 0.7438993344339543956, 1.000000000000000000),
 ( 1.000000000000000000, 0.7546251424892451709, 1.000000000000000000),
 ( 1.000000000000000000, 0.7588635302807167360, 1.000000000000000000),
 ( 1.000000000000000000, 0.7645733717302353183, 1.000000000000000000),
 ( 1.000000000000000000, 0.7660498913283038114, 1.000000000000000000),
 ( 1.000000000000000000, 0.7660444431189790127, 1.000000000000000000) ) ) 
 REPRESENTATION_ITEM ( '' )  SURFACE ( )  );
#1978 = ORIENTED_EDGE ( 'NONE', *, *, #3593, .F. ) ;
#1979 = CARTESIAN_POINT ( 'NONE',  ( 6.761624507423568353, 33.99089277326780945, 11.05729839924599922 ) ) ;
#1980 = CARTESIAN_POINT ( 'NONE',  ( -11.20209445330008258, 41.00582457832652494, -4.449999999999996625 ) ) ;
#1981 = CARTESIAN_POINT ( 'NONE',  ( 11.27901406550423147, 38.75236794363512161, 7.029791749234942877 ) ) ;
#1982 = CARTESIAN_POINT ( 'NONE',  ( 10.59701605811513403, 10.74883709206742211, 7.804072410737550314 ) ) ;
#1983 = DIRECTION ( 'NONE',  ( 0.000000000000000000, 0.000000000000000000, -1.000000000000000000 ) ) ;
#1984 = CARTESIAN_POINT ( 'NONE',  ( 7.522197128891272122, 17.25803391499868766, 11.07540890046775317 ) ) ;
#1985 = CARTESIAN_POINT ( 'NONE',  ( 7.311731656227584253, 38.57078715550570536, 5.161510209807443239 ) ) ;
#1986 = CARTESIAN_POINT ( 'NONE',  ( 10.56650471977562056, 4.140510151854974730, 7.975332859467918922 ) ) ;
#1987 = CARTESIAN_POINT ( 'NONE',  ( -7.326300904425099070, 39.99999999999998579, -5.140799068026280949 ) ) ;
#1988 = VERTEX_POINT ( 'NONE', #6394 ) ;
#1989 = EDGE_CURVE ( 'NONE', #4504, #6923, #7762, .T. ) ;
#1990 = VERTEX_POINT ( 'NONE', #3277 ) ;
#1991 = CARTESIAN_POINT ( 'NONE',  ( -5.275091619377215046, 1.088802950906652800, -11.15000000000076952 ) ) ;
#1992 = B_SPLINE_CURVE_WITH_KNOTS ( 'NONE', 3,
 ( #2959, #158, #6869, #5161, #7589, #3836, #8188, #9668, #8137, #1487 ),
 .UNSPECIFIED., .F., .F.,
 ( 4, 2, 2, 2, 4 ),
 ( 0.000000000000000000, 0.0005878589495327083423, 0.001175717899065416685, 0.001763576848598125135, 0.002351435798130833369 ),
 .UNSPECIFIED. ) ;
#1993 = VERTEX_POINT ( 'NONE', #8508 ) ;
#1994 =( BOUNDED_CURVE ( )  B_SPLINE_CURVE ( 3, ( #4779, #1041, #2474, #5406 ),
 .UNSPECIFIED., .F., .T. ) 
 B_SPLINE_CURVE_WITH_KNOTS ( ( 4, 4 ),
 ( 4.512853278937515533, 4.562904288151472976 ),
 .UNSPECIFIED. ) 
 CURVE ( )  GEOMETRIC_REPRESENTATION_ITEM ( )  RATIONAL_B_SPLINE_CURVE ( ( 1.000000000000000000, 0.9997912522678689129, 0.9997912522678689129, 1.000000000000000000 ) ) 
 REPRESENTATION_ITEM ( '' )  );
#1995 = CARTESIAN_POINT ( 'NONE',  ( 10.25715521048178580, 16.49303391499870486, 8.358573699109985711 ) ) ;
#1996 = B_SPLINE_SURFACE_WITH_KNOTS ( 'NONE', 3, 1, ( 
 ( #2194, #7463 ),
 ( #2291, #4553 ),
 ( #4350, #9587 ),
 ( #7417, #803 ) ),
 .UNSPECIFIED., .F., .F., .F.,
 ( 4, 4 ),
 ( 2, 2 ),
 ( 0.000000000000000000, 1.000000000000000000 ),
 ( 0.000000000000000000, 1.000000000000000000 ),
 .UNSPECIFIED. ) ;
#1997 = CARTESIAN_POINT ( 'NONE',  ( 10.66804602247133182, 6.686778841659353212, 8.276264706007182781 ) ) ;
#1998 = CARTESIAN_POINT ( 'NONE',  ( 8.821669015494828514, 37.98548048166760083, -1.510219599821681413 ) ) ;
#1999 = CARTESIAN_POINT ( 'NONE',  ( 11.20209445330008791, 3.994175421673474613, -11.44999999999999929 ) ) ;
#2000 = CARTESIAN_POINT ( 'NONE',  ( 10.17937972399225899, 11.19803391499871204, 8.471717043540794023 ) ) ;
#2001 = VERTEX_POINT ( 'NONE', #2629 ) ;
#2002 = EDGE_CURVE ( 'NONE', #1096, #1846, #8457, .T. ) ;
#2003 = ORIENTED_EDGE ( 'NONE', *, *, #3443, .F. ) ;
#2004 = AXIS2_PLACEMENT_3D ( 'NONE', #6575, #5747, #8634 ) ;
#2005 = DIRECTION ( 'NONE',  ( -0.000000000000000000, 1.000000000000000000, -0.000000000000000000 ) ) ;
#2006 = CARTESIAN_POINT ( 'NONE',  ( 8.229801558010905183, 11.32230070002500710, 10.34343887353896818 ) ) ;
#2007 = CARTESIAN_POINT ( 'NONE',  ( 7.417045271836983922, 37.08180187592051880, 10.79190132859072904 ) ) ;
#2008 = CARTESIAN_POINT ( 'NONE',  ( 8.972401314034458508, 35.99303391499870486, 10.25580031800221548 ) ) ;
#2009 = CARTESIAN_POINT ( 'NONE',  ( 11.10312784843046430, 13.12443172265880875, 7.455245889184795693 ) ) ;
#2010 = DIRECTION ( 'NONE',  ( 0.000000000000000000, 1.000000000000000000, 0.000000000000000000 ) ) ;
#2011 = LINE ( 'NONE', #6409, #3282 ) ;
#2012 = FACE_OUTER_BOUND ( 'NONE', #2393, .T. ) ;
#2013 = VERTEX_POINT ( 'NONE', #3421 ) ;
#2014 = ADVANCED_FACE ( 'NONE', ( #4703 ), #2485, .T. ) ;
#2015 = ORIENTED_EDGE ( 'NONE', *, *, #7249, .T. ) ;
#2016 = VECTOR ( 'NONE', #3189, 1000.000000000000000 ) ;
#2017 = ORIENTED_EDGE ( 'NONE', *, *, #1361, .T. ) ;
#2018 = B_SPLINE_SURFACE_WITH_KNOTS ( 'NONE', 3, 1, ( 
 ( #1221, #2695 ),
 ( #7233, #9312 ),
 ( #4125, #7098 ),
 ( #8521, #338 ) ),
 .UNSPECIFIED., .F., .F., .F.,
 ( 4, 4 ),
 ( 2, 2 ),
 ( 0.000000000000000000, 1.000000000000000000 ),
 ( 0.000000000000000000, 1.000000000000000000 ),
 .UNSPECIFIED. ) ;
#2019 = CARTESIAN_POINT ( 'NONE',  ( 10.03126185595095166, 44.74983818664750856, -8.776078614592961458 ) ) ;
#2020 = CARTESIAN_POINT ( 'NONE',  ( 6.282235193576165777, 3.417453512191734877, -11.26780873541021677 ) ) ;
#2021 = CARTESIAN_POINT ( 'NONE',  ( 10.65631430056632212, 17.16803391499870912, 8.354681923918180431 ) ) ;
#2022 = CARTESIAN_POINT ( 'NONE',  ( 10.17937972399225899, 11.19803391499871204, 8.471717043540794023 ) ) ;
#2023 = CARTESIAN_POINT ( 'NONE',  ( 7.130429162286914035, 7.060853515623485954, 10.91733113569455149 ) ) ;
#2024 = EDGE_CURVE ( 'NONE', #7584, #6946, #740, .T. ) ;
#2025 = VECTOR ( 'NONE', #6053, 1000.000000000000114 ) ;
#2026 = AXIS2_PLACEMENT_3D ( 'NONE', #966, #2449, #1712 ) ;
#2027 = DIRECTION ( 'NONE',  ( 0.005235963831419591756, 0.9999862922474268556, 0.000000000000000000 ) ) ;
#2028 = VECTOR ( 'NONE', #6579, 1000.000000000000000 ) ;
#2029 = EDGE_LOOP ( 'NONE', ( #6979, #3947, #5613, #5508, #3701, #6159, #4707 ) ) ;
#2030 = ORIENTED_EDGE ( 'NONE', *, *, #4280, .T. ) ;
#2031 = DIRECTION ( 'NONE',  ( -0.1736481776669278887, 0.9848077530122084644, 0.000000000000000000 ) ) ;
#2032 = VECTOR ( 'NONE', #8382, 1000.000000000000114 ) ;
#2033 = AXIS2_PLACEMENT_3D ( 'NONE', #1578, #4581, #7540 ) ;
#2034 = CARTESIAN_POINT ( 'NONE',  ( -4.450000000000001066, 25.10000000000000497, -9.947373702128274431 ) ) ;
#2035 = FACE_OUTER_BOUND ( 'NONE', #1965, .T. ) ;
#2036 = CARTESIAN_POINT ( 'NONE',  ( 9.641412060050624788, 26.48303391499869619, 9.142901975428234351 ) ) ;
#2037 = CYLINDRICAL_SURFACE ( 'NONE', #1552, 0.7136548544052906395 ) ;
#2038 = CARTESIAN_POINT ( 'NONE',  ( 11.58624283951548151, 33.77303391499871310, 7.184503322743382547 ) ) ;
#2039 = EDGE_CURVE ( 'NONE', #4492, #7068, #64, .T. ) ;
#2040 = EDGE_CURVE ( 'NONE', #7846, #6038, #991, .T. ) ;
#2041 = CARTESIAN_POINT ( 'NONE',  ( 0.000000000000000000, 44.20218114339339621, 0.000000000000000000 ) ) ;
#2042 = CARTESIAN_POINT ( 'NONE',  ( -4.397905546699920620, 1.243474522621360379, 11.45000000000000284 ) ) ;
#2043 = CARTESIAN_POINT ( 'NONE',  ( 5.323807237680979298, 39.74999999999998579, -7.503137776691531258 ) ) ;
#2044 = VERTEX_POINT ( 'NONE', #6942 ) ;
#2045 = ORIENTED_EDGE ( 'NONE', *, *, #1794, .F. ) ;
#2046 = CARTESIAN_POINT ( 'NONE',  ( -6.239972215341148321, 0.9186684686760834273, -11.27809132662689962 ) ) ;
#2047 = CARTESIAN_POINT ( 'NONE',  ( 11.44999999999999751, 4.289617747577162632, 4.450000000000001066 ) ) ;
#2048 = ORIENTED_EDGE ( 'NONE', *, *, #5723, .F. ) ;
#2049 = VECTOR ( 'NONE', #4276, 1000.000000000000114 ) ;
#2050 = FACE_OUTER_BOUND ( 'NONE', #7927, .T. ) ;
#2051 = EDGE_CURVE ( 'NONE', #8539, #151, #3907, .T. ) ;
#2052 = LINE ( 'NONE', #3561, #8982 ) ;
#2053 = DIRECTION ( 'NONE',  ( 0.000000000000000000, -1.000000000000000000, 0.000000000000000000 ) ) ;
#2054 = ORIENTED_EDGE ( 'NONE', *, *, #4087, .F. ) ;
#2055 = CONICAL_SURFACE ( 'NONE', #3308, 9.199999999999992184, 1.396263401595460696 ) ;
#2056 = ORIENTED_EDGE ( 'NONE', *, *, #3770, .T. ) ;
#2057 = LINE ( 'NONE', #7916, #4151 ) ;
#2058 = CARTESIAN_POINT ( 'NONE',  ( 10.62369864739715375, 15.80303391499871069, 7.749309777987906322 ) ) ;
#2059 = AXIS2_PLACEMENT_3D ( 'NONE', #5792, #5153, #689 ) ;
#2060 = EDGE_CURVE ( 'NONE', #7509, #2394, #4736, .T. ) ;
#2061 = CARTESIAN_POINT ( 'NONE',  ( 7.076178425334603617, 37.62015572059908664, 10.93976592703413964 ) ) ;
#2062 = DIRECTION ( 'NONE',  ( 0.7071067811865474617, 0.000000000000000000, 0.7071067811865474617 ) ) ;
#2063 = PLANE ( 'NONE',  #7941 ) ;
#2064 = CARTESIAN_POINT ( 'NONE',  ( 10.85732461398965931, 38.84303391499870628, 7.261686827770244435 ) ) ;
#2065 = CARTESIAN_POINT ( 'NONE',  ( 7.662361929259330573, 34.70816333806671139, 11.00560840051842604 ) ) ;
#2066 = CARTESIAN_POINT ( 'NONE',  ( 7.479534571001146936, 6.850347543168336273, 11.09345041853954505 ) ) ;
#2067 = ORIENTED_EDGE ( 'NONE', *, *, #3523, .F. ) ;
#2068 = ORIENTED_EDGE ( 'NONE', *, *, #1866, .T. ) ;
#2069 = ORIENTED_EDGE ( 'NONE', *, *, #3443, .T. ) ;
#2070 = CARTESIAN_POINT ( 'NONE',  ( 11.11949769050475822, 34.19985813392179352, 7.417793887107343664 ) ) ;
#2071 = CARTESIAN_POINT ( 'NONE',  ( 8.776806454713158345, 3.566531711534231430, -10.02880567372671727 ) ) ;
#2072 = DIRECTION ( 'NONE',  ( -0.7071067811865391350, -0.000000000000000000, -0.7071067811865560104 ) ) ;
#2073 = CARTESIAN_POINT ( 'NONE',  ( -8.039008516785553837, 0.6014498294575066906, 10.57564898310927148 ) ) ;
#2074 = CARTESIAN_POINT ( 'NONE',  ( 10.97052136943315048, 12.11728770459103188, 6.998737992264911334 ) ) ;
#2075 = CARTESIAN_POINT ( 'NONE',  ( 8.280994388307313159, 17.27303391499870244, 10.13714988503608083 ) ) ;
#2076 = DIRECTION ( 'NONE',  ( 0.7071067811865474617, 0.000000000000000000, 0.7071067811865474617 ) ) ;
#2077 = VERTEX_POINT ( 'NONE', #1850 ) ;
#2078 = ORIENTED_EDGE ( 'NONE', *, *, #2427, .T. ) ;
#2079 = EDGE_CURVE ( 'NONE', #5935, #8247, #4112, .T. ) ;
#2080 = DIRECTION ( 'NONE',  ( 1.000000000000000000, 0.000000000000000000, 3.491481338843133355E-15 ) ) ;
#2081 = B_SPLINE_SURFACE_WITH_KNOTS ( 'NONE', 3, 1, ( 
 ( #6418, #2606 ),
 ( #1090, #2563 ),
 ( #4821, #9367 ),
 ( #5595, #2654 ) ),
 .UNSPECIFIED., .F., .F., .F.,
 ( 4, 4 ),
 ( 2, 2 ),
 ( 0.000000000000000000, 1.000000000000000000 ),
 ( 0.000000000000000000, 1.000000000000000000 ),
 .UNSPECIFIED. ) ;
#2082 = CARTESIAN_POINT ( 'NONE',  ( -8.902643575635973860, 39.17060654087663352, -1.530906052133421680 ) ) ;
#2083 = CARTESIAN_POINT ( 'NONE',  ( 9.365640415387868956, 28.02803391499868724, 9.418673620090990184 ) ) ;
#2084 = CARTESIAN_POINT ( 'NONE',  ( 5.178430306807544348, 37.39999999999999858, 7.299750650367252902 ) ) ;
#2085 = CARTESIAN_POINT ( 'NONE',  ( 9.890300914026123991, 36.00000000000000000, -4.450000000000033928 ) ) ;
#2086 = CARTESIAN_POINT ( 'NONE',  ( 7.307986715979976289, 33.78803391499870656, 10.83998528412093521 ) ) ;
#2087 = DIRECTION ( 'NONE',  ( -3.898255002195072399E-16, -0.000000000000000000, -1.000000000000000000 ) ) ;
#2088 = ORIENTED_EDGE ( 'NONE', *, *, #4101, .F. ) ;
#2089 = ORIENTED_EDGE ( 'NONE', *, *, #6187, .T. ) ;
#2090 = EDGE_CURVE ( 'NONE', #6272, #4756, #2052, .T. ) ;
#2091 = EDGE_CURVE ( 'NONE', #5497, #6793, #7103, .T. ) ;
#2092 = PLANE ( 'NONE',  #7049 ) ;
#2093 = DIRECTION ( 'NONE',  ( 0.000000000000000000, 0.000000000000000000, 1.000000000000000000 ) ) ;
#2094 = ORIENTED_EDGE ( 'NONE', *, *, #3795, .T. ) ;
#2095 = CARTESIAN_POINT ( 'NONE',  ( 5.323807237680925120, 39.74999999999998579, 7.503137776691569449 ) ) ;
#2096 = CARTESIAN_POINT ( 'NONE',  ( 9.274333955176320643, 42.78298699844215491, 9.526021125074505491 ) ) ;
#2097 =( BOUNDED_CURVE ( )  B_SPLINE_CURVE ( 3, ( #5195, #2217, #9655, #3780 ),
 .UNSPECIFIED., .F., .T. ) 
 B_SPLINE_CURVE_WITH_KNOTS ( ( 4, 4 ),
 ( 3.141592653589793116, 4.712388980384689674 ),
 .UNSPECIFIED. ) 
 CURVE ( )  GEOMETRIC_REPRESENTATION_ITEM ( )  RATIONAL_B_SPLINE_CURVE ( ( 1.000000000000000000, 0.8047378541243649375, 0.8047378541243649375, 1.000000000000000000 ) ) 
 REPRESENTATION_ITEM ( '' )  );
#2098 = CARTESIAN_POINT ( 'NONE',  ( 10.98357402210328893, 10.91303391499870479, 7.706134287417688356 ) ) ;
#2099 = B_SPLINE_CURVE_WITH_KNOTS ( 'NONE', 3,
 ( #2796, #4375, #5788, #8719, #3583, #7932, #5837, #1182 ),
 .UNSPECIFIED., .F., .F.,
 ( 4, 2, 2, 4 ),
 ( 0.000000000000000000, 0.0008123350671710040773, 0.001218502600756510724, 0.001624670134342017479 ),
 .UNSPECIFIED. ) ;
#2100 = ORIENTED_EDGE ( 'NONE', *, *, #516, .F. ) ;
#2101 = EDGE_LOOP ( 'NONE', ( #4404, #9021, #6134, #2793 ) ) ;
#2102 = ADVANCED_FACE ( 'NONE', ( #7219 ), #9485, .T. ) ;
#2103 = CARTESIAN_POINT ( 'NONE',  ( 8.354347511075532751, 11.48295058897445386, 10.26000639704112238 ) ) ;
#2104 = CIRCLE ( 'NONE', #3042, 8.949999999999999289 ) ;
#2105 = EDGE_LOOP ( 'NONE', ( #9086, #9483, #8298, #8726, #3798, #212, #7190, #1931 ) ) ;
#2106 = CARTESIAN_POINT ( 'NONE',  ( -5.169975462124789978, 37.98548048166745161, -7.305748502354471263 ) ) ;
#2107 = VECTOR ( 'NONE', #4618, 1000.000000000000114 ) ;
#2108 = LINE ( 'NONE', #770, #1743 ) ;
#2109 = CARTESIAN_POINT ( 'NONE',  ( 4.450000000000004619, 7.197618960442568437, 9.586357836860889492 ) ) ;
#2110 = CARTESIAN_POINT ( 'NONE',  ( 7.326300904425171012, 39.99999999999998579, -5.140799068026177920 ) ) ;
#2111 = CARTESIAN_POINT ( 'NONE',  ( -0.2999999999999999334, 25.10000000000000497, 7.500000000000000000 ) ) ;
#2112 = LINE ( 'NONE', #5093, #1553 ) ;
#2113 = CARTESIAN_POINT ( 'NONE',  ( 7.691963711765099632, 28.38803391499868667, 10.99061704211448109 ) ) ;
#2114 = ORIENTED_EDGE ( 'NONE', *, *, #1741, .F. ) ;
#2115 = ORIENTED_EDGE ( 'NONE', *, *, #582, .T. ) ;
#2116 = VECTOR ( 'NONE', #7344, 1000.000000000000000 ) ;
#2117 = ADVANCED_FACE ( 'NONE', ( #2828 ), #8007, .T. ) ;
#2118 = VERTEX_POINT ( 'NONE', #6442 ) ;
#2119 = B_SPLINE_CURVE_WITH_KNOTS ( 'NONE', 3,
 ( #4767, #6455, #7187, #8764 ),
 .UNSPECIFIED., .F., .F.,
 ( 4, 4 ),
 ( 1.999999999988129272E-07, 0.003705199912144659883 ),
 .UNSPECIFIED. ) ;
#2120 = CARTESIAN_POINT ( 'NONE',  ( 0.000000000000000000, 39.19999999999998153, 0.000000000000000000 ) ) ;
#2121 = CARTESIAN_POINT ( 'NONE',  ( 10.57924822892657168, 15.92303391499870457, 7.789712173259716543 ) ) ;
#2122 = CARTESIAN_POINT ( 'NONE',  ( 9.415631703588303481, 36.66803391499869491, 9.383812094549082161 ) ) ;
#2123 = DIRECTION ( 'NONE',  ( 0.000000000000000000, -0.000000000000000000, 1.000000000000000000 ) ) ;
#2124 = CARTESIAN_POINT ( 'NONE',  ( 7.659393510281440776, 41.57946360976531963, 11.00808418186870341 ) ) ;
#2125 = DIRECTION ( 'NONE',  ( -0.9999862922474268556, -0.005235963831419591756, 2.533831017822022696E-15 ) ) ;
#2126 = CARTESIAN_POINT ( 'NONE',  ( -5.331745340123434929, 39.19999999999998153, -7.497499024879690666 ) ) ;
#2127 = ORIENTED_EDGE ( 'NONE', *, *, #4371, .T. ) ;
#2128 = EDGE_CURVE ( 'NONE', #5398, #5902, #6593, .T. ) ;
#2129 = ORIENTED_EDGE ( 'NONE', *, *, #8920, .F. ) ;
#2130 = CARTESIAN_POINT ( 'NONE',  ( 7.393448056770687060, 27.42058822295408760, 10.80182979291868861 ) ) ;
#2131 = PLANE ( 'NONE',  #7246 ) ;
#2132 = CARTESIAN_POINT ( 'NONE',  ( 0.000000000000000000, 25.10000000000000497, 0.000000000000000000 ) ) ;
#2133 = CARTESIAN_POINT ( 'NONE',  ( 9.841250596347027368, 27.02303391499869534, 9.385166918595835739 ) ) ;
#2134 = CARTESIAN_POINT ( 'NONE',  ( -11.21235136329259241, 25.70303400285404294, -11.68964863670741927 ) ) ;
#2135 = CARTESIAN_POINT ( 'NONE',  ( -6.797057124571646902, 37.39999999999999858, -4.675736781012143517 ) ) ;
#2136 = B_SPLINE_CURVE_WITH_KNOTS ( 'NONE', 3,
 ( #9581, #3603, #2867, #5851 ),
 .UNSPECIFIED., .F., .F.,
 ( 4, 4 ),
 ( 0.000000000000000000, 0.0005894364439779922141 ),
 .UNSPECIFIED. ) ;
#2137 = FACE_OUTER_BOUND ( 'NONE', #2441, .T. ) ;
#2138 = CARTESIAN_POINT ( 'NONE',  ( 8.826146398953184757, 42.19303391499871481, 9.515575706724266780 ) ) ;
#2139 = B_SPLINE_CURVE_WITH_KNOTS ( 'NONE', 3,
 ( #1747, #4738, #7802, #1000, #7700, #3995, #5602, #1099, #1145, #7072, #6880, #357, #6330, #3261, #6973, #3166 ),
 .UNSPECIFIED., .F., .F.,
 ( 4, 2, 2, 2, 2, 2, 2, 4 ),
 ( 2.453269466693398698E-18, 0.0002056280362983537173, 0.0004112560725967049410, 0.0008225121451933923179, 0.001645024290386770324, 0.002056280362983460303, 0.002467536435580149849, 0.003290048580773550189 ),
 .UNSPECIFIED. ) ;
#2140 = CARTESIAN_POINT ( 'NONE',  ( 10.50998542499329957, 6.803033914998705356, 7.953794607117962379 ) ) ;
#2141 = VERTEX_POINT ( 'NONE', #5816 ) ;
#2142 = ORIENTED_EDGE ( 'NONE', *, *, #8012, .F. ) ;
#2143 = DIRECTION ( 'NONE',  ( 0.000000000000000000, 0.000000000000000000, -1.000000000000000000 ) ) ;
#2144 = LINE ( 'NONE', #4199, #1896 ) ;
#2145 = ORIENTED_EDGE ( 'NONE', *, *, #34, .T. ) ;
#2146 = LINE ( 'NONE', #5220, #6863 ) ;
#2147 = CARTESIAN_POINT ( 'NONE',  ( 7.706134025647696006, 27.56303391499869448, 10.98357415256148073 ) ) ;
#2148 = EDGE_CURVE ( 'NONE', #6958, #262, #7961, .T. ) ;
#2149 = DIRECTION ( 'NONE',  ( 1.607383761961276842E-15, -1.000000000000000000, -1.607383761961276842E-15 ) ) ;
#2150 = EDGE_LOOP ( 'NONE', ( #6239, #4147, #2089, #8767 ) ) ;
#2151 = ORIENTED_EDGE ( 'NONE', *, *, #3992, .F. ) ;
#2152 = CONICAL_SURFACE ( 'NONE', #6985, 8.249999999999998224, 0.008726646259971666819 ) ;
#2153 = ORIENTED_EDGE ( 'NONE', *, *, #8481, .F. ) ;
#2154 = CARTESIAN_POINT ( 'NONE',  ( -4.450000000000001954, 7.750000000000000000, -4.449999999999997513 ) ) ;
#2155 = CARTESIAN_POINT ( 'NONE',  ( 7.831794241700766435, 16.50803391499869477, 10.57890428272457939 ) ) ;
#2156 = CARTESIAN_POINT ( 'NONE',  ( 10.37253618519152276, 35.88803391499870798, 7.943624587929902781 ) ) ;
#2157 = CARTESIAN_POINT ( 'NONE',  ( 10.05649503824549562, 42.80303391499871424, 8.094273916567029659 ) ) ;
#2158 = ADVANCED_FACE ( 'NONE', ( #7316 ), #1305, .T. ) ;
#2159 = ADVANCED_FACE ( 'NONE', ( #7178 ), #7912, .T. ) ;
#2160 = CARTESIAN_POINT ( 'NONE',  ( 11.00880844659448421, 31.57159645733343467, 7.658647153978573208 ) ) ;
#2161 = CARTESIAN_POINT ( 'NONE',  ( -5.214960412144503010, 39.17118877843768843, 7.380002886434959386 ) ) ;
#2162 = CARTESIAN_POINT ( 'NONE',  ( -12.78212861364075614, 31.20803391499870472, -10.11987138635925554 ) ) ;
#2163 = ORIENTED_EDGE ( 'NONE', *, *, #3507, .F. ) ;
#2164 = ORIENTED_EDGE ( 'NONE', *, *, #2576, .F. ) ;
#2165 = CARTESIAN_POINT ( 'NONE',  ( -7.305748502354454388, 37.98548048166738056, 5.169975462124814847 ) ) ;
#2166 = CARTESIAN_POINT ( 'NONE',  ( 10.04766789441815789, 4.052946003711921819, -8.751827042193509598 ) ) ;
#2167 = DIRECTION ( 'NONE',  ( -0.000000000000000000, 1.000000000000000000, -0.000000000000000000 ) ) ;
#2168 = DIRECTION ( 'NONE',  ( -1.000000000000000000, 0.000000000000000000, 0.000000000000000000 ) ) ;
#2169 = CARTESIAN_POINT ( 'NONE',  ( -10.05000000000000426, 5.500000000000000000, -4.449999999999996625 ) ) ;
#2170 = EDGE_CURVE ( 'NONE', #8595, #8463, #8347, .T. ) ;
#2171 = LINE ( 'NONE', #3689, #3150 ) ;
#2172 = DIRECTION ( 'NONE',  ( -0.000000000000000000, 1.000000000000000000, -0.000000000000000000 ) ) ;
#2173 = EDGE_LOOP ( 'NONE', ( #2768, #3118, #6770, #6687 ) ) ;
#2174 = CARTESIAN_POINT ( 'NONE',  ( 9.319558577349434714, 35.99303391499870486, 9.478657799230585823 ) ) ;
#2175 = CARTESIAN_POINT ( 'NONE',  ( 8.561945966027190380, 28.65803391499869335, 10.48174107306279801 ) ) ;
#2176 = CARTESIAN_POINT ( 'NONE',  ( 7.778174593052032293, 37.39999999999999858, -5.656854249492367259 ) ) ;
#2177 = AXIS2_PLACEMENT_3D ( 'NONE', #1078, #6313, #5586 ) ;
#2178 = CARTESIAN_POINT ( 'NONE',  ( 7.854411963581865663, 42.06184163562943468, 10.56785280320062981 ) ) ;
#2179 = AXIS2_PLACEMENT_3D ( 'NONE', #1750, #1597, #8342 ) ;
#2180 = FACE_OUTER_BOUND ( 'NONE', #1596, .T. ) ;
#2181 = B_SPLINE_CURVE_WITH_KNOTS ( 'NONE', 3,
 ( #3782, #2268, #875, #3921 ),
 .UNSPECIFIED., .F., .F.,
 ( 4, 4 ),
 ( 1.999999999988131125E-07, 0.003135199912144660123 ),
 .UNSPECIFIED. ) ;
#2182 = EDGE_CURVE ( 'NONE', #3978, #6316, #4034, .T. ) ;
#2183 = DIRECTION ( 'NONE',  ( 0.000000000000000000, -1.000000000000000000, 0.000000000000000000 ) ) ;
#2184 = EDGE_LOOP ( 'NONE', ( #2094, #2396, #9046, #4802 ) ) ;
#2185 = CARTESIAN_POINT ( 'NONE',  ( 8.123297039036254219, 41.12803391499871708, 11.08253911441614648 ) ) ;
#2186 = CARTESIAN_POINT ( 'NONE',  ( 10.29613109689770134, 42.30803400285406468, 8.821813262009914780 ) ) ;
#2187 = ORIENTED_EDGE ( 'NONE', *, *, #9472, .T. ) ;
#2188 = AXIS2_PLACEMENT_3D ( 'NONE', #349, #1137, #206 ) ;
#2189 = AXIS2_PLACEMENT_3D ( 'NONE', #8813, #9498, #3574 ) ;
#2190 = ORIENTED_EDGE ( 'NONE', *, *, #4559, .T. ) ;
#2191 = CARTESIAN_POINT ( 'NONE',  ( 7.399093470355945890, 9.678993187624380212, 10.79896566485103904 ) ) ;
#2192 = CARTESIAN_POINT ( 'NONE',  ( 11.05586143922071507, 10.72404615681992723, 7.557000756220322302 ) ) ;
#2193 = VERTEX_POINT ( 'NONE', #2147 ) ;
#2194 = CARTESIAN_POINT ( 'NONE',  ( 10.53001036238014798, 11.55803391499871857, 7.252570627694547412 ) ) ;
#2195 = CARTESIAN_POINT ( 'NONE',  ( 9.627764788740009294, 6.083033914998696723, 9.595945179700638761 ) ) ;
#2196 = CARTESIAN_POINT ( 'NONE',  ( 6.790853339035351155, 27.95303391499869861, 11.02288762055097671 ) ) ;
#2197 = FACE_OUTER_BOUND ( 'NONE', #5218, .T. ) ;
#2198 = ORIENTED_EDGE ( 'NONE', *, *, #5791, .T. ) ;
#2199 = ORIENTED_EDGE ( 'NONE', *, *, #5868, .T. ) ;
#2200 = AXIS2_PLACEMENT_3D ( 'NONE', #8075, #1282, #6564 ) ;
#2201 = EDGE_CURVE ( 'NONE', #2333, #6447, #5386, .T. ) ;
#2202 = CARTESIAN_POINT ( 'NONE',  ( 8.371240954414608026, 11.87303400285404820, 10.24860926235090730 ) ) ;
#2203 = ORIENTED_EDGE ( 'NONE', *, *, #870, .T. ) ;
#2204 = CARTESIAN_POINT ( 'NONE',  ( 11.01904678882245747, 16.65803391499870401, 7.826459867879267840 ) ) ;
#2205 = CARTESIAN_POINT ( 'NONE',  ( 7.100550008671276281, 12.86646859237935558, 11.25205832044894549 ) ) ;
#2206 = CARTESIAN_POINT ( 'NONE',  ( 4.449999999999999289, 30.00803400285406752, 4.450000000000001954 ) ) ;
#2207 = CARTESIAN_POINT ( 'NONE',  ( 9.311950260243254007, 17.27303391499869534, 9.895313550836226213 ) ) ;
#2208 = VECTOR ( 'NONE', #6439, 1000.000000000000114 ) ;
#2209 = CARTESIAN_POINT ( 'NONE',  ( 9.255641819932236558, 36.61303391499873783, 9.945071127703297265 ) ) ;
#2210 = CARTESIAN_POINT ( 'NONE',  ( -5.183997599491263486, 39.16355273516047220, 7.348851576605981428 ) ) ;
#2211 = CARTESIAN_POINT ( 'NONE',  ( 4.449999999999998401, 5.500000000000000000, -4.449999999999998401 ) ) ;
#2212 = ORIENTED_EDGE ( 'NONE', *, *, #9029, .T. ) ;
#2213 = VERTEX_POINT ( 'NONE', #5126 ) ;
#2214 = ADVANCED_FACE ( 'NONE', ( #8102 ), #1941, .T. ) ;
#2215 = EDGE_CURVE ( 'NONE', #6006, #6561, #2975, .T. ) ;
#2216 = AXIS2_PLACEMENT_3D ( 'NONE', #3886, #7643, #6087 ) ;
#2217 = CARTESIAN_POINT ( 'NONE',  ( 11.09790554669991991, 44.93791624812540419, -8.374769132100261970 ) ) ;
#2218 = CYLINDRICAL_SURFACE ( 'NONE', #6232, 0.3000000000000000444 ) ;
#2219 = SURFACE_SIDE_STYLE ('',( #9658 ) ) ;
#2220 = CARTESIAN_POINT ( 'NONE',  ( 0.000000000000000000, 39.15591825482287192, 0.000000000000000000 ) ) ;
#2221 = CARTESIAN_POINT ( 'NONE',  ( -7.500000000000000888, 25.10000000000000497, 0.2999999999999738431 ) ) ;
#2222 = CARTESIAN_POINT ( 'NONE',  ( -9.890300914026145307, 36.00000000000000000, -0.3570727881021650840 ) ) ;
#2223 = FACE_OUTER_BOUND ( 'NONE', #1449, .T. ) ;
#2224 = B_SPLINE_CURVE_WITH_KNOTS ( 'NONE', 3,
 ( #2737, #9402, #4168, #7138, #9493, #3432, #7228 ),
 .UNSPECIFIED., .F., .F.,
 ( 4, 3, 4 ),
 ( 0.0005257355417019082041, 0.0006493043714912910330, 0.0007830454567822194793 ),
 .UNSPECIFIED. ) ;
#2225 = VERTEX_POINT ( 'NONE', #4731 ) ;
#2226 = EDGE_CURVE ( 'NONE', #7999, #4966, #1994, .T. ) ;
#2227 = CARTESIAN_POINT ( 'NONE',  ( -6.839453812875157190, 39.99999999999999289, -4.653951976476327523 ) ) ;
#2228 = DIRECTION ( 'NONE',  ( 0.9848077530122072432, 0.1736481776669349664, 0.000000000000000000 ) ) ;
#2229 = CARTESIAN_POINT ( 'NONE',  ( 0.000000000000000000, 42.98105607088802316, 10.14870513846345368 ) ) ;
#2230 = DIRECTION ( 'NONE',  ( 0.000000000000000000, 0.000000000000000000, -1.000000000000000000 ) ) ;
#2231 = AXIS2_PLACEMENT_3D ( 'NONE', #2944, #3635, #8175 ) ;
#2232 = CARTESIAN_POINT ( 'NONE',  ( 8.561945966027233013, 11.28803391499868880, 10.48174107306275893 ) ) ;
#2233 = DIRECTION ( 'NONE',  ( -0.000000000000000000, -1.000000000000000000, -0.000000000000000000 ) ) ;
#2234 = DIRECTION ( 'NONE',  ( -0.000000000000000000, 1.000000000000000000, -0.000000000000000000 ) ) ;
#2235 = ORIENTED_EDGE ( 'NONE', *, *, #2829, .F. ) ;
#2236 = ORIENTED_EDGE ( 'NONE', *, *, #2626, .T. ) ;
#2237 = ORIENTED_EDGE ( 'NONE', *, *, #4182, .T. ) ;
#2238 = EDGE_CURVE ( 'NONE', #3617, #7508, #5934, .T. ) ;
#2239 = CARTESIAN_POINT ( 'NONE',  ( -11.44999999999999929, 0.3575260777782763855, -8.550505063388332161 ) ) ;
#2240 = B_SPLINE_CURVE_WITH_KNOTS ( 'NONE', 3,
 ( #2000, #7965, #9487, #6396, #1103, #9243 ),
 .UNSPECIFIED., .F., .F.,
 ( 4, 2, 4 ),
 ( 0.000000000000000000, 0.0006142721330150219738, 0.001228544266030043948 ),
 .UNSPECIFIED. ) ;
#2241 = CARTESIAN_POINT ( 'NONE',  ( 9.007854567817402014, 14.65183792162461174, 10.15234770925314756 ) ) ;
#2242 = ORIENTED_EDGE ( 'NONE', *, *, #4247, .F. ) ;
#2243 = CARTESIAN_POINT ( 'NONE',  ( 5.331745340123484667, 39.19999999999998153, 7.497499024879654250 ) ) ;
#2244 = CARTESIAN_POINT ( 'NONE',  ( 4.397905546699906409, 43.75652547737865206, 11.44999999999999929 ) ) ;
#2245 = DIRECTION ( 'NONE',  ( 0.000000000000000000, 1.000000000000000000, 0.000000000000000000 ) ) ;
#2246 = FACE_OUTER_BOUND ( 'NONE', #485, .T. ) ;
#2247 = ADVANCED_FACE ( 'NONE', ( #4501 ), #3003, .T. ) ;
#2248 = EDGE_LOOP ( 'NONE', ( #5889, #9443 ) ) ;
#2249 = ORIENTED_EDGE ( 'NONE', *, *, #7081, .T. ) ;
#2250 = DIRECTION ( 'NONE',  ( 0.7071067811865474617, 0.000000000000000000, 0.7071067811865474617 ) ) ;
#2251 = ORIENTED_EDGE ( 'NONE', *, *, #5996, .F. ) ;
#2252 = CARTESIAN_POINT ( 'NONE',  ( -1.520436165816475116, 38.57078715550566272, -8.819913906853308561 ) ) ;
#2253 = CARTESIAN_POINT ( 'NONE',  ( 7.326300904425171012, 39.99999999999998579, -5.140799068026177920 ) ) ;
#2254 = CARTESIAN_POINT ( 'NONE',  ( 8.462218462464504043, 42.38458903870984784, 10.55048483559729000 ) ) ;
#2255 = DIRECTION ( 'NONE',  ( -0.9848077530122072432, -0.1736481776669349664, 1.919515874690163572E-16 ) ) ;
#2256 =( BOUNDED_CURVE ( )  B_SPLINE_CURVE ( 3, ( #8706, #7383, #4362, #7229 ),
 .UNSPECIFIED., .F., .T. ) 
 B_SPLINE_CURVE_WITH_KNOTS ( ( 4, 4 ),
 ( 4.879626044906771654, 4.880684413535594679 ),
 .UNSPECIFIED. ) 
 CURVE ( )  GEOMETRIC_REPRESENTATION_ITEM ( )  RATIONAL_B_SPLINE_CURVE ( ( 1.000000000000000000, 0.9999999066546558790, 0.9999999066546558790, 1.000000000000000000 ) ) 
 REPRESENTATION_ITEM ( '' )  );
#2257 = DIRECTION ( 'NONE',  ( 0.000000000000000000, -1.607383761961276842E-15, 1.000000000000000000 ) ) ;
#2258 = ADVANCED_FACE ( 'NONE', ( #5221 ), #3206, .T. ) ;
#2259 = CARTESIAN_POINT ( 'NONE',  ( -4.450000000000001066, 1.234288864959286469, 10.57233541538670707 ) ) ;
#2260 = CARTESIAN_POINT ( 'NONE',  ( 7.306734846436375719, 17.06894669081746940, 11.17192462107284001 ) ) ;
#2261 = ORIENTED_EDGE ( 'NONE', *, *, #6270, .T. ) ;
#2262 = B_SPLINE_CURVE_WITH_KNOTS ( 'NONE', 3,
 ( #8352, #81, #3077, #859, #2443, #765, #8161, #1463 ),
 .UNSPECIFIED., .F., .F.,
 ( 4, 2, 2, 4 ),
 ( 0.000000000000000000, 0.001012697610520443565, 0.001519046415780671202, 0.002025395221040898839 ),
 .UNSPECIFIED. ) ;
#2263 = ORIENTED_EDGE ( 'NONE', *, *, #5377, .F. ) ;
#2264 = CIRCLE ( 'NONE', #998, 8.949999999999999289 ) ;
#2265 = CARTESIAN_POINT ( 'NONE',  ( 8.101217477751161411, 36.39300028804201759, 10.43376628854754351 ) ) ;
#2266 = LINE ( 'NONE', #4664, #2016 ) ;
#2267 = CARTESIAN_POINT ( 'NONE',  ( 8.670404962982994235, 16.72155123856068926, 10.40938896407386061 ) ) ;
#2268 = CARTESIAN_POINT ( 'NONE',  ( 7.519905566630961324, 24.48303397356892575, 11.07311707672212719 ) ) ;
#2269 = CARTESIAN_POINT ( 'NONE',  ( 10.80285237600488024, 15.94613342111456156, 8.046373272832955337 ) ) ;
#2270 = LINE ( 'NONE', #2367, #1749 ) ;
#2271 = ADVANCED_FACE ( 'NONE', ( #6229 ), #7949, .T. ) ;
#2272 = CARTESIAN_POINT ( 'NONE',  ( 4.661245592605299137, 39.13255635755357531, 6.825334418263491187 ) ) ;
#2273 = EDGE_CURVE ( 'NONE', #3272, #1212, #9232, .T. ) ;
#2274 = VECTOR ( 'NONE', #4132, 1000.000000000000114 ) ;
#2275 = ORIENTED_EDGE ( 'NONE', *, *, #666, .T. ) ;
#2276 = CARTESIAN_POINT ( 'NONE',  ( 9.998893950393478391, 36.14561708188532663, 8.724662467775031516 ) ) ;
#2277 = CARTESIAN_POINT ( 'NONE',  ( 7.457173208231437478, 13.68527150361607880, 11.10197578958086417 ) ) ;
#2278 = LINE ( 'NONE', #791, #8701 ) ;
#2279 = DIRECTION ( 'NONE',  ( -1.000000000000000000, 0.000000000000000000, -2.347727539795986212E-16 ) ) ;
#2280 = CARTESIAN_POINT ( 'NONE',  ( 8.587128299136198351, 11.87303400285404820, 10.46449660707249585 ) ) ;
#2281 = CARTESIAN_POINT ( 'NONE',  ( 10.47401803720149260, 17.17818237447670526, 8.015839889185796707 ) ) ;
#2282 = CARTESIAN_POINT ( 'NONE',  ( -4.450000000000001066, 7.197618960442568437, 10.30001269126618269 ) ) ;
#2283 = EDGE_CURVE ( 'NONE', #8209, #2300, #9143, .T. ) ;
#2284 = ADVANCED_FACE ( 'NONE', ( #7891 ), #7784, .T. ) ;
#2285 = VERTEX_POINT ( 'NONE', #7066 ) ;
#2286 = VERTEX_POINT ( 'NONE', #1093 ) ;
#2287 = VERTEX_POINT ( 'NONE', #7790 ) ;
#2288 = CARTESIAN_POINT ( 'NONE',  ( 9.531716886674058031, 35.99303391499870486, 9.690816108555209141 ) ) ;
#2289 = CARTESIAN_POINT ( 'NONE',  ( 8.033991320463155006, 31.83803391499869662, 10.46290330995309503 ) ) ;
#2290 = ORIENTED_EDGE ( 'NONE', *, *, #7173, .T. ) ;
#2291 = CARTESIAN_POINT ( 'NONE',  ( 10.99670083796326914, 12.05303391499870713, 6.785880152111425367 ) ) ;
#2292 = CARTESIAN_POINT ( 'NONE',  ( 7.975332859534232099, 44.05605396634106086, 10.56650471974815098 ) ) ;
#2293 = EDGE_CURVE ( 'NONE', #7250, #1767, #3790, .T. ) ;
#2294 = CARTESIAN_POINT ( 'NONE',  ( -6.797057124571744602, 37.39999999999999858, 4.675736781012002297 ) ) ;
#2295 = DIRECTION ( 'NONE',  ( 0.000000000000000000, -1.000000000000000000, 0.000000000000000000 ) ) ;
#2296 = ORIENTED_EDGE ( 'NONE', *, *, #6751, .F. ) ;
#2297 = VERTEX_POINT ( 'NONE', #1928 ) ;
#2298 = ORIENTED_EDGE ( 'NONE', *, *, #4329, .T. ) ;
#2299 = CARTESIAN_POINT ( 'NONE',  ( 8.920760456177765363, 17.26656881472376526, 10.22645956005564472 ) ) ;
#2300 = VERTEX_POINT ( 'NONE', #6369 ) ;
#2301 = CARTESIAN_POINT ( 'NONE',  ( -1.531419116870791797, 39.19999999999998153, -9.071645687993031615 ) ) ;
#2302 = LINE ( 'NONE', #5277, #4785 ) ;
#2303 = DIRECTION ( 'NONE',  ( -1.000000000000000000, 0.000000000000000000, 0.000000000000000000 ) ) ;
#2304 = B_SPLINE_CURVE_WITH_KNOTS ( 'NONE', 3,
 ( #8799, #5079, #1402, #664, #8053, #9635, #709, #3660 ),
 .UNSPECIFIED., .F., .F.,
 ( 4, 2, 2, 4 ),
 ( 0.000000000000000000, 0.001104067358823836338, 0.001656101038235754507, 0.002208134717647672676 ),
 .UNSPECIFIED. ) ;
#2305 = ADVANCED_FACE ( 'NONE', ( #9324 ), #2608, .T. ) ;
#2306 = CARTESIAN_POINT ( 'NONE',  ( 7.348055153878497947, 32.54303391499869491, 10.79520090827706369 ) ) ;
#2307 = CARTESIAN_POINT ( 'NONE',  ( 7.615884240364351854, 33.06836758768801587, 11.02787411715814336 ) ) ;
#2308 = LINE ( 'NONE', #6847, #4845 ) ;
#2309 = ORIENTED_EDGE ( 'NONE', *, *, #2482, .F. ) ;
#2310 = AXIS2_PLACEMENT_3D ( 'NONE', #6522, #9574, #3695 ) ;
#2311 = ORIENTED_EDGE ( 'NONE', *, *, #167, .F. ) ;
#2312 = CARTESIAN_POINT ( 'NONE',  ( 11.24950372435108648, 15.00764399223984391, 7.108081545216559327 ) ) ;
#2313 = CARTESIAN_POINT ( 'NONE',  ( 10.39460456660778931, 11.19803391499871204, 8.686941886156326120 ) ) ;
#2314 = CARTESIAN_POINT ( 'NONE',  ( 6.763794199169879562, 26.89564702271267294, 11.05655584297410776 ) ) ;
#2315 =( BOUNDED_CURVE ( )  B_SPLINE_CURVE ( 3, ( #7139, #3433, #8469, #8518 ),
 .UNSPECIFIED., .F., .T. ) 
 B_SPLINE_CURVE_WITH_KNOTS ( ( 4, 4 ),
 ( 0.000000000000000000, 1.570796326794896780 ),
 .UNSPECIFIED. ) 
 CURVE ( )  GEOMETRIC_REPRESENTATION_ITEM ( )  RATIONAL_B_SPLINE_CURVE ( ( 1.000000000000000000, 0.8047378541243649375, 0.8047378541243649375, 1.000000000000000000 ) ) 
 REPRESENTATION_ITEM ( '' )  );
#2316 = CARTESIAN_POINT ( 'NONE',  ( 8.977701817784264904, 16.71803391499869562, 10.17624800800953899 ) ) ;
#2317 = CARTESIAN_POINT ( 'NONE',  ( 6.942665334463061555, 14.71024695575478525, 11.31127631987350668 ) ) ;
#2318 = CARTESIAN_POINT ( 'NONE',  ( -4.450000000000003730, 7.197618960442568437, -9.586357836860887716 ) ) ;
#2319 = CARTESIAN_POINT ( 'NONE',  ( 8.127065172579134966, 39.99999999999999289, 1.545383168813394326 ) ) ;
#2320 = ORIENTED_EDGE ( 'NONE', *, *, #2746, .F. ) ;
#2321 = B_SPLINE_CURVE_WITH_KNOTS ( 'NONE', 3,
 ( #6963, #9365, #2701, #4178, #8624, #5500, #1087, #1923, #4086, #346, #440, #7063, #2604, #7887 ),
 .UNSPECIFIED., .F., .F.,
 ( 4, 2, 2, 2, 2, 2, 4 ),
 ( 1.734723475976807094E-18, 0.0005800471737687682393, 0.001160094347537534744, 0.001740141521306301465, 0.002030165108190682983, 0.002175176901632875151, 0.002320188695075066886 ),
 .UNSPECIFIED. ) ;
#2322 = FACE_BOUND ( 'NONE', #9195, .T. ) ;
#2323 = B_SPLINE_SURFACE_WITH_KNOTS ( 'NONE', 3, 1, ( 
 ( #1363, #1270 ),
 ( #5090, #8115 ),
 ( #9494, #2008 ),
 ( #9600, #5045 ) ),
 .UNSPECIFIED., .F., .F., .F.,
 ( 4, 4 ),
 ( 2, 2 ),
 ( 0.000000000000000000, 1.000000000000000000 ),
 ( 0.000000000000000000, 1.000000000000000000 ),
 .UNSPECIFIED. ) ;
#2324 = EDGE_CURVE ( 'NONE', #6507, #7651, #8302, .T. ) ;
#2325 = CARTESIAN_POINT ( 'NONE',  ( 7.706134025647696006, 27.56303391499869448, 10.98357415256148073 ) ) ;
#2326 = CYLINDRICAL_SURFACE ( 'NONE', #1310, 6.999999999999999112 ) ;
#2327 = DIRECTION ( 'NONE',  ( -1.000000000000000000, 0.000000000000000000, -1.052865412515367529E-14 ) ) ;
#2328 = CARTESIAN_POINT ( 'NONE',  ( 8.112490369793979639, 37.39999999999999858, -1.499999999999971356 ) ) ;
#2329 = VECTOR ( 'NONE', #8216, 1000.000000000000114 ) ;
#2330 = DIRECTION ( 'NONE',  ( 0.005235892060090500955, -0.9999725850585454712, 0.005235892060090611110 ) ) ;
#2331 = ORIENTED_EDGE ( 'NONE', *, *, #4329, .F. ) ;
#2332 = ORIENTED_EDGE ( 'NONE', *, *, #7882, .F. ) ;
#2333 = VERTEX_POINT ( 'NONE', #4876 ) ;
#2334 = CARTESIAN_POINT ( 'NONE',  ( 7.938412646375125448, 10.60665115638689748, 10.51895086658029221 ) ) ;
#2335 = EDGE_CURVE ( 'NONE', #4223, #3111, #2656, .T. ) ;
#2336 = CARTESIAN_POINT ( 'NONE',  ( 9.174547213490466646, 12.80773423378507658, 10.01508708946868786 ) ) ;
#2337 = ORIENTED_EDGE ( 'NONE', *, *, #3714, .T. ) ;
#2338 = EDGE_CURVE ( 'NONE', #6678, #228, #1618, .T. ) ;
#2339 = CARTESIAN_POINT ( 'NONE',  ( 0.2999999999999999334, 36.00000000000000000, -7.442927211897868212 ) ) ;
#2340 = DIRECTION ( 'NONE',  ( -0.005235892060090573813, -0.9999725850585454712, 0.005235892060090536516 ) ) ;
#2341 = VECTOR ( 'NONE', #8560, 1000.000000000000000 ) ;
#2342 = DIRECTION ( 'NONE',  ( 0.000000000000000000, 0.000000000000000000, -1.000000000000000000 ) ) ;
#2343 = VECTOR ( 'NONE', #2327, 1000.000000000000000 ) ;
#2344 = VECTOR ( 'NONE', #9160, 1000.000000000000000 ) ;
#2345 = ORIENTED_EDGE ( 'NONE', *, *, #6623, .F. ) ;
#2346 = EDGE_LOOP ( 'NONE', ( #4735, #1333, #7086, #7954, #8960, #2088, #1919 ) ) ;
#2347 = EDGE_LOOP ( 'NONE', ( #7519, #8512, #3018, #3016 ) ) ;
#2348 = CARTESIAN_POINT ( 'NONE',  ( 9.632043847548153792, 16.71206793662597079, 9.598782149614697445 ) ) ;
#2349 = EDGE_LOOP ( 'NONE', ( #1454, #6397, #6294, #2579 ) ) ;
#2350 = EDGE_CURVE ( 'NONE', #4493, #4492, #5567, .T. ) ;
#2351 = VECTOR ( 'NONE', #8017, 1000.000000000000114 ) ;
#2352 = DIRECTION ( 'NONE',  ( -0.000000000000000000, -0.000000000000000000, 1.000000000000000000 ) ) ;
#2353 = CARTESIAN_POINT ( 'NONE',  ( 7.727609302413724457, 7.497553845032022934, 10.97318416444538691 ) ) ;
#2354 = CARTESIAN_POINT ( 'NONE',  ( 4.449999999999999289, 22.83803400285406227, 4.450000000000001954 ) ) ;
#2355 = CARTESIAN_POINT ( 'NONE',  ( 11.44999999999999929, 4.289617747577138651, 8.550505063388335714 ) ) ;
#2356 = LINE ( 'NONE', #5331, #3440 ) ;
#2357 = ORIENTED_EDGE ( 'NONE', *, *, #4356, .F. ) ;
#2358 = VERTEX_POINT ( 'NONE', #9163 ) ;
#2359 = CARTESIAN_POINT ( 'NONE',  ( 10.83341552196957736, 41.67803391499871424, 7.322630549492567198 ) ) ;
#2360 = EDGE_CURVE ( 'NONE', #9328, #5261, #3284, .T. ) ;
#2361 = CARTESIAN_POINT ( 'NONE',  ( 0.000000000000000000, 39.19999999999998153, 0.000000000000000000 ) ) ;
#2362 = LINE ( 'NONE', #6165, #1708 ) ;
#2363 = CIRCLE ( 'NONE', #8126, 9.199999999999992184 ) ;
#2364 = FACE_OUTER_BOUND ( 'NONE', #3426, .T. ) ;
#2365 = CARTESIAN_POINT ( 'NONE',  ( -4.450000000000001066, 5.500000000000000000, 10.55000000000000249 ) ) ;
#2366 = FACE_OUTER_BOUND ( 'NONE', #3747, .T. ) ;
#2367 = CARTESIAN_POINT ( 'NONE',  ( -9.281950046767363460, 39.50303391499870287, -13.62004995323265000 ) ) ;
#2368 = DIRECTION ( 'NONE',  ( -0.000000000000000000, -1.000000000000000000, -0.000000000000000000 ) ) ;
#2369 = CARTESIAN_POINT ( 'NONE',  ( 9.354417646533363495, 5.483033914998693525, 9.874141326819492193 ) ) ;
#2370 = CONICAL_SURFACE ( 'NONE', #7987, 8.949999999999993960, 0.7853981633974482790 ) ;
#2371 = CONICAL_SURFACE ( 'NONE', #7826, 6.100000000000001421, 0.005235987755983000265 ) ;
#2372 = ORIENTED_EDGE ( 'NONE', *, *, #4059, .F. ) ;
#2373 = CARTESIAN_POINT ( 'NONE',  ( -5.379280525977491401, 42.03254377735854064, -11.15000000000076952 ) ) ;
#2374 = CARTESIAN_POINT ( 'NONE',  ( -11.20209445330008258, 41.00582457832652494, -4.449999999999996625 ) ) ;
#2375 = DIRECTION ( 'NONE',  ( 0.7061788022856666514, -0.05121521653534815560, -0.7061788022856666514 ) ) ;
#2376 = CARTESIAN_POINT ( 'NONE',  ( 0.000000000000000000, 44.20218114339339621, 0.000000000000000000 ) ) ;
#2377 = CARTESIAN_POINT ( 'NONE',  ( 9.669886064529952918, 31.14803391499869889, 9.553213641748319773 ) ) ;
#2378 = CARTESIAN_POINT ( 'NONE',  ( 10.50626431402346483, 17.17993840479559609, 7.960787387008444682 ) ) ;
#2379 = AXIS2_PLACEMENT_3D ( 'NONE', #5491, #244, #5439 ) ;
#2380 = EDGE_LOOP ( 'NONE', ( #6346, #8361, #1202, #9701 ) ) ;
#2381 = EDGE_CURVE ( 'NONE', #5861, #7068, #6114, .T. ) ;
#2382 = ORIENTED_EDGE ( 'NONE', *, *, #9580, .F. ) ;
#2383 = ORIENTED_EDGE ( 'NONE', *, *, #7114, .T. ) ;
#2384 = DIRECTION ( 'NONE',  ( 0.000000000000000000, 1.000000000000000000, 0.000000000000000000 ) ) ;
#2385 = CARTESIAN_POINT ( 'NONE',  ( -9.812280132657205556, 10.91303391499870479, -13.08971986734280613 ) ) ;
#2386 = ORIENTED_EDGE ( 'NONE', *, *, #7497, .T. ) ;
#2387 = CARTESIAN_POINT ( 'NONE',  ( -7.444206861401007735, 39.83335412408865750, -5.262818710037384662 ) ) ;
#2388 = DIRECTION ( 'NONE',  ( 0.000000000000000000, 0.000000000000000000, 1.000000000000000000 ) ) ;
#2389 = CARTESIAN_POINT ( 'NONE',  ( -10.03126185594952879, 0.2501618133563869861, 8.776078614593615157 ) ) ;
#2390 = ADVANCED_FACE ( 'NONE', ( #5432 ), #1066, .T. ) ;
#2391 = VERTEX_POINT ( 'NONE', #5337 ) ;
#2392 = ADVANCED_FACE ( 'NONE', ( #1768 ), #1804, .T. ) ;
#2393 = EDGE_LOOP ( 'NONE', ( #4923, #6585, #860, #8036 ) ) ;
#2394 = VERTEX_POINT ( 'NONE', #6948 ) ;
#2395 = CARTESIAN_POINT ( 'NONE',  ( 8.609897058251958057, 17.23364340096552638, 10.45012937286497490 ) ) ;
#2396 = ORIENTED_EDGE ( 'NONE', *, *, #2238, .F. ) ;
#2397 = CARTESIAN_POINT ( 'NONE',  ( 8.736302366638966532, 42.54803391499870457, 10.35911262557630330 ) ) ;
#2398 = CARTESIAN_POINT ( 'NONE',  ( -1.545383168813366126, 39.99999999999999289, 8.127065172579140295 ) ) ;
#2399 = DIRECTION ( 'NONE',  ( -0.000000000000000000, 1.000000000000000000, -0.000000000000000000 ) ) ;
#2400 = CARTESIAN_POINT ( 'NONE',  ( 6.995967103447775948, 33.77303391499870600, 11.29164099527020504 ) ) ;
#2401 = CARTESIAN_POINT ( 'NONE',  ( 8.310378508036025735, 11.37803391499870109, 10.73929049752586451 ) ) ;
#2402 = EDGE_LOOP ( 'NONE', ( #5002, #1194, #1592, #9664 ) ) ;
#2403 = EDGE_CURVE ( 'NONE', #8335, #5527, #7642, .T. ) ;
#2404 = B_SPLINE_SURFACE_WITH_KNOTS ( 'NONE', 3, 1, ( 
 ( #8484, #4732 ),
 ( #3253, #4780 ),
 ( #993, #6231 ),
 ( #7743, #1042 ) ),
 .UNSPECIFIED., .F., .F., .F.,
 ( 4, 4 ),
 ( 2, 2 ),
 ( 0.000000000000000000, 1.000000000000000000 ),
 ( 0.000000000000000000, 1.000000000000000000 ),
 .UNSPECIFIED. ) ;
#2405 = ORIENTED_EDGE ( 'NONE', *, *, #2293, .F. ) ;
#2406 = CARTESIAN_POINT ( 'NONE',  ( -4.450000000000000178, 5.500000000000000000, 10.05000000000000249 ) ) ;
#2407 = CARTESIAN_POINT ( 'NONE',  ( 10.78410699499911729, 31.57179048438243285, 7.433739905620077693 ) ) ;
#2408 = CARTESIAN_POINT ( 'NONE',  ( -12.61242298615593249, 10.76303391499868134, -10.28957701384407919 ) ) ;
#2409 = CARTESIAN_POINT ( 'NONE',  ( 0.3570727881021321104, 36.00000000000000000, -9.890300914026132872 ) ) ;
#2410 = DIRECTION ( 'NONE',  ( 0.000000000000000000, 0.000000000000000000, 1.000000000000000000 ) ) ;
#2411 = CARTESIAN_POINT ( 'NONE',  ( 8.344045976186770019, 28.65803391499869335, 10.26384108322237765 ) ) ;
#2412 = CARTESIAN_POINT ( 'NONE',  ( 8.549320465465836349, 28.02803391499868724, 10.49032877593704249 ) ) ;
#2413 =( BOUNDED_SURFACE ( )  B_SPLINE_SURFACE ( 3, 2, ( 
 ( #364, #4838, #3218 ),
 ( #6933, #7809, #6885 ),
 ( #1006, #173, #5418 ),
 ( #6195, #5467, #8396 ),
 ( #6099, #2389, #8497 ),
 ( #267, #4745, #3268 ),
 ( #6246, #9246, #7997 ),
 ( #507, #4294, #554 ),
 ( #5708, #1248, #2818 ),
 ( #7210, #2042, #3551 ) ),
 .UNSPECIFIED., .F., .F., .F. ) 
 B_SPLINE_SURFACE_WITH_KNOTS ( ( 4, 2, 2, 2, 4 ),
 ( 3, 3 ),
 ( 0.000000000000000000, 0.3926990816987241395, 0.7853981633974482790, 1.178097245096172418, 1.570796326794896558 ),
 ( 0.000000000000000000, 1.000000000000000000 ),
 .UNSPECIFIED. ) 
 GEOMETRIC_REPRESENTATION_ITEM ( )  RATIONAL_B_SPLINE_SURFACE ( (
 ( 1.000000000000000000, 0.6427876096865382527, 1.000000000000000000),
 ( 1.000000000000000000, 0.6427771213544458684, 1.000000000000000000),
 ( 1.000000000000000000, 0.6445517630981341117, 1.000000000000000000),
 ( 1.000000000000000000, 0.6512645840711945855, 1.000000000000000000),
 ( 1.000000000000000000, 0.6562061165397182760, 1.000000000000000000),
 ( 1.000000000000000000, 0.6683407463768232804, 1.000000000000000000),
 ( 1.000000000000000000, 0.6755240863390620243, 1.000000000000000000),
 ( 1.000000000000000000, 0.6908929212735311909, 1.000000000000000000),
 ( 1.000000000000000000, 0.6990715671246762186, 1.000000000000000000),
 ( 1.000000000000000000, 0.7071067811865482389, 1.000000000000000000) ) ) 
 REPRESENTATION_ITEM ( '' )  SURFACE ( )  );
#2414 = CARTESIAN_POINT ( 'NONE',  ( 8.985223950274937366, 39.83335412408865750, -1.542474354229282252 ) ) ;
#2415 = CARTESIAN_POINT ( 'NONE',  ( 8.261937669600149192, 6.143033914998687450, 10.96662130375270827 ) ) ;
#2416 = EDGE_LOOP ( 'NONE', ( #8642, #8806, #762, #8452 ) ) ;
#2417 = EDGE_CURVE ( 'NONE', #1706, #4756, #7256, .T. ) ;
#2418 = ORIENTED_EDGE ( 'NONE', *, *, #6873, .F. ) ;
#2419 = CARTESIAN_POINT ( 'NONE',  ( -9.716820717197087731, 37.37303391499870742, -13.18517928280292573 ) ) ;
#2420 = CARTESIAN_POINT ( 'NONE',  ( -4.450000000000002842, 7.197618960442568437, -10.30001269126617913 ) ) ;
#2421 = DIRECTION ( 'NONE',  ( 0.9999862922474268556, -0.005235963831419591756, -3.898201565880034423E-16 ) ) ;
#2422 = B_SPLINE_CURVE_WITH_KNOTS ( 'NONE', 3,
 ( #3839, #5991, #8239, #1538, #1589, #5356, #4638, #3061 ),
 .UNSPECIFIED., .F., .F.,
 ( 4, 2, 2, 4 ),
 ( 0.000000000000000000, 0.0005381280793268438355, 0.001076256158653687671, 0.002152512317307374908 ),
 .UNSPECIFIED. ) ;
#2423 = CARTESIAN_POINT ( 'NONE',  ( 1.500000000000000222, 37.39999999999999858, -8.112490369793974310 ) ) ;
#2424 = DIRECTION ( 'NONE',  ( -2.623817611436788400E-15, 1.000000000000000000, 2.623817611436788400E-15 ) ) ;
#2425 = LINE ( 'NONE', #161, #8934 ) ;
#2426 = ORIENTED_EDGE ( 'NONE', *, *, #8494, .T. ) ;
#2427 = EDGE_CURVE ( 'NONE', #1473, #3738, #8362, .T. ) ;
#2428 = AXIS2_PLACEMENT_3D ( 'NONE', #8465, #4759, #1666 ) ;
#2429 = PRODUCT_CONTEXT ( 'NONE', #8704, 'mechanical' ) ;
#2430 = ORIENTED_EDGE ( 'NONE', *, *, #3364, .F. ) ;
#2431 = EDGE_LOOP ( 'NONE', ( #9315, #5061, #4306, #8815 ) ) ;
#2432 = AXIS2_PLACEMENT_3D ( 'NONE', #1478, #8823, #2123 ) ;
#2433 = FACE_OUTER_BOUND ( 'NONE', #5999, .T. ) ;
#2434 = CARTESIAN_POINT ( 'NONE',  ( 10.27284649882984802, 26.54457691446211243, 8.450194600554508995 ) ) ;
#2435 = ORIENTED_EDGE ( 'NONE', *, *, #7157, .T. ) ;
#2436 = CYLINDRICAL_SURFACE ( 'NONE', #2960, 0.7136548544052906395 ) ;
#2437 = CARTESIAN_POINT ( 'NONE',  ( 11.30308915960463523, 45.00000000000003553, 6.964988860911593527 ) ) ;
#2438 = CARTESIAN_POINT ( 'NONE',  ( 7.688541022664388436, 11.79266042135152048, 10.99307165178842638 ) ) ;
#2439 = ORIENTED_EDGE ( 'NONE', *, *, #9462, .T. ) ;
#2440 = B_SPLINE_CURVE_WITH_KNOTS ( 'NONE', 3,
 ( #2174, #2859, #6622, #2276, #8134, #1437, #4435, #835, #1382, #1532, #3788, #4532 ),
 .UNSPECIFIED., .F., .F.,
 ( 4, 2, 2, 2, 2, 4 ),
 ( 0.000000000000000000, 0.0007696976549587508220, 0.001539395309917501644, 0.001924244137396873911, 0.002309092964876246178, 0.003078790619834986808 ),
 .UNSPECIFIED. ) ;
#2441 = EDGE_LOOP ( 'NONE', ( #6186, #8892, #8511, #4344 ) ) ;
#2442 = VERTEX_POINT ( 'NONE', #7769 ) ;
#2443 = CARTESIAN_POINT ( 'NONE',  ( 8.749977379533111943, 36.78403271879297876, 10.35128198718543402 ) ) ;
#2444 = B_SPLINE_CURVE_WITH_KNOTS ( 'NONE', 3,
 ( #8784, #2082, #650, #6673 ),
 .UNSPECIFIED., .F., .F.,
 ( 4, 4 ),
 ( 0.001946477426064011822, 0.002203787294076945541 ),
 .UNSPECIFIED. ) ;
#2445 = ORIENTED_EDGE ( 'NONE', *, *, #4156, .T. ) ;
#2446 = EDGE_CURVE ( 'NONE', #6842, #4142, #8337, .T. ) ;
#2447 = LINE ( 'NONE', #9108, #209 ) ;
#2448 = LINE ( 'NONE', #4704, #2630 ) ;
#2449 = DIRECTION ( 'NONE',  ( -0.000000000000000000, 1.000000000000000000, -0.000000000000000000 ) ) ;
#2450 = DIRECTION ( 'NONE',  ( 0.000000000000000000, 0.000000000000000000, 1.000000000000000000 ) ) ;
#2451 = VERTEX_POINT ( 'NONE', #331 ) ;
#2452 = EDGE_LOOP ( 'NONE', ( #8867, #9219, #9673, #2129, #947, #8441, #1605, #1251 ) ) ;
#2453 = DIRECTION ( 'NONE',  ( 8.109776230115211493E-19, -0.9999862922474268556, 0.005235963831419591756 ) ) ;
#2454 = CARTESIAN_POINT ( 'NONE',  ( 6.777324107917052309, 16.55303391499868937, 11.05178479630380828 ) ) ;
#2455 = ADVANCED_FACE ( 'NONE', ( #5484, #3138 ), #1812, .F. ) ;
#2456 = CARTESIAN_POINT ( 'NONE',  ( 6.890058380372823699, 9.763422316662261125, 11.01148313209889551 ) ) ;
#2457 = EDGE_CURVE ( 'NONE', #5881, #7999, #395, .T. ) ;
#2458 = CARTESIAN_POINT ( 'NONE',  ( -8.003483471484416967, 41.56982599520723198, 10.54851246097789641 ) ) ;
#2459 = LINE ( 'NONE', #1860, #8818 ) ;
#2460 = CARTESIAN_POINT ( 'NONE',  ( 7.862690768493881599, 37.40003600583389698, 10.56283983554429007 ) ) ;
#2461 = CARTESIAN_POINT ( 'NONE',  ( 11.07323466086425512, 40.12986190451390911, 7.520395909465626971 ) ) ;
#2462 = CARTESIAN_POINT ( 'NONE',  ( 11.29336093046842926, 33.80303391499872134, 7.591657127071012923 ) ) ;
#2463 = CARTESIAN_POINT ( 'NONE',  ( 10.87030045320567240, 16.65803391499870401, 7.926011988789385398 ) ) ;
#2464 = ORIENTED_EDGE ( 'NONE', *, *, #3260, .F. ) ;
#2465 = EDGE_LOOP ( 'NONE', ( #2530, #2476, #581, #2464, #5074, #9478, #3619, #899, #6091 ) ) ;
#2466 = CARTESIAN_POINT ( 'NONE',  ( -5.366463061006631285, 41.73710145145911810, -11.44999999999999751 ) ) ;
#2467 = AXIS2_PLACEMENT_3D ( 'NONE', #7299, #4386, #694 ) ;
#2468 = DIRECTION ( 'NONE',  ( 0.005235963831419591756, -0.9999862922474268556, -1.326722942814353685E-17 ) ) ;
#2469 = CARTESIAN_POINT ( 'NONE',  ( 10.42948589013180616, 36.98230197940386432, 8.640862496906066781 ) ) ;
#2470 = EDGE_CURVE ( 'NONE', #9432, #6530, #3449, .T. ) ;
#2471 = CARTESIAN_POINT ( 'NONE',  ( -4.397905546699922397, 1.243474522621348166, -11.14999999999999858 ) ) ;
#2472 = CARTESIAN_POINT ( 'NONE',  ( 8.102092871626130233, 41.93303391499870258, 10.99769533669924648 ) ) ;
#2473 = CARTESIAN_POINT ( 'NONE',  ( 4.449999999999999289, 6.649999999999999467, 4.450000000000001954 ) ) ;
#2474 = CARTESIAN_POINT ( 'NONE',  ( 10.15107431217018430, 42.47374481821454850, 8.513421394815715360 ) ) ;
#2475 = DIRECTION ( 'NONE',  ( 0.000000000000000000, -0.005235963831419591756, -0.9999862922474268556 ) ) ;
#2476 = ORIENTED_EDGE ( 'NONE', *, *, #8986, .F. ) ;
#2477 = CIRCLE ( 'NONE', #6683, 5.600000000000000533 ) ;
#2478 = EDGE_LOOP ( 'NONE', ( #7988, #9629, #5192, #670 ) ) ;
#2479 = CARTESIAN_POINT ( 'NONE',  ( -1.530649667146575910, 39.15591825482287192, 8.818141051064223745 ) ) ;
#2480 = DIRECTION ( 'NONE',  ( 0.000000000000000000, -1.000000000000000000, 0.000000000000000000 ) ) ;
#2481 = ORIENTED_EDGE ( 'NONE', *, *, #8440, .T. ) ;
#2482 = EDGE_CURVE ( 'NONE', #1714, #5970, #1641, .T. ) ;
#2483 = B_SPLINE_CURVE_WITH_KNOTS ( 'NONE', 3,
 ( #8863, #8766, #680, #4269, #3484, #531, #9499, #6656, #4366, #7234 ),
 .UNSPECIFIED., .F., .F.,
 ( 4, 2, 2, 2, 4 ),
 ( 0.000000000000000000, 0.0006027880963390387864, 0.001205576192678077573, 0.001808364289017116468, 0.002411152385356155146 ),
 .UNSPECIFIED. ) ;
#2484 = LINE ( 'NONE', #2339, #445 ) ;
#2485 = B_SPLINE_SURFACE_WITH_KNOTS ( 'NONE', 3, 1, ( 
 ( #6253, #5475 ),
 ( #4895, #1059 ),
 ( #9394, #8599 ),
 ( #7084, #230 ) ),
 .UNSPECIFIED., .F., .F., .F.,
 ( 4, 4 ),
 ( 2, 2 ),
 ( 0.000000000000000000, 1.000000000000000000 ),
 ( 0.000000000000000000, 1.000000000000000000 ),
 .UNSPECIFIED. ) ;
#2486 = CARTESIAN_POINT ( 'NONE',  ( 11.05962746399328722, 6.698033914998700489, 7.548842491516098541 ) ) ;
#2487 = VERTEX_POINT ( 'NONE', #6349 ) ;
#2488 = AXIS2_PLACEMENT_3D ( 'NONE', #9290, #6932, #2805 ) ;
#2489 = ORIENTED_EDGE ( 'NONE', *, *, #5507, .T. ) ;
#2490 = ORIENTED_EDGE ( 'NONE', *, *, #3980, .T. ) ;
#2491 = CARTESIAN_POINT ( 'NONE',  ( 10.62514729977080741, 5.905101441598818113, 8.349386401396271751 ) ) ;
#2492 = ORIENTED_EDGE ( 'NONE', *, *, #776, .F. ) ;
#2493 = CIRCLE ( 'NONE', #2026, 8.949999999999993960 ) ;
#2494 = AXIS2_PLACEMENT_3D ( 'NONE', #9118, #8273, #4576 ) ;
#2495 = CARTESIAN_POINT ( 'NONE',  ( -0.2999999999999999334, 36.00000000000000000, 7.442927211897868212 ) ) ;
#2496 = CARTESIAN_POINT ( 'NONE',  ( 7.299750650367197835, 37.39999999999999858, 5.178430306807621619 ) ) ;
#2497 = CARTESIAN_POINT ( 'NONE',  ( 10.87190747207881891, 15.90765433079227265, 7.236597867086596914 ) ) ;
#2498 = EDGE_LOOP ( 'NONE', ( #7608, #1778, #6219, #3655 ) ) ;
#2499 = ORIENTED_EDGE ( 'NONE', *, *, #8001, .F. ) ;
#2500 = VECTOR ( 'NONE', #5562, 1000.000000000000114 ) ;
#2501 = AXIS2_PLACEMENT_3D ( 'NONE', #8562, #9454, #1963 ) ;
#2502 = CARTESIAN_POINT ( 'NONE',  ( 9.906072550847335734, 31.21008655540743959, 8.846092208595928597 ) ) ;
#2503 = CARTESIAN_POINT ( 'NONE',  ( 10.75331489746293023, 36.06742001405172005, 7.494631435941381703 ) ) ;
#2504 = CARTESIAN_POINT ( 'NONE',  ( 10.11360709961284421, 16.59118118343695159, 8.565940415855333612 ) ) ;
#2505 = CARTESIAN_POINT ( 'NONE',  ( -3.918461881947867820, 41.98549753465720613, -11.14999999999999858 ) ) ;
#2506 = DIRECTION ( 'NONE',  ( -0.7071067811865474617, 0.000000000000000000, -0.7071067811865474617 ) ) ;
#2507 = CARTESIAN_POINT ( 'NONE',  ( 7.467548258320023002, 28.38803391499868667, 10.76620158866940358 ) ) ;
#2508 = CARTESIAN_POINT ( 'NONE',  ( 11.08650127859212020, 39.57803391499871992, 7.490863492372715982 ) ) ;
#2510 = B_SPLINE_CURVE_WITH_KNOTS ( 'NONE', 3,
 ( #2397, #771, #2254, #8954, #3768, #4465 ),
 .UNSPECIFIED., .F., .F.,
 ( 4, 2, 4 ),
 ( 0.000000000000000000, 0.0005570292281955774609, 0.001114058456391154922 ),
 .UNSPECIFIED. ) ;
#2509 = CARTESIAN_POINT ( 'NONE',  ( 9.026578030080054660, 27.89303391499870699, 10.14027140656300041 ) ) ;
#2511 = CARTESIAN_POINT ( 'NONE',  ( 7.503839457008110614, 7.497089689729323325, 10.74910876065743714 ) ) ;
#2512 = ORIENTED_EDGE ( 'NONE', *, *, #7211, .F. ) ;
#2513 = ADVANCED_FACE ( 'NONE', ( #9491 ), #8651, .T. ) ;
#2514 = EDGE_CURVE ( 'NONE', #3799, #959, #2854, .T. ) ;
#2515 = ORIENTED_EDGE ( 'NONE', *, *, #9409, .T. ) ;
#2516 = AXIS2_PLACEMENT_3D ( 'NONE', #1269, #5681, #9350 ) ;
#2517 = DIRECTION ( 'NONE',  ( 1.000000000000000000, 0.000000000000000000, 0.000000000000000000 ) ) ;
#2518 = DIRECTION ( 'NONE',  ( 0.005235963831419591756, -0.9999862922474268556, -1.428778553800074147E-17 ) ) ;
#2519 = CARTESIAN_POINT ( 'NONE',  ( 9.055285373954903960, 27.89303391499870699, 10.16897875043784794 ) ) ;
#2520 = DIRECTION ( 'NONE',  ( -0.7071067811865474617, 0.000000000000000000, -0.7071067811865474617 ) ) ;
#2521 = DIRECTION ( 'NONE',  ( 1.052850980096800057E-14, -0.005235963831419591756, -0.9999862922474268556 ) ) ;
#2522 = CARTESIAN_POINT ( 'NONE',  ( 11.44999999999923901, 44.99999999999391775, 5.374767688886557870 ) ) ;
#2523 = CARTESIAN_POINT ( 'NONE',  ( 10.16674395378586482, 5.696773077049061662, 8.495570995857340435 ) ) ;
#2524 = CIRCLE ( 'NONE', #5329, 8.949999999999999289 ) ;
#2525 = EDGE_LOOP ( 'NONE', ( #3846, #1019, #8700, #2068 ) ) ;
#2526 = ADVANCED_FACE ( 'NONE', ( #1265 ), #3879, .T. ) ;
#2527 = ORIENTED_EDGE ( 'NONE', *, *, #1794, .T. ) ;
#2528 = CARTESIAN_POINT ( 'NONE',  ( 0.000000000000000000, 39.15591825482287192, 0.000000000000000000 ) ) ;
#2529 = CARTESIAN_POINT ( 'NONE',  ( 10.41257277520502988, 16.31621157942695532, 8.119069379998549607 ) ) ;
#2530 = ORIENTED_EDGE ( 'NONE', *, *, #2024, .F. ) ;
#2531 = AXIS2_PLACEMENT_3D ( 'NONE', #2912, #2183, #5896 ) ;
#2532 = DIRECTION ( 'NONE',  ( 0.000000000000000000, 0.000000000000000000, 1.000000000000000000 ) ) ;
#2533 = CARTESIAN_POINT ( 'NONE',  ( 7.308103720277358661, 36.92303391499869036, 10.47947783001320232 ) ) ;
#2534 = FACE_OUTER_BOUND ( 'NONE', #6126, .T. ) ;
#2535 = DIRECTION ( 'NONE',  ( 0.000000000000000000, 0.000000000000000000, -1.000000000000000000 ) ) ;
#2536 = DIRECTION ( 'NONE',  ( 0.7071067811865474617, 0.000000000000000000, 0.7071067811865474617 ) ) ;
#2537 = ORIENTED_EDGE ( 'NONE', *, *, #7527, .F. ) ;
#2538 = EDGE_CURVE ( 'NONE', #1617, #9558, #4310, .T. ) ;
#2539 = VERTEX_POINT ( 'NONE', #5040 ) ;
#2540 = ORIENTED_EDGE ( 'NONE', *, *, #8440, .F. ) ;
#2541 = FACE_OUTER_BOUND ( 'NONE', #1757, .T. ) ;
#2542 = ORIENTED_EDGE ( 'NONE', *, *, #8972, .F. ) ;
#2543 = DIRECTION ( 'NONE',  ( 0.7071067811865474617, 0.000000000000000000, 0.7071067811865474617 ) ) ;
#2544 = CARTESIAN_POINT ( 'NONE',  ( 6.783341403515358081, 15.40612184206948321, 11.04989307218903427 ) ) ;
#2545 = ORIENTED_EDGE ( 'NONE', *, *, #7470, .F. ) ;
#2546 = EDGE_LOOP ( 'NONE', ( #3765, #5260, #8926, #2767 ) ) ;
#2547 = CARTESIAN_POINT ( 'NONE',  ( 0.000000000000000000, 37.39999999999999858, 0.000000000000000000 ) ) ;
#2548 = CARTESIAN_POINT ( 'NONE',  ( 7.299750650367234250, 37.39999999999999858, -5.178430306807570105 ) ) ;
#2549 = VECTOR ( 'NONE', #9176, 1000.000000000000000 ) ;
#2550 = CARTESIAN_POINT ( 'NONE',  ( -10.05990203968850238, 41.20722391800553197, 8.733562651343770966 ) ) ;
#2551 = CARTESIAN_POINT ( 'NONE',  ( 8.818141051064218416, 39.15591825482287192, 1.530649667146606552 ) ) ;
#2552 = CARTESIAN_POINT ( 'NONE',  ( 8.061973824588003268, 37.15564639495978128, 10.44724221845937784 ) ) ;
#2553 = CARTESIAN_POINT ( 'NONE',  ( 9.362221547959340029, 16.70303391499869505, 9.860732024809930607 ) ) ;
#2554 = CARTESIAN_POINT ( 'NONE',  ( 8.014384412161888349, 35.97622639155635227, 10.82225831130528704 ) ) ;
#2555 = CARTESIAN_POINT ( 'NONE',  ( 10.90422739309717493, 37.68812765266506659, 7.161080276773560627 ) ) ;
#2556 = ORIENTED_EDGE ( 'NONE', *, *, #1450, .T. ) ;
#2557 = ORIENTED_EDGE ( 'NONE', *, *, #4912, .T. ) ;
#2558 = CARTESIAN_POINT ( 'NONE',  ( -10.56650471977577155, 40.85948984814544360, -7.975332859467562763 ) ) ;
#2559 = B_SPLINE_SURFACE_WITH_KNOTS ( 'NONE', 3, 1, ( 
 ( #3973, #7682 ),
 ( #4768, #5345 ),
 ( #7581, #149 ),
 ( #9217, #2509 ) ),
 .UNSPECIFIED., .F., .F., .F.,
 ( 4, 4 ),
 ( 2, 2 ),
 ( 0.000000000000000000, 1.000000000000000000 ),
 ( 0.000000000000000000, 1.000000000000000000 ),
 .UNSPECIFIED. ) ;
#2560 = PLANE ( 'NONE',  #734 ) ;
#2561 = DIRECTION ( 'NONE',  ( -0.7071067811865536790, 0.000000000000000000, 0.7071067811865414665 ) ) ;
#2562 = CARTESIAN_POINT ( 'NONE',  ( 11.02375416482593451, 17.34803391499870173, 6.855359885845315304 ) ) ;
#2563 = CARTESIAN_POINT ( 'NONE',  ( 10.70471699615202610, 11.19803391499871204, 8.381871416068268132 ) ) ;
#2564 = PLANE ( 'NONE',  #5310 ) ;
#2565 = EDGE_CURVE ( 'NONE', #4331, #3799, #8606, .T. ) ;
#2566 = CARTESIAN_POINT ( 'NONE',  ( 7.243915585904505683, 35.24303391499870486, 11.53958947772695431 ) ) ;
#2567 = FACE_OUTER_BOUND ( 'NONE', #496, .T. ) ;
#2568 = ORIENTED_EDGE ( 'NONE', *, *, #5422, .F. ) ;
#2569 = EDGE_LOOP ( 'NONE', ( #7036, #2492, #268, #682 ) ) ;
#2570 = CARTESIAN_POINT ( 'NONE',  ( 5.153034575406667983, 39.15591825482287192, 7.317700093927285820 ) ) ;
#2571 = ORIENTED_EDGE ( 'NONE', *, *, #8555, .T. ) ;
#2572 = CARTESIAN_POINT ( 'NONE',  ( 7.569072939927947274, 35.05213849173418339, 10.71711324622883765 ) ) ;
#2573 = CARTESIAN_POINT ( 'NONE',  ( 10.86360647870921703, 9.113033914998714735, 7.246755489054066857 ) ) ;
#2574 = LINE ( 'NONE', #1751, #2500 ) ;
#2575 = ADVANCED_FACE ( 'NONE', ( #3427 ), #6402, .T. ) ;
#2576 = EDGE_CURVE ( 'NONE', #820, #6709, #2057, .T. ) ;
#2577 = DIRECTION ( 'NONE',  ( -0.000000000000000000, -1.000000000000000000, -0.000000000000000000 ) ) ;
#2578 = CARTESIAN_POINT ( 'NONE',  ( 10.88301091375328156, 13.70303391499870571, 7.202520313791356266 ) ) ;
#2579 = ORIENTED_EDGE ( 'NONE', *, *, #1703, .T. ) ;
#2580 = ORIENTED_EDGE ( 'NONE', *, *, #6389, .F. ) ;
#2581 = AXIS2_PLACEMENT_3D ( 'NONE', #153, #102, #4028 ) ;
#2582 = B_SPLINE_CURVE_WITH_KNOTS ( 'NONE', 3,
 ( #7930, #7148, #8669, #1229 ),
 .UNSPECIFIED., .F., .F.,
 ( 4, 4 ),
 ( 0.002351919300914666507, 0.002708658409309395044 ),
 .UNSPECIFIED. ) ;
#2583 = FACE_OUTER_BOUND ( 'NONE', #6760, .T. ) ;
#2584 = ORIENTED_EDGE ( 'NONE', *, *, #7935, .F. ) ;
#2585 = ADVANCED_FACE ( 'NONE', ( #4207 ), #474, .F. ) ;
#2586 = CARTESIAN_POINT ( 'NONE',  ( 7.275194023479762961, 10.15715705551203563, 11.18164969942415965 ) ) ;
#2587 = ORIENTED_EDGE ( 'NONE', *, *, #3523, .T. ) ;
#2588 = ORIENTED_EDGE ( 'NONE', *, *, #7081, .F. ) ;
#2589 = CARTESIAN_POINT ( 'NONE',  ( 11.06395450933124991, 38.87513395624935697, 7.541547082681096192 ) ) ;
#2590 = CARTESIAN_POINT ( 'NONE',  ( -1.500000000000000000, 37.39999999999999858, -9.500000000000000000 ) ) ;
#2591 = EDGE_CURVE ( 'NONE', #6543, #869, #5389, .T. ) ;
#2592 = B_SPLINE_CURVE_WITH_KNOTS ( 'NONE', 3,
 ( #3050, #6769, #1482, #8080, #6027, #2951, #8034, #4330, #1378, #4480 ),
 .UNSPECIFIED., .F., .F.,
 ( 4, 2, 2, 2, 4 ),
 ( 0.000000000000000000, 0.0005188137289145626279, 0.001037627457829125256, 0.001556441186743687775, 0.002075254915658250512 ),
 .UNSPECIFIED. ) ;
#2593 = DIRECTION ( 'NONE',  ( 0.7071067811865474617, 0.000000000000000000, 0.7071067811865474617 ) ) ;
#2594 = LINE ( 'NONE', #194, #1876 ) ;
#2595 = CARTESIAN_POINT ( 'NONE',  ( -9.890300914026147083, 36.00000000000000000, -4.449999999999995737 ) ) ;
#2596 = DIRECTION ( 'NONE',  ( -0.01745240643728354982, 0.9998476951563911586, 0.000000000000000000 ) ) ;
#2597 = CARTESIAN_POINT ( 'NONE',  ( -4.450000000000001954, 1.538916848525022418, -11.44999999999999751 ) ) ;
#2598 = EDGE_LOOP ( 'NONE', ( #957, #7929, #8444, #8142 ) ) ;
#2599 = VERTEX_POINT ( 'NONE', #4855 ) ;
#2600 = ORIENTED_EDGE ( 'NONE', *, *, #9618, .F. ) ;
#2601 = EDGE_CURVE ( 'NONE', #3926, #8422, #7090, .T. ) ;
#2602 = CARTESIAN_POINT ( 'NONE',  ( -13.58823014807938456, 22.41803400285404990, -9.313769851920627119 ) ) ;
#2603 = CARTESIAN_POINT ( 'NONE',  ( -1.537819594291700787, 39.56668310586243820, 9.070563457125848217 ) ) ;
#2604 = CARTESIAN_POINT ( 'NONE',  ( 8.282849149270054667, 10.73603432233375443, 10.66296990676984890 ) ) ;
#2605 = DIRECTION ( 'NONE',  ( 0.000000000000000000, 0.000000000000000000, -1.000000000000000000 ) ) ;
#2606 = CARTESIAN_POINT ( 'NONE',  ( 10.39712554633587871, 11.19803391499871204, 8.689462865884415521 ) ) ;
#2607 = CARTESIAN_POINT ( 'NONE',  ( -7.317700093927303584, 39.15591825482287192, 5.153034575406643114 ) ) ;
#2608 = PLANE ( 'NONE',  #6315 ) ;
#2609 = DIRECTION ( 'NONE',  ( 0.7071067811865474617, 0.000000000000000000, 0.7071067811865474617 ) ) ;
#2610 = EDGE_LOOP ( 'NONE', ( #22, #1849, #3401, #9099 ) ) ;
#2611 = CLOSED_SHELL ( 'NONE', ( #761, #9568, #7840, #8065, #5672, #997, #528, #8549, #4763, #4456, #5661, #4164, #110, #4431, #5608, #5053, #3715, #9179, #4944, #2392, #8323, #1796, #3406, #4661, #6660, #3108, #8579, #7224, #628, #4825, #6936, #9362, #5734, #5622, #3011, #708, #5905, #6752, #6035, #1520, #8277, #6065, #9437, #9641, #3403, #6093, #3354, #1967, #1500, #1976, #4783, #8525, #3948, #3074, #6453, #169, #2258, #2305, #3632, #5136, #6519, #9530, #7275, #8259, #4911, #3640, #8963, #5125, #2159, #9237, #8193, #3141, #6036, #954, #6147, #1491, #2455, #3216, #1590, #5160, #4339, #2585, #4937, #6988, #3497, #5525, #2390, #8354, #5744, #7141, #2747, #7274, #5034, #4992, #2648, #583, #7459, #1199, #3945, #3283, #825, #6741, #5856, #8689, #1021, #7655, #8918, #1901, #9103, #258, #5888, #7255, #5620, #5108, #5703, #1845, #6872, #406, #551, #1542, #6883, #4836, #2658, #3651, #4557, #8148, #4815, #2247, #4130, #6987, #1882, #18, #2940, #5693, #953, #425, #6828, #3372, #7131, #7526, #3174, #1924, #5959, #7395, #1385, #747, #2014, #4026, #2271, #1074, #4634, #6640, #6078, #8245, #7349, #4282, #7314, #1677, #8451, #1360, #7688, #8287, #3355, #2715, #7573, #2158, #8378, #7337, #3285, #1975, #6466, #4304, #1968, #2284, #3832, #1043, #4002, #6399, #7597, #1769, #2513, #9266, #2526, #1813, #881, #9387, #5713, #8297, #6477, #6373, #9480, #1667, #2214, #1188, #5276, #813, #4742, #1598, #7418, #4315, #8066, #9342, #8677, #609, #3661, #4372, #79, #1350, #3041, #3051, #9250, #4495, #4850, #7990, #6774, #6959, #9696, #4073, #4849, #9332, #1742, #4544, #7667, #3238, #8839, #2986, #7947, #6096, #6210, #497, #6301, #418, #6787, #9579, #6731, #3671, #3131, #6160, #6412, #8782, #2102, #5445, #3000, #6026, #2575, #4743, #5973, #9102, #7852, #57, #9304, #5378, #3910, #9663, #4520, #3486, #8942, #3002, #8002, #6045, #283, #9395, #861, #2613, #7548, #4433, #2117 ) ) ;
#2612 = EDGE_LOOP ( 'NONE', ( #4883, #1158, #7905, #6974 ) ) ;
#2613 = ADVANCED_FACE ( 'NONE', ( #5724 ), #4118, .T. ) ;
#2614 = CARTESIAN_POINT ( 'NONE',  ( 7.178772190753227811, 35.42097859906288448, 10.89735716737002136 ) ) ;
#2615 = CARTESIAN_POINT ( 'NONE',  ( 0.000000000000000000, 39.74999999999998579, 0.000000000000000000 ) ) ;
#2616 = CARTESIAN_POINT ( 'NONE',  ( 10.65214437540391046, 6.698033914998700489, 7.141359402926721778 ) ) ;
#2617 = CARTESIAN_POINT ( 'NONE',  ( 7.519905655965759550, 20.00303400285404365, 11.07311703531422076 ) ) ;
#2618 = CARTESIAN_POINT ( 'NONE',  ( -13.22760568967423822, 20.00303400285404720, -9.674394310325775237 ) ) ;
#2619 = CARTESIAN_POINT ( 'NONE',  ( 10.91680242431816872, 42.10402182571351659, 7.842261693799434497 ) ) ;
#2620 =( BOUNDED_CURVE ( )  B_SPLINE_CURVE ( 3, ( #5511, #2434, #261, #5462 ),
 .UNSPECIFIED., .F., .T. ) 
 B_SPLINE_CURVE_WITH_KNOTS ( ( 4, 4 ),
 ( 1.619029331871333577, 2.024407437842853597 ),
 .UNSPECIFIED. ) 
 CURVE ( )  GEOMETRIC_REPRESENTATION_ITEM ( )  RATIONAL_B_SPLINE_CURVE ( ( 1.000000000000000000, 0.9863525351309532230, 0.9863525351309532230, 1.000000000000000000 ) ) 
 REPRESENTATION_ITEM ( '' )  );
#2621 = FACE_OUTER_BOUND ( 'NONE', #5758, .T. ) ;
#2622 = DIRECTION ( 'NONE',  ( 0.7071067811865474617, 0.000000000000000000, 0.7071067811865474617 ) ) ;
#2623 = ORIENTED_EDGE ( 'NONE', *, *, #3273, .F. ) ;
#2624 = ORIENTED_EDGE ( 'NONE', *, *, #9449, .T. ) ;
#2625 = EDGE_CURVE ( 'NONE', #1744, #7616, #1732, .T. ) ;
#2626 = EDGE_CURVE ( 'NONE', #6826, #384, #1097, .T. ) ;
#2627 = CARTESIAN_POINT ( 'NONE',  ( 10.49555307817736605, 11.78303391499870045, 8.575758363369939019 ) ) ;
#2628 = EDGE_LOOP ( 'NONE', ( #7313, #1615, #5819, #982 ) ) ;
#2629 = CARTESIAN_POINT ( 'NONE',  ( 7.467548258320023002, 28.38803391499868667, 10.76620158866940358 ) ) ;
#2630 = VECTOR ( 'NONE', #9109, 1000.000000000000114 ) ;
#2631 = DIRECTION ( 'NONE',  ( -0.000000000000000000, -1.000000000000000000, -0.000000000000000000 ) ) ;
#2632 = ORIENTED_EDGE ( 'NONE', *, *, #1665, .T. ) ;
#2633 = VERTEX_POINT ( 'NONE', #4631 ) ;
#2634 = EDGE_CURVE ( 'NONE', #2487, #247, #73, .T. ) ;
#2635 = CARTESIAN_POINT ( 'NONE',  ( 10.88897457587221851, 33.80303391499872134, 7.187270772474803948 ) ) ;
#2636 = AXIS2_PLACEMENT_3D ( 'NONE', #246, #5635, #8662 ) ;
#2637 = AXIS2_PLACEMENT_3D ( 'NONE', #6536, #755, #9539 ) ;
#2638 = LINE ( 'NONE', #424, #1834 ) ;
#2639 = CARTESIAN_POINT ( 'NONE',  ( -10.17290459106233769, 6.803033914998705356, -12.72909540893767399 ) ) ;
#2640 = CARTESIAN_POINT ( 'NONE',  ( 9.071645687993024509, 39.19999999999998153, 1.531419116870823105 ) ) ;
#2641 = CARTESIAN_POINT ( 'NONE',  ( 8.915671551116101767, 36.63467742290300322, 9.843167299896890654 ) ) ;
#2642 = CARTESIAN_POINT ( 'NONE',  ( 10.44701596248471986, 17.21607007055390426, 8.612618164907869911 ) ) ;
#2643 = CARTESIAN_POINT ( 'NONE',  ( 11.08644384761680968, 8.380209677716234040, 7.491163364433677252 ) ) ;
#2644 = LINE ( 'NONE', #4126, #7953 ) ;
#2645 = EDGE_LOOP ( 'NONE', ( #4013, #1032, #4842, #2187 ) ) ;
#2646 = CIRCLE ( 'NONE', #5154, 7.299999999999999822 ) ;
#2647 = ORIENTED_EDGE ( 'NONE', *, *, #9447, .T. ) ;
#2648 = ADVANCED_FACE ( 'NONE', ( #7735 ), #4773, .F. ) ;
#2649 = ORIENTED_EDGE ( 'NONE', *, *, #7407, .T. ) ;
#2650 = CARTESIAN_POINT ( 'NONE',  ( 11.06823215902977786, 8.708033914998699387, 6.730132252564345663 ) ) ;
#2651 = CARTESIAN_POINT ( 'NONE',  ( 7.772152712254217555, 44.35149629224495271, -10.30436880318745985 ) ) ;
#2652 = CARTESIAN_POINT ( 'NONE',  ( -9.586357836860893045, 7.197618960442568437, -4.449999999999998401 ) ) ;
#2653 = CARTESIAN_POINT ( 'NONE',  ( -15.29934276308592089, 40.28336915464910817, 11.14999999999999858 ) ) ;
#2654 = CARTESIAN_POINT ( 'NONE',  ( 11.18201407345294740, 11.55803391499871857, 7.904574338767346831 ) ) ;
#2655 = CARTESIAN_POINT ( 'NONE',  ( 7.476302483458829862, 39.40303391499872987, 11.09315386534220238 ) ) ;
#2656 = LINE ( 'NONE', #4920, #2107 ) ;
#2657 = CARTESIAN_POINT ( 'NONE',  ( -5.212605591995970400, 39.17060654087663352, -7.377633693642128954 ) ) ;
#2658 = ADVANCED_FACE ( 'NONE', ( #4675 ), #7295, .T. ) ;
#2659 = ORIENTED_EDGE ( 'NONE', *, *, #915, .T. ) ;
#2660 = VECTOR ( 'NONE', #9565, 1000.000000000000114 ) ;
#2661 =( BOUNDED_CURVE ( )  B_SPLINE_CURVE ( 3, ( #8163, #6750, #5962, #8808 ),
 .UNSPECIFIED., .F., .T. ) 
 B_SPLINE_CURVE_WITH_KNOTS ( ( 4, 4 ),
 ( 4.354865436748577068, 4.359705950757568615 ),
 .UNSPECIFIED. ) 
 CURVE ( )  GEOMETRIC_REPRESENTATION_ITEM ( )  RATIONAL_B_SPLINE_CURVE ( ( 1.000000000000000000, 0.9999980474529639451, 0.9999980474529639451, 1.000000000000000000 ) ) 
 REPRESENTATION_ITEM ( '' )  );
#2662 = ORIENTED_EDGE ( 'NONE', *, *, #9618, .T. ) ;
#2663 = CARTESIAN_POINT ( 'NONE',  ( 4.449999999999997513, 43.46108315147498757, -11.15000000000000036 ) ) ;
#2664 = CARTESIAN_POINT ( 'NONE',  ( 11.04603306660773576, 37.37303391499870742, 7.577674501001897767 ) ) ;
#2665 = CARTESIAN_POINT ( 'NONE',  ( 7.693801618057197977, 41.12803391499871708, 10.65304369343708935 ) ) ;
#2666 = CARTESIAN_POINT ( 'NONE',  ( 10.42973313808376368, 11.78303391499870045, 8.637217643889915308 ) ) ;
#2667 = LINE ( 'NONE', #6243, #7799 ) ;
#2668 = VECTOR ( 'NONE', #6879, 1000.000000000000114 ) ;
#2669 = CYLINDRICAL_SURFACE ( 'NONE', #1701, 8.949999999999999289 ) ;
#2670 = CARTESIAN_POINT ( 'NONE',  ( 11.44999999999999929, 4.037887858223955462, 4.449999999999996625 ) ) ;
#2671 = CARTESIAN_POINT ( 'NONE',  ( 10.88310500602762154, 13.70303391499870571, 7.202614406065696251 ) ) ;
#2672 = ORIENTED_EDGE ( 'NONE', *, *, #3297, .T. ) ;
#2673 = VECTOR ( 'NONE', #5077, 1000.000000000000000 ) ;
#2674 = ORIENTED_EDGE ( 'NONE', *, *, #4508, .T. ) ;
#2675 = AXIS2_PLACEMENT_3D ( 'NONE', #5828, #2010, #4996 ) ;
#2676 = CARTESIAN_POINT ( 'NONE',  ( 0.000000000000000000, 39.99999999999998579, 0.000000000000000000 ) ) ;
#2677 = CARTESIAN_POINT ( 'NONE',  ( 10.90442721895765210, 36.23303391499870685, 7.860332722063736455 ) ) ;
#2678 = ORIENTED_EDGE ( 'NONE', *, *, #3843, .F. ) ;
#2679 =( BOUNDED_CURVE ( )  B_SPLINE_CURVE ( 3, ( #829, #3827, #1722, #6168 ),
 .UNSPECIFIED., .F., .T. ) 
 B_SPLINE_CURVE_WITH_KNOTS ( ( 4, 4 ),
 ( 3.141592653589793116, 4.712388980384689674 ),
 .UNSPECIFIED. ) 
 CURVE ( )  GEOMETRIC_REPRESENTATION_ITEM ( )  RATIONAL_B_SPLINE_CURVE ( ( 1.000000000000000000, 0.8047378541243649375, 0.8047378541243649375, 1.000000000000000000 ) ) 
 REPRESENTATION_ITEM ( '' )  );
#2680 = CARTESIAN_POINT ( 'NONE',  ( -13.22760588578824681, 17.25803391499868766, -9.674394114211766649 ) ) ;
#2681 = EDGE_CURVE ( 'NONE', #1990, #4659, #6913, .T. ) ;
#2682 = EDGE_CURVE ( 'NONE', #2394, #2927, #6176, .T. ) ;
#2683 = AXIS2_PLACEMENT_3D ( 'NONE', #4514, #7479, #8510 ) ;
#2684 = CARTESIAN_POINT ( 'NONE',  ( 9.043014764318387577, 42.19303391499871481, 9.732444072089480258 ) ) ;
#2685 = ORIENTED_EDGE ( 'NONE', *, *, #7406, .F. ) ;
#2686 = ORIENTED_EDGE ( 'NONE', *, *, #3333, .F. ) ;
#2687 = DIRECTION ( 'NONE',  ( 0.005235963831419591756, -0.9999862922474268556, 0.000000000000000000 ) ) ;
#2688 = CARTESIAN_POINT ( 'NONE',  ( 10.84327532281176687, 31.76303391499870443, 7.290063943463518825 ) ) ;
#2689 = FACE_OUTER_BOUND ( 'NONE', #2173, .T. ) ;
#2690 = CARTESIAN_POINT ( 'NONE',  ( 8.589515181834018520, 11.87303400285404820, 10.46688348977031779 ) ) ;
#2691 = CARTESIAN_POINT ( 'NONE',  ( -8.949999999999993960, 39.99999999999999289, 0.000000000000000000 ) ) ;
#2692 = EDGE_CURVE ( 'NONE', #2487, #3315, #9318, .T. ) ;
#2693 = EDGE_CURVE ( 'NONE', #8803, #6296, #3668, .T. ) ;
#2694 = CARTESIAN_POINT ( 'NONE',  ( -5.262818710037203473, 39.83335412408865750, -7.444206861401134745 ) ) ;
#2695 = CARTESIAN_POINT ( 'NONE',  ( 11.04850909607578835, 37.37303391499870742, 7.580150530469950354 ) ) ;
#2696 = FACE_OUTER_BOUND ( 'NONE', #1302, .T. ) ;
#2697 = ORIENTED_EDGE ( 'NONE', *, *, #840, .F. ) ;
#2698 = VERTEX_POINT ( 'NONE', #9642 ) ;
#2699 = ORIENTED_EDGE ( 'NONE', *, *, #4316, .F. ) ;
#2700 = CARTESIAN_POINT ( 'NONE',  ( 7.975332859534202790, 44.05605396634149429, -10.56650471974816341 ) ) ;
#2701 = CARTESIAN_POINT ( 'NONE',  ( 7.496577880403610727, 9.111587859412344059, 11.08399995338182009 ) ) ;
#2702 = DIRECTION ( 'NONE',  ( 0.000000000000000000, -1.000000000000000000, 0.000000000000000000 ) ) ;
#2703 = CARTESIAN_POINT ( 'NONE',  ( 7.519905655965745339, 23.43803400285404237, 11.07311703531422786 ) ) ;
#2704 = EDGE_CURVE ( 'NONE', #2077, #3007, #6802, .T. ) ;
#2705 = CARTESIAN_POINT ( 'NONE',  ( -12.42150415523560980, 28.02803391499868724, -10.48049584476440366 ) ) ;
#2706 = ORIENTED_EDGE ( 'NONE', *, *, #155, .T. ) ;
#2707 = ORIENTED_EDGE ( 'NONE', *, *, #2634, .F. ) ;
#2708 = CARTESIAN_POINT ( 'NONE',  ( 8.706577236232870831, 17.26654866572510016, 10.01299423307465908 ) ) ;
#2709 = DIRECTION ( 'NONE',  ( 0.7071067811865474617, 0.000000000000000000, 0.7071067811865474617 ) ) ;
#2710 = CARTESIAN_POINT ( 'NONE',  ( 11.47571524761915995, 8.708033914998699387, 7.137615341153728643 ) ) ;
#2711 = CARTESIAN_POINT ( 'NONE',  ( -9.377409462227495496, 17.93303391499871680, -13.52459053777251619 ) ) ;
#2712 = CARTESIAN_POINT ( 'NONE',  ( -1.530241883712151418, 39.13255635751101380, -8.122238618328907478 ) ) ;
#2713 = CARTESIAN_POINT ( 'NONE',  ( 7.075713573544444301, 38.22510667045052912, 11.26184296153544828 ) ) ;
#2714 = VECTOR ( 'NONE', #6811, 1000.000000000000000 ) ;
#2715 = ADVANCED_FACE ( 'NONE', ( #8855 ), #344, .T. ) ;
#2716 = B_SPLINE_CURVE_WITH_KNOTS ( 'NONE', 3,
 ( #5829, #8765, #5189, #9556, #2065, #575, #5048, #1317, #4365, #1419, #4318, #7280, #6556, #2845, #5141, #8118 ),
 .UNSPECIFIED., .F., .F.,
 ( 4, 2, 2, 2, 2, 2, 2, 4 ),
 ( 0.000000000000000000, 0.0005571832401326492741, 0.001114366480265298548, 0.001671549720397947497, 0.001950141340464265141, 0.002089437150497430035, 0.002159085055514010747, 0.002228732960530591459 ),
 .UNSPECIFIED. ) ;
#2717 = CARTESIAN_POINT ( 'NONE',  ( 9.644251663703670374, 27.91983633253457953, 9.579973760528634585 ) ) ;
#2718 = B_SPLINE_SURFACE_WITH_KNOTS ( 'NONE', 3, 1, ( 
 ( #1293, #2038 ),
 ( #8139, #5895 ),
 ( #5706, #1444 ),
 ( #698, #4973 ) ),
 .UNSPECIFIED., .F., .F., .F.,
 ( 4, 4 ),
 ( 2, 2 ),
 ( 0.000000000000000000, 1.000000000000000000 ),
 ( 0.000000000000000000, 1.000000000000000000 ),
 .UNSPECIFIED. ) ;
#2719 = FACE_OUTER_BOUND ( 'NONE', #7915, .T. ) ;
#2720 = FACE_OUTER_BOUND ( 'NONE', #3666, .T. ) ;
#2721 = ORIENTED_EDGE ( 'NONE', *, *, #4193, .T. ) ;
#2722 = ORIENTED_EDGE ( 'NONE', *, *, #6443, .F. ) ;
#2723 = CONICAL_SURFACE ( 'NONE', #8191, 8.249999999999998224, 0.008726646259971666819 ) ;
#2724 = CARTESIAN_POINT ( 'NONE',  ( -11.45000000000000462, 0.3575260777781804622, -5.366463060956083275 ) ) ;
#2725 = CARTESIAN_POINT ( 'NONE',  ( 11.28307480778618910, 34.67589390281928274, 7.019233902017498750 ) ) ;
#2726 = VERTEX_POINT ( 'NONE', #5640 ) ;
#2727 = CARTESIAN_POINT ( 'NONE',  ( 10.18855553918351120, 16.55332236583728189, 8.460495517472473637 ) ) ;
#2728 = DIRECTION ( 'NONE',  ( -0.7071067811865474617, 0.000000000000000000, -0.7071067811865474617 ) ) ;
#2729 = DIRECTION ( 'NONE',  ( 0.000000000000000000, -0.9999862922474268556, -0.005235963831419591756 ) ) ;
#2730 = CARTESIAN_POINT ( 'NONE',  ( 1.531419116870791797, 39.19999999999998153, -9.071645687993029838 ) ) ;
#2731 = ORIENTED_EDGE ( 'NONE', *, *, #9516, .F. ) ;
#2732 = CIRCLE ( 'NONE', #8203, 0.2999999999999999334 ) ;
#2733 = EDGE_LOOP ( 'NONE', ( #4163, #4531, #7957, #7796 ) ) ;
#2734 = EDGE_CURVE ( 'NONE', #113, #4935, #5821, .T. ) ;
#2735 = DIRECTION ( 'NONE',  ( 0.000000000000000000, 0.000000000000000000, 1.000000000000000000 ) ) ;
#2736 = CARTESIAN_POINT ( 'NONE',  ( 7.277239362757852881, 38.79190244268883703, 10.85412367688392266 ) ) ;
#2737 = CARTESIAN_POINT ( 'NONE',  ( 9.071645687993036944, 39.19999999999998153, -1.531419116870760044 ) ) ;
#2738 = CARTESIAN_POINT ( 'NONE',  ( 0.000000000000000000, 39.19999999999998153, 0.000000000000000000 ) ) ;
#2739 = DIRECTION ( 'NONE',  ( 0.7071067811865474617, 0.000000000000000000, 0.7071067811865474617 ) ) ;
#2740 = DIRECTION ( 'NONE',  ( 0.000000000000000000, -0.005235963831419591756, -0.9999862922474268556 ) ) ;
#2741 = FACE_OUTER_BOUND ( 'NONE', #7145, .T. ) ;
#2742 = CARTESIAN_POINT ( 'NONE',  ( 7.481889806102318019, 27.56303391499869448, 10.75932993301610274 ) ) ;
#2743 = VERTEX_POINT ( 'NONE', #9317 ) ;
#2744 = VERTEX_POINT ( 'NONE', #4309 ) ;
#2745 = ORIENTED_EDGE ( 'NONE', *, *, #7113, .F. ) ;
#2746 = EDGE_CURVE ( 'NONE', #90, #8333, #3566, .T. ) ;
#2747 = ADVANCED_FACE ( 'NONE', ( #1873 ), #6544, .T. ) ;
#2748 = CARTESIAN_POINT ( 'NONE',  ( 7.497499024879598295, 39.19999999999998153, 5.331745340123566379 ) ) ;
#2749 = CARTESIAN_POINT ( 'NONE',  ( 9.859862295100459306, 3.757503677808324838, -8.567463026099346735 ) ) ;
#2750 = CARTESIAN_POINT ( 'NONE',  ( 7.219537283611845879, 14.27303391499868468, 10.87881507236629552 ) ) ;
#2751 = CARTESIAN_POINT ( 'NONE',  ( -8.949999999999993960, 39.99999999999999289, 0.000000000000000000 ) ) ;
#2752 = CARTESIAN_POINT ( 'NONE',  ( 10.49276834450945906, 11.78303391499870045, 8.700252850315612463 ) ) ;
#2753 = CARTESIAN_POINT ( 'NONE',  ( -4.450000000000001066, 5.500000000000000000, -10.55000000000000071 ) ) ;
#2754 = ORIENTED_EDGE ( 'NONE', *, *, #2692, .F. ) ;
#2755 = ORIENTED_EDGE ( 'NONE', *, *, #7946, .T. ) ;
#2756 = EDGE_CURVE ( 'NONE', #6830, #3707, #1680, .T. ) ;
#2757 = CARTESIAN_POINT ( 'NONE',  ( 7.444206861401043263, 39.83335412408865750, 5.262818710037333148 ) ) ;
#2758 = FACE_OUTER_BOUND ( 'NONE', #2546, .T. ) ;
#2759 = CARTESIAN_POINT ( 'NONE',  ( 10.11886797129843707, 31.20996393318311846, 9.059569612361007884 ) ) ;
#2760 = CARTESIAN_POINT ( 'NONE',  ( 1.534619498756150557, 39.38334975541596350, 9.071105419317524010 ) ) ;
#2761 = CARTESIAN_POINT ( 'NONE',  ( 4.449999999999999289, 5.500000000000000000, 4.450000000000001954 ) ) ;
#2762 = CARTESIAN_POINT ( 'NONE',  ( 11.03478344405625577, 17.54211995497628962, 6.825217298575102731 ) ) ;
#2763 = CARTESIAN_POINT ( 'NONE',  ( 10.75733039094003374, 10.91303391499870479, 7.479890656254434056 ) ) ;
#2764 = CARTESIAN_POINT ( 'NONE',  ( 8.751827042193125905, 3.834246800401314381, 10.04766789441853980 ) ) ;
#2765 = VECTOR ( 'NONE', #3335, 1000.000000000000000 ) ;
#2766 =( NAMED_UNIT ( * ) PLANE_ANGLE_UNIT ( ) SI_UNIT ( $, .RADIAN. ) );
#2767 = ORIENTED_EDGE ( 'NONE', *, *, #9050, .T. ) ;
#2768 = ORIENTED_EDGE ( 'NONE', *, *, #8996, .F. ) ;
#2769 = EDGE_CURVE ( 'NONE', #5813, #9606, #7837, .T. ) ;
#2770 = CARTESIAN_POINT ( 'NONE',  ( -4.397905546699920620, 1.243474522621360379, -11.44999999999999929 ) ) ;
#2771 = PLANE ( 'NONE',  #3927 ) ;
#2772 = ORIENTED_EDGE ( 'NONE', *, *, #7585, .T. ) ;
#2773 = VECTOR ( 'NONE', #7149, 1000.000000000000227 ) ;
#2774 = DIRECTION ( 'NONE',  ( 0.000000000000000000, 0.000000000000000000, -1.000000000000000000 ) ) ;
#2775 = DIRECTION ( 'NONE',  ( -3.305114647625027087E-15, 0.01745240643728355329, 0.9998476951563912696 ) ) ;
#2776 = CARTESIAN_POINT ( 'NONE',  ( 1.530649667146575910, 39.15591825482287192, -8.818141051064223745 ) ) ;
#2777 = VERTEX_POINT ( 'NONE', #8569 ) ;
#2778 = AXIS2_PLACEMENT_3D ( 'NONE', #3350, #1878, #1926 ) ;
#2779 = ORIENTED_EDGE ( 'NONE', *, *, #8555, .F. ) ;
#2780 = DIRECTION ( 'NONE',  ( -0.7071067811865536790, 0.000000000000000000, 0.7071067811865414665 ) ) ;
#2781 = LINE ( 'NONE', #8557, #2765 ) ;
#2782 = VECTOR ( 'NONE', #7603, 1000.000000000000000 ) ;
#2783 = CARTESIAN_POINT ( 'NONE',  ( 8.805917850774632072, 6.202389618464284382, 9.931777538919732251 ) ) ;
#2784 = CARTESIAN_POINT ( 'NONE',  ( 2.982282944278317860, 2.849428859860662744, -11.15000000000000036 ) ) ;
#2785 = CARTESIAN_POINT ( 'NONE',  ( 7.879626815868328471, 16.94303391499868994, 10.98736131529727977 ) ) ;
#2786 = CARTESIAN_POINT ( 'NONE',  ( 0.000000000000000000, 39.99999999999998579, 0.000000000000000000 ) ) ;
#2787 = EDGE_CURVE ( 'NONE', #7472, #7104, #1084, .T. ) ;
#2788 = PLANE ( 'NONE',  #2189 ) ;
#2789 = CARTESIAN_POINT ( 'NONE',  ( 9.366018414212485155, 27.46842903741670838, 9.846755764854904669 ) ) ;
#2790 = ORIENTED_EDGE ( 'NONE', *, *, #9145, .F. ) ;
#2791 = VERTEX_POINT ( 'NONE', #5132 ) ;
#2792 = AXIS2_PLACEMENT_3D ( 'NONE', #854, #5417, #6143 ) ;
#2793 = ORIENTED_EDGE ( 'NONE', *, *, #776, .T. ) ;
#2794 = CARTESIAN_POINT ( 'NONE',  ( 11.09790554669991991, 44.93791624812540419, -4.449999999999993072 ) ) ;
#2795 = CARTESIAN_POINT ( 'NONE',  ( 10.57598020674225126, 3.883774586998577583, -7.958355515409430758 ) ) ;
#2796 = CARTESIAN_POINT ( 'NONE',  ( 9.642722643487767087, 26.48303391499869619, 9.144212558865378426 ) ) ;
#2797 = CARTESIAN_POINT ( 'NONE',  ( 7.388064464280775567, 32.12707790107890560, 11.13345920089006746 ) ) ;
#2798 = CARTESIAN_POINT ( 'NONE',  ( 7.015963799957082081, 34.20474670926758876, 11.28430024179216495 ) ) ;
#2799 = AXIS2_PLACEMENT_3D ( 'NONE', #4189, #4928, #7162 ) ;
#2800 = VECTOR ( 'NONE', #6989, 1000.000000000000227 ) ;
#2801 = CARTESIAN_POINT ( 'NONE',  ( 9.314303499421390242, 17.27303391499869534, 9.897666790014364224 ) ) ;
#2802 = AXIS2_PLACEMENT_3D ( 'NONE', #8330, #3837, #4589 ) ;
#2803 = AXIS2_PLACEMENT_3D ( 'NONE', #6356, #530, #2596 ) ;
#2804 = EDGE_CURVE ( 'NONE', #3707, #7551, #1663, .T. ) ;
#2805 = DIRECTION ( 'NONE',  ( -0.7071067811865390240, 0.000000000000000000, -0.7071067811865560104 ) ) ;
#2806 = EDGE_CURVE ( 'NONE', #3896, #3063, #2732, .T. ) ;
#2807 = ORIENTED_EDGE ( 'NONE', *, *, #763, .F. ) ;
#2808 = ORIENTED_EDGE ( 'NONE', *, *, #2360, .T. ) ;
#2809 = CARTESIAN_POINT ( 'NONE',  ( 5.274530632228823457, 39.18588295102962604, -7.439935834955131000 ) ) ;
#2810 = VECTOR ( 'NONE', #3539, 1000.000000000000000 ) ;
#2811 = AXIS2_PLACEMENT_3D ( 'NONE', #1689, #8386, #4545 ) ;
#2812 = DIRECTION ( 'NONE',  ( -1.000000000000000000, -0.000000000000000000, -2.144040251207288488E-15 ) ) ;
#2813 = LINE ( 'NONE', #4335, #885 ) ;
#2814 = CARTESIAN_POINT ( 'NONE',  ( 10.50220114168391383, 10.68803391499870870, 7.967223527244184922 ) ) ;
#2815 = CARTESIAN_POINT ( 'NONE',  ( -11.43508999936639192, 42.80303400285406212, -11.46691000063361976 ) ) ;
#2816 = CARTESIAN_POINT ( 'NONE',  ( 9.530547957725847397, 11.47378071172104086, 9.271620412796920618 ) ) ;
#2817 = EDGE_CURVE ( 'NONE', #5087, #9594, #1357, .T. ) ;
#2818 = CARTESIAN_POINT ( 'NONE',  ( -5.366463061005857682, 1.384245276810030179, 11.45000000000000107 ) ) ;
#2819 = CARTESIAN_POINT ( 'NONE',  ( 9.071645687993036944, 39.19999999999998153, -1.531419116870760044 ) ) ;
#2820 = VERTEX_POINT ( 'NONE', #9361 ) ;
#2821 = EDGE_LOOP ( 'NONE', ( #9684, #5474, #4197, #6413, #6140, #8438, #3112 ) ) ;
#2822 = DIRECTION ( 'NONE',  ( 0.000000000000000000, 0.000000000000000000, -1.000000000000000000 ) ) ;
#2823 = CARTESIAN_POINT ( 'NONE',  ( 10.49889331737188769, 42.80303391499871424, 8.536672195693421727 ) ) ;
#2824 = ORIENTED_EDGE ( 'NONE', *, *, #3333, .T. ) ;
#2825 = AXIS2_PLACEMENT_3D ( 'NONE', #4726, #8529, #3934 ) ;
#2826 = B_SPLINE_CURVE_WITH_KNOTS ( 'NONE', 3,
 ( #8717, #1180, #7981, #5054 ),
 .UNSPECIFIED., .F., .F.,
 ( 4, 4 ),
 ( 0.002351664380968455405, 0.002708404001166484637 ),
 .UNSPECIFIED. ) ;
#2827 = DIRECTION ( 'NONE',  ( 0.7071067811865474617, 0.000000000000000000, 0.7071067811865474617 ) ) ;
#2828 = FACE_OUTER_BOUND ( 'NONE', #8173, .T. ) ;
#2829 = EDGE_CURVE ( 'NONE', #2297, #6338, #4709, .T. ) ;
#2830 = CARTESIAN_POINT ( 'NONE',  ( 10.89153237827059684, 33.80303391499872134, 7.189828574873180500 ) ) ;
#2831 = CARTESIAN_POINT ( 'NONE',  ( 8.786316420820872608, 42.13346583210927321, 9.947439891854880756 ) ) ;
#2832 = AXIS2_PLACEMENT_3D ( 'NONE', #6841, #9687, #128 ) ;
#2833 = ORIENTED_EDGE ( 'NONE', *, *, #9299, .T. ) ;
#2834 = AXIS2_PLACEMENT_3D ( 'NONE', #2676, #9481, #1156 ) ;
#2835 = ORIENTED_EDGE ( 'NONE', *, *, #1279, .T. ) ;
#2836 = CARTESIAN_POINT ( 'NONE',  ( -7.305748502354346030, 37.98548048166762925, -5.169975462124964949 ) ) ;
#2837 = VERTEX_POINT ( 'NONE', #3854 ) ;
#2838 = CARTESIAN_POINT ( 'NONE',  ( -1.530782927485059508, 39.16355273450151486, -8.862062636215529920 ) ) ;
#2839 = CIRCLE ( 'NONE', #2379, 0.2999999999999998779 ) ;
#2840 = CARTESIAN_POINT ( 'NONE',  ( 10.88231426641344868, 12.11303391499871829, 7.901859379826200680 ) ) ;
#2841 = CARTESIAN_POINT ( 'NONE',  ( 8.269830526411240612, 28.65803391499869335, 10.68088140236296368 ) ) ;
#2842 = CARTESIAN_POINT ( 'NONE',  ( 11.11295172230215478, 13.41491561453767289, 7.432461122340225046 ) ) ;
#2843 = EDGE_CURVE ( 'NONE', #7366, #3219, #8790, .T. ) ;
#2844 = CARTESIAN_POINT ( 'NONE',  ( 11.49985900289558316, 32.72303391499870884, 7.098119486123472655 ) ) ;
#2845 = CARTESIAN_POINT ( 'NONE',  ( 8.261564110538929029, 35.75222425629210932, 10.67593628756254454 ) ) ;
#2846 = CARTESIAN_POINT ( 'NONE',  ( 9.112993796785962886, 27.83684588565026630, 10.06776342697372328 ) ) ;
#2847 = ORIENTED_EDGE ( 'NONE', *, *, #9545, .F. ) ;
#2848 = ORIENTED_EDGE ( 'NONE', *, *, #7713, .F. ) ;
#2849 = EDGE_LOOP ( 'NONE', ( #3280, #1146, #1790, #7531 ) ) ;
#2850 = CARTESIAN_POINT ( 'NONE',  ( -4.675736781011980092, 37.39999999999999858, -6.797057124571761477 ) ) ;
#2851 = LINE ( 'NONE', #9366, #2049 ) ;
#2852 = CARTESIAN_POINT ( 'NONE',  ( 11.14999999999999858, 4.289617747577148421, -4.449999999999999289 ) ) ;
#2853 = CARTESIAN_POINT ( 'NONE',  ( 11.07365220103988079, 13.61303391499872006, 6.714339091138879390 ) ) ;
#2854 = B_SPLINE_CURVE_WITH_KNOTS ( 'NONE', 3,
 ( #7135, #1165, #2589, #8758, #7969, #5626 ),
 .UNSPECIFIED., .F., .F.,
 ( 4, 2, 4 ),
 ( 0.000000000000000000, 0.001053812955414678903, 0.002107625910829357806 ),
 .UNSPECIFIED. ) ;
#2855 = CARTESIAN_POINT ( 'NONE',  ( -1.499999999999999778, 37.39999999999999858, -8.112490369793974310 ) ) ;
#2856 = CARTESIAN_POINT ( 'NONE',  ( 4.668507208295882727, 38.26588799867663937, 6.811202161235099695 ) ) ;
#2857 = ORIENTED_EDGE ( 'NONE', *, *, #3810, .F. ) ;
#2858 = ORIENTED_EDGE ( 'NONE', *, *, #4498, .T. ) ;
#2859 = CARTESIAN_POINT ( 'NONE',  ( 9.505353698222972270, 35.99303391499871196, 9.298740958474818186 ) ) ;
#2860 = EDGE_CURVE ( 'NONE', #5107, #8938, #9459, .T. ) ;
#2861 = CARTESIAN_POINT ( 'NONE',  ( 9.630515565795219501, 6.083033914998696723, 9.598695956755848968 ) ) ;
#2862 = CARTESIAN_POINT ( 'NONE',  ( 8.977701817784264904, 16.71803391499869562, 10.17624800800953899 ) ) ;
#2863 = CARTESIAN_POINT ( 'NONE',  ( 4.449999999999999289, 22.83803400285406227, 4.450000000000001954 ) ) ;
#2864 = CARTESIAN_POINT ( 'NONE',  ( -9.071105419317539997, 39.38334975541597771, 1.534619498756055744 ) ) ;
#2865 = CARTESIAN_POINT ( 'NONE',  ( 10.17937972399225899, 11.19803391499871204, 8.471717043540794023 ) ) ;
#2866 = CYLINDRICAL_SURFACE ( 'NONE', #4567, 0.7136548544052906395 ) ;
#2867 = CARTESIAN_POINT ( 'NONE',  ( 11.26668353460446248, 17.74132685392227771, 7.062425674685343324 ) ) ;
#2868 = DIRECTION ( 'NONE',  ( 0.005235892060090554731, -0.9999725850585454712, -0.005235892060090554731 ) ) ;
#2869 = ORIENTED_EDGE ( 'NONE', *, *, #736, .T. ) ;
#2870 = ORIENTED_EDGE ( 'NONE', *, *, #9630, .F. ) ;
#2871 = CARTESIAN_POINT ( 'NONE',  ( 9.947373702128263773, 25.10000000000000497, 0.3000000000001042944 ) ) ;
#2872 = EDGE_CURVE ( 'NONE', #2893, #465, #3716, .T. ) ;
#2873 = CARTESIAN_POINT ( 'NONE',  ( -10.57799311167914880, 0.1537583417746037906, -4.449999999999997513 ) ) ;
#2874 = ORIENTED_EDGE ( 'NONE', *, *, #8271, .T. ) ;
#2875 = EDGE_CURVE ( 'NONE', #6826, #129, #4653, .T. ) ;
#2876 = CARTESIAN_POINT ( 'NONE',  ( -13.58823034419338249, 16.55303391499868937, -9.313769655806630965 ) ) ;
#2877 = DIRECTION ( 'NONE',  ( -0.000000000000000000, 1.000000000000000000, -0.000000000000000000 ) ) ;
#2878 = CARTESIAN_POINT ( 'NONE',  ( 10.82890649694305907, 9.454963988875558556, 7.332849771594841748 ) ) ;
#2879 = AXIS2_PLACEMENT_3D ( 'NONE', #1525, #2410, #1575 ) ;
#2880 = ORIENTED_EDGE ( 'NONE', *, *, #7194, .T. ) ;
#2881 = ORIENTED_EDGE ( 'NONE', *, *, #7136, .T. ) ;
#2882 = CARTESIAN_POINT ( 'NONE',  ( 10.97524120448494678, 10.07561088024920970, 6.984910097918268335 ) ) ;
#2883 = ORIENTED_EDGE ( 'NONE', *, *, #645, .T. ) ;
#2884 = EDGE_CURVE ( 'NONE', #3906, #1700, #6586, .T. ) ;
#2885 = CARTESIAN_POINT ( 'NONE',  ( -5.178430306807494610, 37.39999999999999858, -7.299750650367288429 ) ) ;
#2886 = AXIS2_PLACEMENT_3D ( 'NONE', #2680, #4254, #2728 ) ;
#2887 = DIRECTION ( 'NONE',  ( -0.000000000000000000, 1.000000000000000000, -0.000000000000000000 ) ) ;
#2888 = CARTESIAN_POINT ( 'NONE',  ( 10.95700153190511550, 5.918033914998718892, 8.273531493416191651 ) ) ;
#2889 = CARTESIAN_POINT ( 'NONE',  ( 10.85952663875709234, 17.93303391499871680, 7.263888460309544826 ) ) ;
#2890 = CARTESIAN_POINT ( 'NONE',  ( 9.287124986566215767, 26.61803391499869420, 9.509863818754098475 ) ) ;
#2891 = CARTESIAN_POINT ( 'NONE',  ( 10.84652692530331919, 31.76303391499870443, 7.293315545955070256 ) ) ;
#2892 = LINE ( 'NONE', #630, #3429 ) ;
#2893 = VERTEX_POINT ( 'NONE', #2982 ) ;
#2894 = EDGE_LOOP ( 'NONE', ( #6682, #7412, #7118, #764 ) ) ;
#2895 = EDGE_LOOP ( 'NONE', ( #6886, #4157, #4505, #1001 ) ) ;
#2896 = EDGE_CURVE ( 'NONE', #1601, #5107, #8607, .T. ) ;
#2897 = CARTESIAN_POINT ( 'NONE',  ( 10.62628011580966003, 17.18166663718472620, 8.341985877832355456 ) ) ;
#2898 = CARTESIAN_POINT ( 'NONE',  ( 11.20209445330021047, 3.994175421673499038, -5.327186072629222835 ) ) ;
#2899 = CARTESIAN_POINT ( 'NONE',  ( -10.08805177732002534, 37.61303391499870941, -12.81394822267998812 ) ) ;
#2900 = CARTESIAN_POINT ( 'NONE',  ( -12.66545599474497585, 31.83803391499869662, -10.23654400525503583 ) ) ;
#2901 = CARTESIAN_POINT ( 'NONE',  ( -7.437566653937111028, 39.18530060916248203, 5.272175826430044232 ) ) ;
#2902 = CARTESIAN_POINT ( 'NONE',  ( 8.253643327641567495, 17.10803391499870330, 10.95832696179418697 ) ) ;
#2903 = LINE ( 'NONE', #6720, #9377 ) ;
#2904 = VERTEX_POINT ( 'NONE', #5960 ) ;
#2905 = ORIENTED_EDGE ( 'NONE', *, *, #7538, .T. ) ;
#2906 = DIRECTION ( 'NONE',  ( -1.607383761961275067E-15, 1.000000000000000000, 1.607383761961275067E-15 ) ) ;
#2907 = DIRECTION ( 'NONE',  ( 0.000000000000000000, 0.000000000000000000, 1.000000000000000000 ) ) ;
#2908 = CARTESIAN_POINT ( 'NONE',  ( 7.823820818632535534, 17.08645713494692231, 10.58342996775196632 ) ) ;
#2909 = CARTESIAN_POINT ( 'NONE',  ( 9.862463799782625884, 26.48303391499869619, 9.363953715160235447 ) ) ;
#2910 = PLANE ( 'NONE',  #7023 ) ;
#2911 = CARTESIAN_POINT ( 'NONE',  ( -5.331745340123591248, 39.19999999999998153, 7.497499024879580531 ) ) ;
#2912 = CARTESIAN_POINT ( 'NONE',  ( 0.000000000000000000, 39.99999999999998579, 0.000000000000000000 ) ) ;
#2913 = DIRECTION ( 'NONE',  ( 0.005235963831419591756, -0.9999862922474268556, -7.445040473548391762E-19 ) ) ;
#2914 = EDGE_CURVE ( 'NONE', #4957, #1212, #633, .T. ) ;
#2915 = CARTESIAN_POINT ( 'NONE',  ( 10.04999999999997584, 5.500000000000000000, -4.449999999999997513 ) ) ;
#2916 = ORIENTED_EDGE ( 'NONE', *, *, #974, .T. ) ;
#2917 = ORIENTED_EDGE ( 'NONE', *, *, #7914, .T. ) ;
#2918 = CARTESIAN_POINT ( 'NONE',  ( 9.313270791572383800, 12.21516147997538582, 9.894554002259877024 ) ) ;
#2919 = ORIENTED_EDGE ( 'NONE', *, *, #3461, .F. ) ;
#2920 = CARTESIAN_POINT ( 'NONE',  ( -1.545383168813366126, 39.99999999999999289, 8.127065172579140295 ) ) ;
#2921 = CARTESIAN_POINT ( 'NONE',  ( 7.778174593051992325, 37.39999999999999858, 5.656854249492420550 ) ) ;
#2922 = CARTESIAN_POINT ( 'NONE',  ( 10.85889432050227299, 33.09269493846100119, 7.265521245594494637 ) ) ;
#2923 = DIRECTION ( 'NONE',  ( -0.000000000000000000, -1.000000000000000000, -0.000000000000000000 ) ) ;
#2924 = B_SPLINE_CURVE_WITH_KNOTS ( 'NONE', 3,
 ( #6618, #541, #6515, #2074, #9613, #8077, #8031, #2853 ),
 .UNSPECIFIED., .F., .F.,
 ( 4, 2, 2, 4 ),
 ( 0.000000000000000000, 0.0005760985262177407539, 0.001152197052435481508, 0.002304394104870967786 ),
 .UNSPECIFIED. ) ;
#2925 = EDGE_CURVE ( 'NONE', #4005, #355, #6578, .T. ) ;
#2926 = B_SPLINE_CURVE_WITH_KNOTS ( 'NONE', 3,
 ( #7001, #4077, #381, #7875, #9353, #5633, #8520, #4811, #8561, #6311, #8614, #6355, #6216, #2461, #1172, #2508 ),
 .UNSPECIFIED., .F., .F.,
 ( 4, 2, 2, 2, 2, 2, 2, 4 ),
 ( 0.000000000000000000, 0.0002054678759908135273, 0.0004109357519816270545, 0.0008218715039632412071, 0.001643743007926451623, 0.002054678759908047832, 0.002465614511889643607, 0.003287486015852855974 ),
 .UNSPECIFIED. ) ;
#2927 = VERTEX_POINT ( 'NONE', #3905 ) ;
#2928 = EDGE_CURVE ( 'NONE', #8333, #9183, #1791, .T. ) ;
#2929 = ORIENTED_EDGE ( 'NONE', *, *, #7607, .F. ) ;
#2930 = CARTESIAN_POINT ( 'NONE',  ( 8.345882166233808519, 11.28803391499868880, 10.26567727326933266 ) ) ;
#2931 = ORIENTED_EDGE ( 'NONE', *, *, #4610, .T. ) ;
#2932 = CARTESIAN_POINT ( 'NONE',  ( 7.691240015148781417, 37.67803391499873555, 10.65048209052865502 ) ) ;
#2933 = CARTESIAN_POINT ( 'NONE',  ( 6.933893945111972101, 13.89469205590851963, 11.31442065067666292 ) ) ;
#2934 = CARTESIAN_POINT ( 'NONE',  ( -9.695607513761499874, 41.67803391499871424, -13.20639248623851181 ) ) ;
#2935 = LINE ( 'NONE', #4242, #8254 ) ;
#2936 = CARTESIAN_POINT ( 'NONE',  ( 7.305628747007300916, 33.78803391499870656, 10.83762731514826072 ) ) ;
#2937 = CARTESIAN_POINT ( 'NONE',  ( 9.221889241875059540, 36.66803391499869491, 9.190069632835839997 ) ) ;
#2938 = DIRECTION ( 'NONE',  ( 0.000000000000000000, 0.000000000000000000, 1.000000000000000000 ) ) ;
#2939 = EDGE_LOOP ( 'NONE', ( #6005, #2331, #725, #7606 ) ) ;
#2940 = ADVANCED_FACE ( 'NONE', ( #7562 ), #1854, .T. ) ;
#2941 = B_SPLINE_SURFACE_WITH_KNOTS ( 'NONE', 3, 1, ( 
 ( #4149, #4190 ),
 ( #2961, #8980 ),
 ( #5989, #9669 ),
 ( #8786, #6627 ) ),
 .UNSPECIFIED., .F., .F., .F.,
 ( 4, 4 ),
 ( 2, 2 ),
 ( 0.000000000000000000, 1.000000000000000000 ),
 ( 0.000000000000000000, 1.000000000000000000 ),
 .UNSPECIFIED. ) ;
#2942 = ORIENTED_EDGE ( 'NONE', *, *, #5824, .F. ) ;
#2943 = B_SPLINE_CURVE_WITH_KNOTS ( 'NONE', 3,
 ( #7362, #656, #5397, #3653 ),
 .UNSPECIFIED., .F., .F.,
 ( 4, 4 ),
 ( 1.999999999988558877E-07, 0.003180199912144138739 ),
 .UNSPECIFIED. ) ;
#2944 = CARTESIAN_POINT ( 'NONE',  ( 11.14999999999999858, 44.64247392222173261, 4.450000000000001066 ) ) ;
#2945 = DIRECTION ( 'NONE',  ( 2.533865751426797602E-15, -0.000000000000000000, 1.000000000000000000 ) ) ;
#2946 = CARTESIAN_POINT ( 'NONE',  ( 8.826719025674821140, 16.72583701916695276, 10.29562898161246842 ) ) ;
#2947 = PLANE ( 'NONE',  #2432 ) ;
#2948 = B_SPLINE_CURVE_WITH_KNOTS ( 'NONE', 3,
 ( #7553, #898, #6094, #9093, #2241, #3067, #1645, #2336, #9633, #2918, #5901, #5217 ),
 .UNSPECIFIED., .F., .F.,
 ( 4, 2, 2, 2, 2, 4 ),
 ( 0.000000000000000000, 0.001239906394860074796, 0.002479812789720143955, 0.003719719184580213764, 0.004339672382010248235, 0.004959625579440282706 ),
 .UNSPECIFIED. ) ;
#2949 = CARTESIAN_POINT ( 'NONE',  ( 10.63035775342577693, 16.31619939582785506, 8.336830222638630161 ) ) ;
#2950 = CARTESIAN_POINT ( 'NONE',  ( 8.677907396353493397, 17.27303391499870244, 10.53406289308226107 ) ) ;
#2951 = CARTESIAN_POINT ( 'NONE',  ( 8.776435883014318762, 30.65567131603004825, 9.955317196811854785 ) ) ;
#2952 = EDGE_CURVE ( 'NONE', #6361, #6459, #2262, .T. ) ;
#2953 = VECTOR ( 'NONE', #5426, 1000.000000000000000 ) ;
#2954 = VERTEX_POINT ( 'NONE', #6251 ) ;
#2955 = CARTESIAN_POINT ( 'NONE',  ( -12.00784668824147872, 27.89303391499870699, -10.89415331175853474 ) ) ;
#2956 = DIRECTION ( 'NONE',  ( 0.000000000000000000, 0.000000000000000000, -1.000000000000000000 ) ) ;
#2957 = PLANE ( 'NONE',  #7602 ) ;
#2958 = AXIS2_PLACEMENT_3D ( 'NONE', #4801, #3329, #372 ) ;
#2959 = CARTESIAN_POINT ( 'NONE',  ( 10.46290316347415761, 35.88803391499870798, 8.033991566212536739 ) ) ;
#2960 = AXIS2_PLACEMENT_3D ( 'NONE', #7601, #1647, #3070 ) ;
#2961 = CARTESIAN_POINT ( 'NONE',  ( 8.414232369290935765, 30.59303391499868496, 10.01582942479261185 ) ) ;
#2962 = LINE ( 'NONE', #3107, #2032 ) ;
#2963 = EDGE_CURVE ( 'NONE', #716, #9009, #7968, .T. ) ;
#2964 = VERTEX_POINT ( 'NONE', #6295 ) ;
#2965 = ORIENTED_EDGE ( 'NONE', *, *, #9005, .F. ) ;
#2966 = AXIS2_PLACEMENT_3D ( 'NONE', #5209, #2424, #1637 ) ;
#2967 = CIRCLE ( 'NONE', #768, 9.199999999999992184 ) ;
#2968 = EDGE_LOOP ( 'NONE', ( #9128, #7127, #1748, #5519 ) ) ;
#2969 = CARTESIAN_POINT ( 'NONE',  ( 9.606573379346043495, 5.483033914998699743, 9.617180177177862888 ) ) ;
#2970 = CARTESIAN_POINT ( 'NONE',  ( 7.307986715979968295, 33.60569528779669923, 10.83998528412092988 ) ) ;
#2971 = VERTEX_POINT ( 'NONE', #9295 ) ;
#2972 = CARTESIAN_POINT ( 'NONE',  ( 6.724740625798447446, 39.30803391499870258, 11.06284092449211265 ) ) ;
#2973 = EDGE_CURVE ( 'NONE', #1212, #3054, #613, .T. ) ;
#2974 = CIRCLE ( 'NONE', #3292, 10.10000000000000142 ) ;
#2975 = B_SPLINE_CURVE_WITH_KNOTS ( 'NONE', 3,
 ( #8694, #1997, #4983, #3516, #7419, #8992, #710, #2195 ),
 .UNSPECIFIED., .F., .F.,
 ( 4, 2, 2, 4 ),
 ( 0.000000000000000000, 0.0004971248577194878207, 0.0009942497154389756415, 0.001988499430877956921 ),
 .UNSPECIFIED. ) ;
#2976 = LINE ( 'NONE', #8251, #2782 ) ;
#2977 = CARTESIAN_POINT ( 'NONE',  ( -8.112490369793990297, 37.39999999999999858, 1.499999999999914735 ) ) ;
#2978 = EDGE_LOOP ( 'NONE', ( #1044, #659, #7129, #7457 ) ) ;
#2979 = ORIENTED_EDGE ( 'NONE', *, *, #69, .F. ) ;
#2980 = CIRCLE ( 'NONE', #1104, 8.949999999999999289 ) ;
#2981 =( BOUNDED_CURVE ( )  B_SPLINE_CURVE ( 3, ( #8039, #7297, #4925, #4145 ),
 .UNSPECIFIED., .F., .T. ) 
 B_SPLINE_CURVE_WITH_KNOTS ( ( 4, 4 ),
 ( 1.398929154984637657, 1.402403865629277435 ),
 .UNSPECIFIED. ) 
 CURVE ( )  GEOMETRIC_REPRESENTATION_ITEM ( )  RATIONAL_B_SPLINE_CURVE ( ( 1.000000000000000000, 0.9999989938657476429, 0.9999989938657476429, 1.000000000000000000 ) ) 
 REPRESENTATION_ITEM ( '' )  );
#2982 = CARTESIAN_POINT ( 'NONE',  ( 7.553193042130119217, 36.92303391499869036, 10.72456715186596199 ) ) ;
#2983 = EDGE_LOOP ( 'NONE', ( #4099, #5588, #2430, #4839 ) ) ;
#2984 = CARTESIAN_POINT ( 'NONE',  ( -5.153034575406619133, 39.15591825482287192, -7.317700093927321348 ) ) ;
#2985 = EDGE_CURVE ( 'NONE', #4852, #7171, #1057, .T. ) ;
#2986 = ADVANCED_FACE ( 'NONE', ( #2583 ), #119, .T. ) ;
#2987 = CARTESIAN_POINT ( 'NONE',  ( 7.503137776691549909, 39.74999999999998579, -5.323807237680953541 ) ) ;
#2988 = CARTESIAN_POINT ( 'NONE',  ( 7.212923721362720642, 8.708033914998678071, 11.55102402005622864 ) ) ;
#2989 = CARTESIAN_POINT ( 'NONE',  ( -4.653951976476302654, 39.99999999999999289, 6.839453812875173178 ) ) ;
#2990 = AXIS2_PLACEMENT_3D ( 'NONE', #9238, #4784, #8442 ) ;
#2991 = CARTESIAN_POINT ( 'NONE',  ( -5.303138069327512305, 39.19294086138773991, 7.468717497908773595 ) ) ;
#2992 = CARTESIAN_POINT ( 'NONE',  ( 7.896721041041892875, 11.58803391499868063, 11.15294796451999737 ) ) ;
#2993 = VERTEX_POINT ( 'NONE', #6982 ) ;
#2994 = B_SPLINE_CURVE_WITH_KNOTS ( 'NONE', 3,
 ( #7017, #2657, #4921, #5550 ),
 .UNSPECIFIED., .F., .F.,
 ( 4, 4 ),
 ( 0.001930058480875254234, 0.002187368350014227969 ),
 .UNSPECIFIED. ) ;
#2995 = ORIENTED_EDGE ( 'NONE', *, *, #111, .F. ) ;
#2996 = FACE_OUTER_BOUND ( 'NONE', #9505, .T. ) ;
#2997 = AXIS2_PLACEMENT_3D ( 'NONE', #5273, #7609, #1654 ) ;
#2998 = VECTOR ( 'NONE', #135, 1000.000000000000114 ) ;
#2999 = CARTESIAN_POINT ( 'NONE',  ( 9.022959559465819623, 36.01435850031108998, 9.753513495286620483 ) ) ;
#3000 = ADVANCED_FACE ( 'NONE', ( #2541 ), #8550, .T. ) ;
#3001 = CARTESIAN_POINT ( 'NONE',  ( 6.921674428604442042, 27.75370534439208825, 10.99934196916992590 ) ) ;
#3002 = ADVANCED_FACE ( 'NONE', ( #3274 ), #5473, .T. ) ;
#3003 =( BOUNDED_SURFACE ( )  B_SPLINE_SURFACE ( 3, 2, ( 
 ( #5454, #8383, #3709 ),
 ( #1686, #2522, #1457 ),
 ( #8945, #3938, #8436 ),
 ( #6183, #6742, #5176 ),
 ( #6967, #6001, #5504 ),
 ( #8205, #1739, #8153 ),
 ( #7464, #756, #2292 ),
 ( #255, #4681, #207 ),
 ( #4455, #6919, #3252 ),
 ( #1501, #2244, #9180 ) ),
 .UNSPECIFIED., .F., .F., .F. ) 
 B_SPLINE_SURFACE_WITH_KNOTS ( ( 4, 2, 2, 2, 4 ),
 ( 3, 3 ),
 ( 3.141592653589793116, 3.534291735288517255, 3.926990816987241395, 4.319689898685965090, 4.712388980384689674 ),
 ( 0.000000000000000000, 1.000000000000000000 ),
 .UNSPECIFIED. ) 
 GEOMETRIC_REPRESENTATION_ITEM ( )  RATIONAL_B_SPLINE_SURFACE ( (
 ( 1.000000000000000000, 0.6427876096865380307, 1.000000000000000000),
 ( 1.000000000000000000, 0.6427771213581170429, 1.000000000000000000),
 ( 1.000000000000000000, 0.6445517630932596775, 1.000000000000000000),
 ( 1.000000000000000000, 0.6512645840760741267, 1.000000000000000000),
 ( 1.000000000000000000, 0.6562061165395759454, 1.000000000000000000),
 ( 1.000000000000000000, 0.6683407463769842627, 1.000000000000000000),
 ( 1.000000000000000000, 0.6755240863411561270, 1.000000000000000000),
 ( 1.000000000000000000, 0.6908929212714355339, 1.000000000000000000),
 ( 1.000000000000000000, 0.6990715671262415221, 1.000000000000000000),
 ( 1.000000000000000000, 0.7071067811865476838, 1.000000000000000000) ) ) 
 REPRESENTATION_ITEM ( '' )  SURFACE ( )  );
#3004 = CARTESIAN_POINT ( 'NONE',  ( 8.549320465465836349, 28.02803391499868724, 10.49032877593704249 ) ) ;
#3005 = FACE_OUTER_BOUND ( 'NONE', #2645, .T. ) ;
#3006 = DIRECTION ( 'NONE',  ( -1.208365599361926703E-13, 5.916472197058497645E-07, -0.9999999999998250289 ) ) ;
#3007 = VERTEX_POINT ( 'NONE', #7812 ) ;
#3008 = CARTESIAN_POINT ( 'NONE',  ( 7.691963711765099632, 28.38803391499868667, 10.99061704211448109 ) ) ;
#3009 = CARTESIAN_POINT ( 'NONE',  ( 9.468113703104664935, 28.22280453092190555, 9.752663252102957259 ) ) ;
#3010 = DIRECTION ( 'NONE',  ( -0.7071067811865475727, 0.000000000000000000, -0.7071067811865475727 ) ) ;
#3011 = ADVANCED_FACE ( 'NONE', ( #4110 ), #2370, .T. ) ;
#3012 = DIRECTION ( 'NONE',  ( -0.000000000000000000, 1.000000000000000000, -0.000000000000000000 ) ) ;
#3013 = DIRECTION ( 'NONE',  ( 0.000000000000000000, -1.000000000000000000, 0.000000000000000000 ) ) ;
#3014 = CARTESIAN_POINT ( 'NONE',  ( 7.915651612510992585, 41.12803391499871708, 10.87489368789088395 ) ) ;
#3015 = CARTESIAN_POINT ( 'NONE',  ( 8.783189992919648859, 15.06499351063460779, 9.947594462150760819 ) ) ;
#3016 = ORIENTED_EDGE ( 'NONE', *, *, #98, .T. ) ;
#3017 = EDGE_LOOP ( 'NONE', ( #446, #1109, #6037, #4880 ) ) ;
#3018 = ORIENTED_EDGE ( 'NONE', *, *, #1893, .F. ) ;
#3019 = CARTESIAN_POINT ( 'NONE',  ( 7.848534477558771094, 10.50268724478876869, 10.57002557627553330 ) ) ;
#3020 = CARTESIAN_POINT ( 'NONE',  ( -9.071645687993047602, 39.19999999999998153, 1.531419116870696762 ) ) ;
#3021 = VERTEX_POINT ( 'NONE', #1111 ) ;
#3022 = EDGE_CURVE ( 'NONE', #4957, #8349, #4798, .T. ) ;
#3023 = CARTESIAN_POINT ( 'NONE',  ( 11.06823225953493228, 28.92951752022803547, 6.730131960841546856 ) ) ;
#3024 = CARTESIAN_POINT ( 'NONE',  ( 11.25212865977994348, 17.93303391499871680, 7.104947584234921010 ) ) ;
#3025 = CARTESIAN_POINT ( 'NONE',  ( 8.883152316342217247, 5.549587777158726531, 9.870005492000116121 ) ) ;
#3026 = DIRECTION ( 'NONE',  ( 0.7071067811865474617, 0.000000000000000000, 0.7071067811865474617 ) ) ;
#3027 = ORIENTED_EDGE ( 'NONE', *, *, #1825, .T. ) ;
#3028 = ORIENTED_EDGE ( 'NONE', *, *, #5234, .F. ) ;
#3029 = DIRECTION ( 'NONE',  ( -0.000000000000000000, 1.000000000000000000, -0.000000000000000000 ) ) ;
#3030 = ORIENTED_EDGE ( 'NONE', *, *, #4924, .F. ) ;
#3031 = CARTESIAN_POINT ( 'NONE',  ( 10.81752135618429023, 16.65803391499870401, 8.027985300517435974 ) ) ;
#3032 = CARTESIAN_POINT ( 'NONE',  ( 7.444206861401080566, 39.83335412408865750, -5.262818710037281633 ) ) ;
#3033 = DIRECTION ( 'NONE',  ( 0.000000000000000000, 0.000000000000000000, 1.000000000000000000 ) ) ;
#3034 = LINE ( 'NONE', #6013, #4682 ) ;
#3035 = LINE ( 'NONE', #8263, #8619 ) ;
#3036 = CARTESIAN_POINT ( 'NONE',  ( 8.486663622689130548, 31.43863930886042724, 10.17719721995112003 ) ) ;
#3037 = FACE_OUTER_BOUND ( 'NONE', #9441, .T. ) ;
#3038 = ORIENTED_EDGE ( 'NONE', *, *, #9223, .F. ) ;
#3039 =( BOUNDED_CURVE ( )  B_SPLINE_CURVE ( 3, ( #2885, #2106, #3718, #2984 ),
 .UNSPECIFIED., .F., .F. ) 
 B_SPLINE_CURVE_WITH_KNOTS ( ( 4, 4 ),
 ( 4.880781441550309019, 4.884256152194948797 ),
 .UNSPECIFIED. ) 
 CURVE ( )  GEOMETRIC_REPRESENTATION_ITEM ( )  RATIONAL_B_SPLINE_CURVE ( ( 1.000000000000000000, 0.9999989938657476429, 0.9999989938657476429, 1.000000000000000000 ) ) 
 REPRESENTATION_ITEM ( '' )  );
#3040 = ORIENTED_EDGE ( 'NONE', *, *, #915, .F. ) ;
#3041 = ADVANCED_FACE ( 'NONE', ( #7037 ), #6461, .T. ) ;
#3042 = AXIS2_PLACEMENT_3D ( 'NONE', #4300, #560, #1347 ) ;
#3043 = VECTOR ( 'NONE', #5618, 1000.000000000000000 ) ;
#3044 = CARTESIAN_POINT ( 'NONE',  ( 8.558980438965118509, 36.15755062162853761, 10.12014036586841215 ) ) ;
#3045 = FACE_OUTER_BOUND ( 'NONE', #7175, .T. ) ;
#3046 = FILL_AREA_STYLE ('',( #5290 ) ) ;
#3047 = DIRECTION ( 'NONE',  ( 0.7071067811865475727, 6.086098868852901026E-15, -0.7071067811865475727 ) ) ;
#3048 = LINE ( 'NONE', #4579, #6547 ) ;
#3049 = CARTESIAN_POINT ( 'NONE',  ( -8.949999999999993960, 39.99999999999999289, 0.000000000000000000 ) ) ;
#3050 = CARTESIAN_POINT ( 'NONE',  ( 7.886270741767491543, 31.20803391499870472, 10.54852796904899215 ) ) ;
#3051 = ADVANCED_FACE ( 'NONE', ( #3955 ), #362, .T. ) ;
#3052 = EDGE_CURVE ( 'NONE', #2993, #129, #7378, .T. ) ;
#3053 = AXIS2_PLACEMENT_3D ( 'NONE', #3376, #2005, #4899 ) ;
#3054 = VERTEX_POINT ( 'NONE', #7369 ) ;
#3055 = LINE ( 'NONE', #2955, #8 ) ;
#3056 = CARTESIAN_POINT ( 'NONE',  ( 8.770325667623787069, 28.64570527153697199, 10.33560385083852928 ) ) ;
#3057 = CARTESIAN_POINT ( 'NONE',  ( -4.450000000000001954, 41.89177302316960549, -11.44999999999999751 ) ) ;
#3058 = DIRECTION ( 'NONE',  ( 0.000000000000000000, 0.000000000000000000, 1.000000000000000000 ) ) ;
#3059 = CARTESIAN_POINT ( 'NONE',  ( 11.30308905430572253, 39.50303391499870287, 6.964989147840435102 ) ) ;
#3060 = FACE_OUTER_BOUND ( 'NONE', #7549, .T. ) ;
#3061 = CARTESIAN_POINT ( 'NONE',  ( 11.32004230891593721, 33.77303391499871310, 6.918302792143838253 ) ) ;
#3062 = ORIENTED_EDGE ( 'NONE', *, *, #8536, .T. ) ;
#3063 = VERTEX_POINT ( 'NONE', #2047 ) ;
#3064 = EDGE_CURVE ( 'NONE', #3310, #9643, #1622, .T. ) ;
#3065 = ORIENTED_EDGE ( 'NONE', *, *, #3364, .T. ) ;
#3066 = CARTESIAN_POINT ( 'NONE',  ( 10.39460456660778931, 11.19803391499871204, 8.686941886156326120 ) ) ;
#3067 = CARTESIAN_POINT ( 'NONE',  ( 9.052114898888319772, 13.82772222649080796, 10.11668740235675479 ) ) ;
#3068 = ORIENTED_EDGE ( 'NONE', *, *, #3749, .T. ) ;
#3069 = B_SPLINE_CURVE_WITH_KNOTS ( 'NONE', 3,
 ( #4657, #3181, #3134, #6897, #7568, #41, #2307, #3861, #6803, #1659 ),
 .UNSPECIFIED., .F., .F.,
 ( 4, 2, 2, 2, 4 ),
 ( 0.000000000000000000, 0.0005412119700367975161, 0.001082423940073595032, 0.001623635910110391789, 0.002164847880147188330 ),
 .UNSPECIFIED. ) ;
#3070 = DIRECTION ( 'NONE',  ( 0.000000000000000000, 0.000000000000000000, 1.000000000000000000 ) ) ;
#3071 = LINE ( 'NONE', #121, #3885 ) ;
#3072 = FACE_OUTER_BOUND ( 'NONE', #8159, .T. ) ;
#3073 = ORIENTED_EDGE ( 'NONE', *, *, #7376, .F. ) ;
#3074 = ADVANCED_FACE ( 'NONE', ( #3608 ), #5955, .F. ) ;
#3075 = ORIENTED_EDGE ( 'NONE', *, *, #3109, .T. ) ;
#3076 = ORIENTED_EDGE ( 'NONE', *, *, #2350, .F. ) ;
#3077 = CARTESIAN_POINT ( 'NONE',  ( 8.274973169377156879, 37.13619295757640515, 10.67399726191755782 ) ) ;
#3078 = ORIENTED_EDGE ( 'NONE', *, *, #2470, .F. ) ;
#3079 = DIRECTION ( 'NONE',  ( 0.9848077530122073542, 0.1736481776669349664, 1.919515874690163572E-16 ) ) ;
#3080 = CARTESIAN_POINT ( 'NONE',  ( 8.819913906853303232, 38.57078715550549930, 1.520436165816502871 ) ) ;
#3081 = CARTESIAN_POINT ( 'NONE',  ( 9.415631703588303481, 36.66803391499869491, 9.383812094549082161 ) ) ;
#3082 = EDGE_CURVE ( 'NONE', #8202, #1700, #6534, .T. ) ;
#3083 = DIRECTION ( 'NONE',  ( 2.533865751426797207E-15, -0.000000000000000000, 1.000000000000000000 ) ) ;
#3084 = CARTESIAN_POINT ( 'NONE',  ( -5.140799068026253416, 39.99999999999998579, 7.326300904425116833 ) ) ;
#3085 = CARTESIAN_POINT ( 'NONE',  ( 7.330443466728236324, 16.43303391499870258, 11.35034571388782254 ) ) ;
#3086 = EDGE_LOOP ( 'NONE', ( #3177, #8797, #5130, #6234 ) ) ;
#3087 = VECTOR ( 'NONE', #597, 1000.000000000000000 ) ;
#3088 = ORIENTED_EDGE ( 'NONE', *, *, #787, .T. ) ;
#3089 = DIRECTION ( 'NONE',  ( 0.000000000000000000, 0.000000000000000000, 1.000000000000000000 ) ) ;
#3090 = CARTESIAN_POINT ( 'NONE',  ( 11.07774625501554588, 34.23034485074130373, 6.702752987754327485 ) ) ;
#3091 = CARTESIAN_POINT ( 'NONE',  ( 7.776603303409402201, 36.92303391499869036, 10.94797741314524409 ) ) ;
#3092 = DIRECTION ( 'NONE',  ( 0.000000000000000000, 0.000000000000000000, 1.000000000000000000 ) ) ;
#3093 = DIRECTION ( 'NONE',  ( -0.000000000000000000, -1.000000000000000000, 0.000000000000000000 ) ) ;
#3094 = CARTESIAN_POINT ( 'NONE',  ( -7.503137776691587213, 39.74999999999998579, 5.323807237680901139 ) ) ;
#3095 = EDGE_CURVE ( 'NONE', #5770, #5881, #1438, .T. ) ;
#3096 = DIRECTION ( 'NONE',  ( -0.000000000000000000, 1.000000000000000000, 0.000000000000000000 ) ) ;
#3097 =( BOUNDED_CURVE ( )  B_SPLINE_CURVE ( 3, ( #6813, #7626, #928, #6 ),
 .UNSPECIFIED., .F., .T. ) 
 B_SPLINE_CURVE_WITH_KNOTS ( ( 4, 4 ),
 ( 4.278717209890020357, 4.664082543065815933 ),
 .UNSPECIFIED. ) 
 CURVE ( )  GEOMETRIC_REPRESENTATION_ITEM ( )  RATIONAL_B_SPLINE_CURVE ( ( 1.000000000000000000, 0.9876627044565028379, 0.9876627044565028379, 1.000000000000000000 ) ) 
 REPRESENTATION_ITEM ( '' )  );
#3098 = DIRECTION ( 'NONE',  ( -7.062802723619857681E-15, -3.469446951953614189E-15, 1.000000000000000000 ) ) ;
#3099 = CARTESIAN_POINT ( 'NONE',  ( 7.691240015148779641, 41.12803391499871708, 10.65048209052867101 ) ) ;
#3100 = ORIENTED_EDGE ( 'NONE', *, *, #4559, .F. ) ;
#3101 = CARTESIAN_POINT ( 'NONE',  ( -6.255805281437614163, 41.87798881371203663, -10.97561693246301040 ) ) ;
#3102 = B_SPLINE_SURFACE_WITH_KNOTS ( 'NONE', 3, 1, ( 
 ( #6619, #2801 ),
 ( #2075, #2950 ),
 ( #5059, #8033 ),
 ( #9614, #2902 ) ),
 .UNSPECIFIED., .F., .F., .F.,
 ( 4, 4 ),
 ( 2, 2 ),
 ( 0.000000000000000000, 1.000000000000000000 ),
 ( 0.000000000000000000, 1.000000000000000000 ),
 .UNSPECIFIED. ) ;
#3103 = CARTESIAN_POINT ( 'NONE',  ( 10.68143667493202109, 35.88803391499870798, 8.252525077670400222 ) ) ;
#3104 = CARTESIAN_POINT ( 'NONE',  ( 7.503137776691549909, 39.74999999999998579, -5.323807237680953541 ) ) ;
#3105 = CARTESIAN_POINT ( 'NONE',  ( -4.450000000000002842, 7.197618960442568437, -9.586357836860887716 ) ) ;
#3106 = CARTESIAN_POINT ( 'NONE',  ( 7.828744395134236811, 42.06803391499870060, 10.53342802928697353 ) ) ;
#3107 = CARTESIAN_POINT ( 'NONE',  ( -12.95183424112554071, 36.09803391499868042, -9.950165758874472743 ) ) ;
#3108 = ADVANCED_FACE ( 'NONE', ( #1254 ), #7910, .T. ) ;
#3109 = EDGE_CURVE ( 'NONE', #4879, #4006, #2144, .T. ) ;
#3110 = AXIS2_PLACEMENT_3D ( 'NONE', #7665, #3459, #6895 ) ;
#3111 = VERTEX_POINT ( 'NONE', #2873 ) ;
#3112 = ORIENTED_EDGE ( 'NONE', *, *, #5492, .F. ) ;
#3113 = ORIENTED_EDGE ( 'NONE', *, *, #7702, .F. ) ;
#3114 = CARTESIAN_POINT ( 'NONE',  ( 7.544732777909624488, 10.03159548892289443, 10.72926320070160067 ) ) ;
#3115 = TOROIDAL_SURFACE ( 'NONE', #4536, 5.136357836860889314, 0.7136548544052909726 ) ;
#3116 = TOROIDAL_SURFACE ( 'NONE', #599, 5.136357836860891979, 0.7136548544052909726 ) ;
#3117 = CARTESIAN_POINT ( 'NONE',  ( 7.993120638076219642, 10.76303391499868134, 10.31596661038807206 ) ) ;
#3118 = ORIENTED_EDGE ( 'NONE', *, *, #8133, .T. ) ;
#3119 = CARTESIAN_POINT ( 'NONE',  ( 11.05424817978843954, 11.67072105357396516, 7.564323538865323826 ) ) ;
#3120 = EDGE_CURVE ( 'NONE', #355, #2300, #9435, .T. ) ;
#3121 = CARTESIAN_POINT ( 'NONE',  ( 9.394441228230022034, 5.483033914998699743, 9.405048026061839650 ) ) ;
#3122 = VECTOR ( 'NONE', #8698, 1000.000000000000114 ) ;
#3123 = DIRECTION ( 'NONE',  ( 0.000000000000000000, 0.000000000000000000, -1.000000000000000000 ) ) ;
#3124 = VECTOR ( 'NONE', #8094, 1000.000000000000000 ) ;
#3125 = EDGE_LOOP ( 'NONE', ( #6050, #1838, #1920, #5229 ) ) ;
#3126 = ORIENTED_EDGE ( 'NONE', *, *, #2335, .T. ) ;
#3127 = ORIENTED_EDGE ( 'NONE', *, *, #6335, .T. ) ;
#3128 = CARTESIAN_POINT ( 'NONE',  ( -9.928952751553048017, 36.23303391499870685, -12.97304724844696366 ) ) ;
#3129 = ORIENTED_EDGE ( 'NONE', *, *, #962, .T. ) ;
#3130 = CIRCLE ( 'NONE', #8593, 0.7136548544052906395 ) ;
#3131 = ADVANCED_FACE ( 'NONE', ( #7956 ), #2771, .T. ) ;
#3132 = DIRECTION ( 'NONE',  ( 0.000000000000000000, 0.9999862922474268556, -0.005235963831419591756 ) ) ;
#3133 = PLANE ( 'NONE',  #7367 ) ;
#3134 = CARTESIAN_POINT ( 'NONE',  ( 8.038369677475749597, 32.10151046413469800, 10.80797967401359116 ) ) ;
#3135 = CARTESIAN_POINT ( 'NONE',  ( 7.805899335573527331, 11.37803391499870109, 10.23481132506336699 ) ) ;
#3136 = EDGE_LOOP ( 'NONE', ( #4434, #9171, #2115, #9034 ) ) ;
#3137 = ORIENTED_EDGE ( 'NONE', *, *, #5321, .T. ) ;
#3138 = FACE_BOUND ( 'NONE', #2452, .T. ) ;
#3139 = CARTESIAN_POINT ( 'NONE',  ( 9.588642527894204903, 30.54803391499870102, 9.209685472421242025 ) ) ;
#3140 = PLANE ( 'NONE',  #2494 ) ;
#3141 = ADVANCED_FACE ( 'NONE', ( #6590 ), #6162, .F. ) ;
#3142 = CARTESIAN_POINT ( 'NONE',  ( 0.000000000000000000, 44.20218114339339621, 0.000000000000000000 ) ) ;
#3143 = CARTESIAN_POINT ( 'NONE',  ( -8.949999999999999289, 39.99999999999999289, 1.545383168813336816 ) ) ;
#3144 = CARTESIAN_POINT ( 'NONE',  ( 8.969835477536861390, 28.61303391499870585, 9.638051581872286278 ) ) ;
#3145 = LINE ( 'NONE', #3923, #4574 ) ;
#3146 = CARTESIAN_POINT ( 'NONE',  ( 9.947373702128251338, 25.10000000000000497, -4.449999999999997513 ) ) ;
#3147 = CARTESIAN_POINT ( 'NONE',  ( 11.44999999999999751, 4.289617747577138651, -8.550505063388332161 ) ) ;
#3148 = ORIENTED_EDGE ( 'NONE', *, *, #4467, .T. ) ;
#3149 = AXIS2_PLACEMENT_3D ( 'NONE', #6796, #3029, #9105 ) ;
#3150 = VECTOR ( 'NONE', #3495, 1000.000000000000000 ) ;
#3151 = ORIENTED_EDGE ( 'NONE', *, *, #3273, .T. ) ;
#3152 = CARTESIAN_POINT ( 'NONE',  ( -11.45000000000000284, 40.71038225242590158, -5.366463060955799946 ) ) ;
#3153 = CARTESIAN_POINT ( 'NONE',  ( 11.09790554669991280, 44.93791624812539709, -11.44999999999999929 ) ) ;
#3154 = CARTESIAN_POINT ( 'NONE',  ( 8.549320465465836349, 28.02803391499868724, 10.49032877593704249 ) ) ;
#3155 = CARTESIAN_POINT ( 'NONE',  ( 9.553259531338211374, 31.14803391499870600, 9.672506553646371685 ) ) ;
#3156 = CARTESIAN_POINT ( 'NONE',  ( 4.449999999999999289, 45.00000000000000000, 4.450000000000001954 ) ) ;
#3157 = VECTOR ( 'NONE', #6756, 1000.000000000000114 ) ;
#3158 = DIRECTION ( 'NONE',  ( -0.005235892060090568609, 0.9999725850585454712, -0.005235892060090611110 ) ) ;
#3159 = B_SPLINE_CURVE_WITH_KNOTS ( 'NONE', 3,
 ( #3378, #5627, #2736, #6350, #5725, #1909 ),
 .UNSPECIFIED., .F., .F.,
 ( 4, 2, 4 ),
 ( 0.000000000000000000, 0.0009144242246346015544, 0.001828848449269203109 ),
 .UNSPECIFIED. ) ;
#3160 = ORIENTED_EDGE ( 'NONE', *, *, #6570, .F. ) ;
#3161 = ORIENTED_EDGE ( 'NONE', *, *, #211, .F. ) ;
#3162 = ORIENTED_EDGE ( 'NONE', *, *, #1296, .T. ) ;
#3163 = EDGE_CURVE ( 'NONE', #3842, #3418, #2104, .T. ) ;
#3164 = CARTESIAN_POINT ( 'NONE',  ( 10.75996926891877159, 35.99545263793962135, 8.121482652131707169 ) ) ;
#3165 = VECTOR ( 'NONE', #8868, 1000.000000000000114 ) ;
#3166 = CARTESIAN_POINT ( 'NONE',  ( 10.85952651909574485, 39.57803391499871992, 7.263888732876340626 ) ) ;
#3167 = EDGE_LOOP ( 'NONE', ( #7658, #8121, #3185, #186 ) ) ;
#3168 = LINE ( 'NONE', #4692, #912 ) ;
#3169 = CARTESIAN_POINT ( 'NONE',  ( -6.839453812875254890, 39.99999999999999289, 4.653951976476181862 ) ) ;
#3170 = CARTESIAN_POINT ( 'NONE',  ( 9.630044578548996981, 6.083033914998696723, 9.598224969509628224 ) ) ;
#3171 = VERTEX_POINT ( 'NONE', #5860 ) ;
#3172 = ORIENTED_EDGE ( 'NONE', *, *, #4272, .F. ) ;
#3173 = EDGE_CURVE ( 'NONE', #6338, #226, #801, .T. ) ;
#3174 = ADVANCED_FACE ( 'NONE', ( #8201 ), #438, .T. ) ;
#3175 = ORIENTED_EDGE ( 'NONE', *, *, #1726, .T. ) ;
#3176 = CARTESIAN_POINT ( 'NONE',  ( 11.06555812733600064, 8.708033914998699387, 6.727458220870568439 ) ) ;
#3177 = ORIENTED_EDGE ( 'NONE', *, *, #7675, .F. ) ;
#3178 = CARTESIAN_POINT ( 'NONE',  ( 8.821669015494817856, 37.98548048166745161, 1.510219599821740477 ) ) ;
#3179 = CARTESIAN_POINT ( 'NONE',  ( -0.2999999999999999334, 25.10000000000000497, 7.500000000000000000 ) ) ;
#3180 = CARTESIAN_POINT ( 'NONE',  ( 7.289563854972729295, 13.25044941888552330, 10.84823033943377268 ) ) ;
#3181 = CARTESIAN_POINT ( 'NONE',  ( 8.139762591003021797, 31.96374963002794090, 10.75024619158854300 ) ) ;
#3182 = CARTESIAN_POINT ( 'NONE',  ( 7.150131237525687133, 14.24303391499869065, 11.53065794309037351 ) ) ;
#3183 = ORIENTED_EDGE ( 'NONE', *, *, #1763, .F. ) ;
#3184 = B_SPLINE_SURFACE_WITH_KNOTS ( 'NONE', 3, 1, ( 
 ( #6267, #4024 ),
 ( #5686, #1964 ),
 ( #980, #7683 ),
 ( #3974, #3241 ) ),
 .UNSPECIFIED., .F., .F., .F.,
 ( 4, 4 ),
 ( 2, 2 ),
 ( 0.000000000000000000, 1.000000000000000000 ),
 ( 0.000000000000000000, 1.000000000000000000 ),
 .UNSPECIFIED. ) ;
#3185 = ORIENTED_EDGE ( 'NONE', *, *, #642, .T. ) ;
#3186 = EDGE_CURVE ( 'NONE', #3532, #226, #9612, .T. ) ;
#3187 = CARTESIAN_POINT ( 'NONE',  ( 10.17914910552770635, 31.39160864847902843, 8.474976909657735646 ) ) ;
#3188 = CARTESIAN_POINT ( 'NONE',  ( 6.777324204582347633, 18.50803394428380955, 11.05178476222643802 ) ) ;
#3189 = DIRECTION ( 'NONE',  ( 7.228014483236698281E-17, 0.000000000000000000, -1.000000000000000000 ) ) ;
#3190 = AXIS2_PLACEMENT_3D ( 'NONE', #38, #1607, #3033 ) ;
#3191 = CARTESIAN_POINT ( 'NONE',  ( -11.45000000000000107, 40.96211214177604631, 4.449999999999989519 ) ) ;
#3192 = CARTESIAN_POINT ( 'NONE',  ( -11.45000000000000107, 45.00000000000000000, -4.449999999999996625 ) ) ;
#3193 = CARTESIAN_POINT ( 'NONE',  ( -8.819913906853324548, 38.57078715550567694, 1.520436165816382745 ) ) ;
#3194 = FACE_OUTER_BOUND ( 'NONE', #8997, .T. ) ;
#3195 = CARTESIAN_POINT ( 'NONE',  ( 10.30232627291002956, 37.08700805619766783, 8.293213022388506772 ) ) ;
#3196 = FACE_OUTER_BOUND ( 'NONE', #6387, .T. ) ;
#3197 = EDGE_LOOP ( 'NONE', ( #3151, #7554, #2707, #3223 ) ) ;
#3198 = EDGE_CURVE ( 'NONE', #2777, #7468, #6691, .T. ) ;
#3199 = VERTEX_POINT ( 'NONE', #3845 ) ;
#3200 = DIRECTION ( 'NONE',  ( 1.858632295689436102E-16, 0.000000000000000000, 1.000000000000000000 ) ) ;
#3201 = DIRECTION ( 'NONE',  ( 0.7071067811865474617, 0.000000000000000000, 0.7071067811865474617 ) ) ;
#3202 = CARTESIAN_POINT ( 'NONE',  ( 7.517545533046934736, 16.88502535211314637, 10.74247502728518810 ) ) ;
#3203 = CARTESIAN_POINT ( 'NONE',  ( 9.255501564432494277, 26.61803391499869420, 9.478240396620378760 ) ) ;
#3204 = CARTESIAN_POINT ( 'NONE',  ( 8.009243200131830775, 17.06437639266647466, 10.82364722461129247 ) ) ;
#3205 = LINE ( 'NONE', #4138, #450 ) ;
#3206 = PLANE ( 'NONE',  #4298 ) ;
#3207 = EDGE_CURVE ( 'NONE', #9672, #6889, #1907, .T. ) ;
#3208 = ORIENTED_EDGE ( 'NONE', *, *, #1543, .F. ) ;
#3209 = VECTOR ( 'NONE', #8621, 1000.000000000000114 ) ;
#3210 = ORIENTED_EDGE ( 'NONE', *, *, #5, .F. ) ;
#3211 = ORIENTED_EDGE ( 'NONE', *, *, #6282, .F. ) ;
#3212 = CARTESIAN_POINT ( 'NONE',  ( -13.34427850468401644, 12.23303391499867843, -9.557721495315997018 ) ) ;
#3213 = CARTESIAN_POINT ( 'NONE',  ( 10.53203401716499776, 16.07816470956191779, 7.915763040683367002 ) ) ;
#3214 = VERTEX_POINT ( 'NONE', #5949 ) ;
#3215 = FACE_OUTER_BOUND ( 'NONE', #3554, .T. ) ;
#3216 = ADVANCED_FACE ( 'NONE', ( #1546 ), #7511, .T. ) ;
#3217 = CARTESIAN_POINT ( 'NONE',  ( 10.88518787153700274, 13.70303391499870571, 7.204697271575077444 ) ) ;
#3218 = CARTESIAN_POINT ( 'NONE',  ( -11.44999999999999929, 0.3575260777782757748, 4.450000000000002842 ) ) ;
#3219 = VERTEX_POINT ( 'NONE', #8940 ) ;
#3220 = ORIENTED_EDGE ( 'NONE', *, *, #9039, .T. ) ;
#3221 = VERTEX_POINT ( 'NONE', #116 ) ;
#3222 = DIRECTION ( 'NONE',  ( 0.005235963831419591756, 0.9999862922474268556, 0.000000000000000000 ) ) ;
#3223 = ORIENTED_EDGE ( 'NONE', *, *, #2692, .T. ) ;
#3224 = CARTESIAN_POINT ( 'NONE',  ( 9.255859490967056402, 28.22288960039065486, 9.540523492295799102 ) ) ;
#3225 = CARTESIAN_POINT ( 'NONE',  ( 7.305748502354382445, 37.98548048166762925, 5.169975462124915211 ) ) ;
#3226 = EDGE_CURVE ( 'NONE', #80, #4907, #2948, .T. ) ;
#3227 = EDGE_CURVE ( 'NONE', #6634, #869, #552, .T. ) ;
#3228 = CARTESIAN_POINT ( 'NONE',  ( 7.011412985224140471, 45.00000000000000000, 11.28587328138293877 ) ) ;
#3229 = EDGE_LOOP ( 'NONE', ( #9314, #4720, #2995, #6103, #2372, #8688, #9529 ) ) ;
#3230 = VERTEX_POINT ( 'NONE', #9239 ) ;
#3231 = CARTESIAN_POINT ( 'NONE',  ( 11.11295172230215123, 13.70303391499870571, 7.432461122340225046 ) ) ;
#3232 = CARTESIAN_POINT ( 'NONE',  ( 10.81746156961342642, 35.89289323772135987, 7.358778517076413728 ) ) ;
#3233 = CARTESIAN_POINT ( 'NONE',  ( 6.788515368008163797, 33.28157971013206406, 11.04805030053489823 ) ) ;
#3234 = B_SPLINE_CURVE_WITH_KNOTS ( 'NONE', 3,
 ( #5196, #284, #7048, #6488, #4302, #5762, #8749, #4807 ),
 .UNSPECIFIED., .F., .F.,
 ( 4, 2, 2, 4 ),
 ( 0.000000000000000000, 0.0005359151097838280595, 0.001071830219567656119, 0.002143660439135311804 ),
 .UNSPECIFIED. ) ;
#3235 = CARTESIAN_POINT ( 'NONE',  ( -11.45000000000000284, 40.71038225242590158, 5.366463060955885211 ) ) ;
#3236 = CARTESIAN_POINT ( 'NONE',  ( -4.668507208294088606, 38.26588799871915825, -6.811202161234430008 ) ) ;
#3237 = DIRECTION ( 'NONE',  ( -1.949100782940016226E-16, -0.005235963831419591756, -0.9999862922474268556 ) ) ;
#3238 = ADVANCED_FACE ( 'NONE', ( #4786, #6138 ), #1837, .T. ) ;
#3239 = CARTESIAN_POINT ( 'NONE',  ( 10.07671590791204430, 11.79782437279056850, 8.615718590334303428 ) ) ;
#3240 = CARTESIAN_POINT ( 'NONE',  ( 8.900408234471429481, 39.91668805191901015, -1.543928953350284683 ) ) ;
#3241 = CARTESIAN_POINT ( 'NONE',  ( 7.650488491026063542, 8.723033914998678640, 11.26733987290928773 ) ) ;
#3242 = ORIENTED_EDGE ( 'NONE', *, *, #763, .T. ) ;
#3243 = ORIENTED_EDGE ( 'NONE', *, *, #3163, .T. ) ;
#3244 = DIRECTION ( 'NONE',  ( 1.000000000000000000, 0.000000000000000000, 1.035053519681677076E-14 ) ) ;
#3245 = CARTESIAN_POINT ( 'NONE',  ( 4.397905546699918844, 43.75652547737865206, 11.15000000000000213 ) ) ;
#3246 = DIRECTION ( 'NONE',  ( 0.9848077530122075762, 0.1736481776669335231, 2.847281880790409881E-15 ) ) ;
#3247 = CARTESIAN_POINT ( 'NONE',  ( 10.05012740573151397, 5.475667520024554591, 0.1972462963968565908 ) ) ;
#3248 = CARTESIAN_POINT ( 'NONE',  ( 7.904500212288402494, 16.99655119677170845, 10.88101683302754097 ) ) ;
#3249 = AXIS2_PLACEMENT_3D ( 'NONE', #8928, #4586, #2228 ) ;
#3250 = CARTESIAN_POINT ( 'NONE',  ( 7.503986219954827952, 40.01384604898234443, 11.08092557963000679 ) ) ;
#3251 = EDGE_CURVE ( 'NONE', #3915, #3221, #2620, .T. ) ;
#3252 = CARTESIAN_POINT ( 'NONE',  ( 5.366463061006626845, 43.61575472318514812, 11.45000000000000107 ) ) ;
#3253 = CARTESIAN_POINT ( 'NONE',  ( 6.726937554042881295, 8.258033914998682334, 11.06503785273639018 ) ) ;
#3254 = ORIENTED_EDGE ( 'NONE', *, *, #4804, .T. ) ;
#3255 =( BOUNDED_CURVE ( )  B_SPLINE_CURVE ( 3, ( #7062, #7635, #203, #4029 ),
 .UNSPECIFIED., .F., .T. ) 
 B_SPLINE_CURVE_WITH_KNOTS ( ( 4, 4 ),
 ( 0.000000000000000000, 1.570796326794896780 ),
 .UNSPECIFIED. ) 
 CURVE ( )  GEOMETRIC_REPRESENTATION_ITEM ( )  RATIONAL_B_SPLINE_CURVE ( ( 1.000000000000000000, 0.8047378541243649375, 0.8047378541243649375, 1.000000000000000000 ) ) 
 REPRESENTATION_ITEM ( '' )  );
#3256 = CIRCLE ( 'NONE', #2778, 8.249999999999998224 ) ;
#3257 = EDGE_LOOP ( 'NONE', ( #5699, #8010, #6658, #9488 ) ) ;
#3258 = LINE ( 'NONE', #4829, #8293 ) ;
#3259 = B_SPLINE_CURVE_WITH_KNOTS ( 'NONE', 3,
 ( #1231, #7197, #3492, #2267, #2946, #2316 ),
 .UNSPECIFIED., .F., .F.,
 ( 4, 2, 4 ),
 ( 0.000000000000000000, 0.0005729535845061910215, 0.001145907169012382043 ),
 .UNSPECIFIED. ) ;
#3260 = EDGE_CURVE ( 'NONE', #3656, #3904, #8914, .T. ) ;
#3261 = CARTESIAN_POINT ( 'NONE',  ( 10.84663701942597136, 40.13029073513237677, 7.293881725681379713 ) ) ;
#3262 = ORIENTED_EDGE ( 'NONE', *, *, #8639, .T. ) ;
#3263 = DIRECTION ( 'NONE',  ( 0.000000000000000000, 1.000000000000000000, 0.000000000000000000 ) ) ;
#3264 = CARTESIAN_POINT ( 'NONE',  ( 9.756364968361495471, 35.99303391499871907, 8.409326746315292311 ) ) ;
#3265 = CARTESIAN_POINT ( 'NONE',  ( 7.326300904425133709, 39.99999999999998579, 5.140799068026228547 ) ) ;
#3266 = B_SPLINE_SURFACE_WITH_KNOTS ( 'NONE', 3, 1, ( 
 ( #4974, #965 ),
 ( #7165, #7948 ),
 ( #6431, #5477 ),
 ( #5662, #4152 ) ),
 .UNSPECIFIED., .F., .F., .F.,
 ( 4, 4 ),
 ( 2, 2 ),
 ( 0.000000000000000000, 1.000000000000000000 ),
 ( 0.000000000000000000, 1.000000000000000000 ),
 .UNSPECIFIED. ) ;
#3267 = CARTESIAN_POINT ( 'NONE',  ( 10.87980557627864719, 6.838960962269694299, 7.219544897634594172 ) ) ;
#3268 = CARTESIAN_POINT ( 'NONE',  ( -8.751827042193609074, 0.8128970249542094573, 10.04766789441806019 ) ) ;
#3269 = ORIENTED_EDGE ( 'NONE', *, *, #5431, .T. ) ;
#3270 = VECTOR ( 'NONE', #6380, 1000.000000000000000 ) ;
#3271 = ORIENTED_EDGE ( 'NONE', *, *, #9185, .T. ) ;
#3272 = VERTEX_POINT ( 'NONE', #8488 ) ;
#3273 = EDGE_CURVE ( 'NONE', #3315, #6188, #2264, .T. ) ;
#3274 = FACE_OUTER_BOUND ( 'NONE', #2029, .T. ) ;
#3275 = EDGE_LOOP ( 'NONE', ( #996, #4616, #5085, #2869 ) ) ;
#3276 = AXIS2_PLACEMENT_3D ( 'NONE', #7805, #1102, #5659 ) ;
#3277 = CARTESIAN_POINT ( 'NONE',  ( 1.545383168813365904, 39.99999999999999289, 8.127065172579140295 ) ) ;
#3278 = CARTESIAN_POINT ( 'NONE',  ( 8.408198517020233353, 41.94582611026736885, 10.22514517233916465 ) ) ;
#3279 = EDGE_LOOP ( 'NONE', ( #4448, #6912, #754, #7455 ) ) ;
#3280 = ORIENTED_EDGE ( 'NONE', *, *, #4182, .F. ) ;
#3281 = CONICAL_SURFACE ( 'NONE', #606, 10.10000000000000142, 0.008726646259971666819 ) ;
#3282 = VECTOR ( 'NONE', #7923, 1000.000000000000000 ) ;
#3283 = ADVANCED_FACE ( 'NONE', ( #3946 ), #7715, .F. ) ;
#3284 = LINE ( 'NONE', #5385, #8350 ) ;
#3285 = ADVANCED_FACE ( 'NONE', ( #7748 ), #9186, .T. ) ;
#3286 = CARTESIAN_POINT ( 'NONE',  ( 11.08439795911081660, 33.77303391499871310, 6.682658442338716753 ) ) ;
#3287 = CARTESIAN_POINT ( 'NONE',  ( 6.761624507423576347, 33.52543706120410860, 11.05729839924600455 ) ) ;
#3288 = CYLINDRICAL_SURFACE ( 'NONE', #3602, 9.199999999999992184 ) ;
#3289 = DIRECTION ( 'NONE',  ( -0.000000000000000000, -1.000000000000000000, -0.000000000000000000 ) ) ;
#3290 = DIRECTION ( 'NONE',  ( -1.000000000000000000, 0.000000000000000000, 0.000000000000000000 ) ) ;
#3291 = CARTESIAN_POINT ( 'NONE',  ( 9.868070832739858744, 11.90539914035109348, 8.883435309200127250 ) ) ;
#3292 = AXIS2_PLACEMENT_3D ( 'NONE', #4244, #7212, #508 ) ;
#3293 = CARTESIAN_POINT ( 'NONE',  ( -4.450000000000001954, 41.89177302316960549, -11.14999999999999858 ) ) ;
#3294 = LINE ( 'NONE', #7877, #4369 ) ;
#3295 = ORIENTED_EDGE ( 'NONE', *, *, #7861, .T. ) ;
#3296 = ORIENTED_EDGE ( 'NONE', *, *, #882, .T. ) ;
#3297 = EDGE_CURVE ( 'NONE', #7388, #945, #8825, .T. ) ;
#3298 = EDGE_CURVE ( 'NONE', #5982, #8058, #8977, .T. ) ;
#3299 = CARTESIAN_POINT ( 'NONE',  ( -11.02771138573785770, 41.03657301811644231, -6.203710828201852934 ) ) ;
#3300 = VECTOR ( 'NONE', #6916, 1000.000000000000114 ) ;
#3301 = CARTESIAN_POINT ( 'NONE',  ( -1.541019402581311315, 39.74999999999998579, 9.070019801569776163 ) ) ;
#3302 = DIRECTION ( 'NONE',  ( -0.000000000000000000, -1.000000000000000000, 0.000000000000000000 ) ) ;
#3303 = FACE_OUTER_BOUND ( 'NONE', #3803, .T. ) ;
#3304 = CARTESIAN_POINT ( 'NONE',  ( 9.291980713743964060, 13.22270757189482637, 9.505350149442557850 ) ) ;
#3305 = LINE ( 'NONE', #1879, #767 ) ;
#3306 = CARTESIAN_POINT ( 'NONE',  ( 7.941845241742807815, 27.94694308220384471, 10.51747882259822475 ) ) ;
#3307 = DIRECTION ( 'NONE',  ( 0.000000000000000000, -1.000000000000000000, 0.000000000000000000 ) ) ;
#3308 = AXIS2_PLACEMENT_3D ( 'NONE', #6771, #1582, #6029 ) ;
#3309 = EDGE_LOOP ( 'NONE', ( #6019, #3175, #2678, #8524 ) ) ;
#3310 = VERTEX_POINT ( 'NONE', #8390 ) ;
#3311 = EDGE_CURVE ( 'NONE', #4966, #4331, #2139, .T. ) ;
#3312 = CARTESIAN_POINT ( 'NONE',  ( 9.504156652672739014, 13.22271399444430706, 9.717527196036769510 ) ) ;
#3313 = AXIS2_PLACEMENT_3D ( 'NONE', #909, #1604, #7471 ) ;
#3314 = CARTESIAN_POINT ( 'NONE',  ( 1.537819594291700787, 39.56668310586243820, -9.070563457125848217 ) ) ;
#3315 = VERTEX_POINT ( 'NONE', #6238 ) ;
#3316 = AXIS2_PLACEMENT_3D ( 'NONE', #7247, #9661, #1377 ) ;
#3317 = DIRECTION ( 'NONE',  ( -0.1736481776669335231, 0.9848077530122075762, 0.000000000000000000 ) ) ;
#3318 = CARTESIAN_POINT ( 'NONE',  ( 5.262818710037254100, 39.83335412408865750, 7.444206861401100106 ) ) ;
#3319 = DIRECTION ( 'NONE',  ( -0.7071067811865474617, 0.000000000000000000, -0.7071067811865474617 ) ) ;
#3320 = CARTESIAN_POINT ( 'NONE',  ( 4.449999999999999289, 45.00000000000000000, 4.450000000000001954 ) ) ;
#3321 = CARTESIAN_POINT ( 'NONE',  ( 9.070019801569770834, 39.74999999999998579, 1.541019402581343067 ) ) ;
#3322 = VERTEX_POINT ( 'NONE', #9520 ) ;
#3323 = ORIENTED_EDGE ( 'NONE', *, *, #5041, .F. ) ;
#3324 = EDGE_CURVE ( 'NONE', #1617, #681, #4769, .T. ) ;
#3325 = ORIENTED_EDGE ( 'NONE', *, *, #8548, .F. ) ;
#3326 = CARTESIAN_POINT ( 'NONE',  ( 11.05962746399328722, 6.698033914998700489, 7.548842491516098541 ) ) ;
#3327 = ORIENTED_EDGE ( 'NONE', *, *, #46, .T. ) ;
#3328 = CARTESIAN_POINT ( 'NONE',  ( 6.984412713692181640, 9.136469191532761158, 11.29605667300149996 ) ) ;
#3329 = DIRECTION ( 'NONE',  ( 1.000000000000000000, 0.000000000000000000, 1.949127501097536693E-16 ) ) ;
#3330 = EDGE_CURVE ( 'NONE', #4222, #6507, #7847, .T. ) ;
#3331 = ORIENTED_EDGE ( 'NONE', *, *, #9159, .T. ) ;
#3332 = VERTEX_POINT ( 'NONE', #7298 ) ;
#3333 = EDGE_CURVE ( 'NONE', #68, #2118, #5384, .T. ) ;
#3334 = CARTESIAN_POINT ( 'NONE',  ( 9.276337220950457763, 31.14803391499869889, 9.159664798168824618 ) ) ;
#3335 = DIRECTION ( 'NONE',  ( -1.239088197126291063E-16, -0.000000000000000000, -1.000000000000000000 ) ) ;
#3336 = CARTESIAN_POINT ( 'NONE',  ( 11.07365230096538511, 29.42303400285405957, 6.714338798836422484 ) ) ;
#3337 = CARTESIAN_POINT ( 'NONE',  ( -9.499999999999984013, 37.39999999999999858, -1.500000000000099476 ) ) ;
#3338 = CARTESIAN_POINT ( 'NONE',  ( -8.818141051064207758, 39.15591825482287192, -1.530649667146668280 ) ) ;
#3339 = CARTESIAN_POINT ( 'NONE',  ( 9.937284714894882853, 11.85872619347008161, 8.797740762728185615 ) ) ;
#3340 = EDGE_CURVE ( 'NONE', #3762, #1331, #5845, .T. ) ;
#3341 = CARTESIAN_POINT ( 'NONE',  ( 0.000000000000000000, 42.98105607088802316, 10.14870513846345368 ) ) ;
#3342 = CARTESIAN_POINT ( 'NONE',  ( 7.980627037383241529, 6.773033914998689120, 10.49439184061544594 ) ) ;
#3343 = EDGE_LOOP ( 'NONE', ( #8456, #1007, #1661, #8107 ) ) ;
#3344 = ORIENTED_EDGE ( 'NONE', *, *, #2514, .F. ) ;
#3345 = CARTESIAN_POINT ( 'NONE',  ( -7.299750650367162308, 37.39999999999999858, -5.178430306807672245 ) ) ;
#3346 = B_SPLINE_SURFACE_WITH_KNOTS ( 'NONE', 3, 1, ( 
 ( #4291, #8141 ),
 ( #9671, #7257 ),
 ( #1445, #3601 ),
 ( #6582, #7361 ) ),
 .UNSPECIFIED., .F., .F., .F.,
 ( 4, 4 ),
 ( 2, 2 ),
 ( 0.000000000000000000, 1.000000000000000000 ),
 ( 0.000000000000000000, 1.000000000000000000 ),
 .UNSPECIFIED. ) ;
#3347 = CARTESIAN_POINT ( 'NONE',  ( -4.397905546699920620, 1.243474522621348610, 11.15000000000000391 ) ) ;
#3348 = CARTESIAN_POINT ( 'NONE',  ( 8.421588461260750336, 11.92502633256554923, 10.57836474810754268 ) ) ;
#3349 = DIRECTION ( 'NONE',  ( 0.7071067811865474617, 0.000000000000000000, 0.7071067811865474617 ) ) ;
#3350 = CARTESIAN_POINT ( 'NONE',  ( 0.000000000000000000, 37.39999999999999858, 0.000000000000000000 ) ) ;
#3351 = DIRECTION ( 'NONE',  ( 2.533865751426797602E-15, -0.000000000000000000, 1.000000000000000000 ) ) ;
#3352 = CARTESIAN_POINT ( 'NONE',  ( 8.254424306647102583, 28.02803391499776708, 10.32667527967385190 ) ) ;
#3353 = CARTESIAN_POINT ( 'NONE',  ( 9.632639618515307589, 23.42303400285405246, 9.155342345100462964 ) ) ;
#3354 = ADVANCED_FACE ( 'NONE', ( #4926 ), #6790, .F. ) ;
#3355 = ADVANCED_FACE ( 'NONE', ( #7158 ), #2131, .T. ) ;
#3356 = ORIENTED_EDGE ( 'NONE', *, *, #6568, .T. ) ;
#3357 = ORIENTED_EDGE ( 'NONE', *, *, #1956, .F. ) ;
#3358 = DIRECTION ( 'NONE',  ( -0.000000000000000000, 1.000000000000000000, -0.000000000000000000 ) ) ;
#3359 = DIRECTION ( 'NONE',  ( 0.000000000000000000, 0.000000000000000000, 1.000000000000000000 ) ) ;
#3360 = EDGE_LOOP ( 'NONE', ( #4165, #4349, #3943, #4393 ) ) ;
#3361 = LINE ( 'NONE', #6798, #7797 ) ;
#3362 = CARTESIAN_POINT ( 'NONE',  ( 10.64473476376227090, 11.84077456202906653, 8.312731358608914434 ) ) ;
#3363 = CARTESIAN_POINT ( 'NONE',  ( 8.288811498839145031, 10.73303391499868553, 10.67529708145779033 ) ) ;
#3364 = EDGE_CURVE ( 'NONE', #3322, #5520, #5440, .T. ) ;
#3365 = FACE_OUTER_BOUND ( 'NONE', #8618, .T. ) ;
#3366 = CARTESIAN_POINT ( 'NONE',  ( 9.043014764318387577, 42.19303391499871481, 9.732444072089480258 ) ) ;
#3367 = ORIENTED_EDGE ( 'NONE', *, *, #6762, .T. ) ;
#3368 = VERTEX_POINT ( 'NONE', #1980 ) ;
#3369 = DIRECTION ( 'NONE',  ( 0.000000000000000000, -1.000000000000000000, 0.000000000000000000 ) ) ;
#3370 = ORIENTED_EDGE ( 'NONE', *, *, #3888, .F. ) ;
#3371 = CARTESIAN_POINT ( 'NONE',  ( -11.21235136329258353, 23.42303400285405601, -11.68964863670742815 ) ) ;
#3372 = ADVANCED_FACE ( 'NONE', ( #2758 ), #4835, .T. ) ;
#3373 = CARTESIAN_POINT ( 'NONE',  ( 10.17765751787897166, 11.19803391499871204, 8.469994837427506695 ) ) ;
#3374 = EDGE_LOOP ( 'NONE', ( #2824, #6437, #2357, #9546 ) ) ;
#3375 = ORIENTED_EDGE ( 'NONE', *, *, #517, .F. ) ;
#3376 = CARTESIAN_POINT ( 'NONE',  ( 0.000000000000000000, 39.99999999999999289, 0.000000000000000000 ) ) ;
#3377 = EDGE_CURVE ( 'NONE', #1250, #5832, #836, .T. ) ;
#3378 = CARTESIAN_POINT ( 'NONE',  ( 7.249132938130997239, 39.40303391499872987, 10.86598432001437153 ) ) ;
#3379 = CARTESIAN_POINT ( 'NONE',  ( 8.112490369793968981, 37.39999999999999858, 1.500000000000028422 ) ) ;
#3380 = CARTESIAN_POINT ( 'NONE',  ( 10.58466821954749015, 36.11303391499870941, 7.731492553573936277 ) ) ;
#3381 = CARTESIAN_POINT ( 'NONE',  ( 8.408198517020252893, 36.86024171973006247, 10.22514517233915221 ) ) ;
#3382 = CARTESIAN_POINT ( 'NONE',  ( 10.18735822573501437, 17.24242946266523546, 8.966436015874746701 ) ) ;
#3383 = FACE_OUTER_BOUND ( 'NONE', #6052, .T. ) ;
#3384 = DIRECTION ( 'NONE',  ( 0.7071067811865474617, 0.000000000000000000, 0.7071067811865474617 ) ) ;
#3385 = EDGE_LOOP ( 'NONE', ( #4219, #8340, #5767, #2439, #8565, #2755, #7937, #4420, #3127, #5831, #8949, #3137, #433, #1540 ) ) ;
#3386 = EDGE_LOOP ( 'NONE', ( #67, #9338, #1436, #1493 ) ) ;
#3387 = ORIENTED_EDGE ( 'NONE', *, *, #6212, .F. ) ;
#3388 = DIRECTION ( 'NONE',  ( 1.000000000000000000, 0.000000000000000000, 0.000000000000000000 ) ) ;
#3389 = EDGE_CURVE ( 'NONE', #7338, #1058, #9470, .T. ) ;
#3390 = CARTESIAN_POINT ( 'NONE',  ( 11.11949769050476000, 33.80303391499872134, 7.417793887107343664 ) ) ;
#3391 = CARTESIAN_POINT ( 'NONE',  ( 0.1974902860311681940, 5.522265681838460338, 10.04988341609710822 ) ) ;
#3392 = DIRECTION ( 'NONE',  ( 0.9848077530122072432, 0.1736481776669349664, 1.919515874690163572E-16 ) ) ;
#3393 = CIRCLE ( 'NONE', #6829, 0.2999999999999998779 ) ;
#3394 = CARTESIAN_POINT ( 'NONE',  ( 7.683249498428095237, 16.13303391499868766, 11.17282165969777985 ) ) ;
#3395 = CARTESIAN_POINT ( 'NONE',  ( 6.978239520531184681, 12.53958468866088438, 10.97774644906371933 ) ) ;
#3396 = CARTESIAN_POINT ( 'NONE',  ( 7.481889806102318019, 27.56303391499869448, 10.75932993301610274 ) ) ;
#3397 = B_SPLINE_CURVE_WITH_KNOTS ( 'NONE', 3,
 ( #1938, #7901, #8492, #9334 ),
 .UNSPECIFIED., .F., .F.,
 ( 4, 4 ),
 ( 1.999999999988125302E-07, 0.005865200087855366312 ),
 .UNSPECIFIED. ) ;
#3398 = DIRECTION ( 'NONE',  ( 0.000000000000000000, -1.000000000000000000, 0.000000000000000000 ) ) ;
#3399 = ORIENTED_EDGE ( 'NONE', *, *, #199, .F. ) ;
#3400 = CIRCLE ( 'NONE', #9189, 7.000000000000000000 ) ;
#3401 = ORIENTED_EDGE ( 'NONE', *, *, #7959, .T. ) ;
#3402 = CARTESIAN_POINT ( 'NONE',  ( 7.665890955519402361, 36.09803391499868042, 10.66755943777046944 ) ) ;
#3403 = ADVANCED_FACE ( 'NONE', ( #5798 ), #8783, .T. ) ;
#3404 = CARTESIAN_POINT ( 'NONE',  ( 1.531049528849122376, 39.17882631641936797, 8.949905002693164136 ) ) ;
#3405 = CARTESIAN_POINT ( 'NONE',  ( 10.84306320632427223, 7.058033914998710578, 6.950440572006359119 ) ) ;
#3406 = ADVANCED_FACE ( 'NONE', ( #1583 ), #7448, .T. ) ;
#3407 = FACE_OUTER_BOUND ( 'NONE', #1568, .T. ) ;
#3408 = CARTESIAN_POINT ( 'NONE',  ( -11.15000000000000213, 40.71038225242285336, -4.449999999999996625 ) ) ;
#3409 = CARTESIAN_POINT ( 'NONE',  ( 9.845005507059754635, 26.75340090402230331, 9.367737459253763888 ) ) ;
#3410 = CARTESIAN_POINT ( 'NONE',  ( 4.449999999999998401, 6.649999999999999467, -4.449999999999998401 ) ) ;
#3411 = CARTESIAN_POINT ( 'NONE',  ( 11.25660354764076310, 17.34803391499870173, 7.088209268660143891 ) ) ;
#3412 =( BOUNDED_CURVE ( )  B_SPLINE_CURVE ( 3, ( #1448, #9527, #4447, #2819 ),
 .UNSPECIFIED., .F., .T. ) 
 B_SPLINE_CURVE_WITH_KNOTS ( ( 4, 4 ),
 ( 1.402500893643991775, 1.403559262272814800 ),
 .UNSPECIFIED. ) 
 CURVE ( )  GEOMETRIC_REPRESENTATION_ITEM ( )  RATIONAL_B_SPLINE_CURVE ( ( 1.000000000000000000, 0.9999999066546558790, 0.9999999066546558790, 1.000000000000000000 ) ) 
 REPRESENTATION_ITEM ( '' )  );
#3413 = VECTOR ( 'NONE', #3201, 1000.000000000000114 ) ;
#3414 = ORIENTED_EDGE ( 'NONE', *, *, #180, .F. ) ;
#3415 = VERTEX_POINT ( 'NONE', #7353 ) ;
#3416 = CARTESIAN_POINT ( 'NONE',  ( -11.45000000000000462, 1.364405976221418142E-14, -4.449999999999985967 ) ) ;
#3417 = CARTESIAN_POINT ( 'NONE',  ( 10.73387048422343604, 6.036192539123249823, 8.170032800636304771 ) ) ;
#3418 = VERTEX_POINT ( 'NONE', #12 ) ;
#3419 = EDGE_CURVE ( 'NONE', #6646, #5359, #1213, .T. ) ;
#3420 = PRODUCT_RELATED_PRODUCT_CATEGORY ( 'part', '', ( #4988 ) ) ;
#3421 = CARTESIAN_POINT ( 'NONE',  ( 9.221643766098233996, 16.70303400285405715, 9.571661426671621342 ) ) ;
#3422 = VECTOR ( 'NONE', #7478, 1000.000000000000114 ) ;
#3423 = CARTESIAN_POINT ( 'NONE',  ( 10.86598420087329586, 8.738033914998714735, 7.249133211218135919 ) ) ;
#3424 = ORIENTED_EDGE ( 'NONE', *, *, #155, .F. ) ;
#3425 = B_SPLINE_SURFACE_WITH_KNOTS ( 'NONE', 3, 1, ( 
 ( #6758, #5282 ),
 ( #4472, #2992 ),
 ( #3135, #2401 ),
 ( #5190, #918 ) ),
 .UNSPECIFIED., .F., .F., .F.,
 ( 4, 4 ),
 ( 2, 2 ),
 ( 0.000000000000000000, 1.000000000000000000 ),
 ( 0.000000000000000000, 1.000000000000000000 ),
 .UNSPECIFIED. ) ;
#3426 = EDGE_LOOP ( 'NONE', ( #7507, #7878, #2674, #3807 ) ) ;
#3427 = FACE_OUTER_BOUND ( 'NONE', #5025, .T. ) ;
#3428 = EDGE_CURVE ( 'NONE', #259, #6175, #6318, .T. ) ;
#3429 = VECTOR ( 'NONE', #8712, 1000.000000000000114 ) ;
#3430 = CONICAL_SURFACE ( 'NONE', #2637, 10.10000000000000142, 0.008726646259971666819 ) ;
#3431 = CARTESIAN_POINT ( 'NONE',  ( 7.564107842252751013, 11.70106661396458669, 10.72027273519464963 ) ) ;
#3432 = CARTESIAN_POINT ( 'NONE',  ( 8.862062636215535250, 39.16355273450151486, -1.530782927485028422 ) ) ;
#3433 = CARTESIAN_POINT ( 'NONE',  ( -11.44999999999999751, 0.3575260777782766075, 8.550505063388335714 ) ) ;
#3434 = DIRECTION ( 'NONE',  ( 2.430759722670705684E-15, 0.000000000000000000, -1.000000000000000000 ) ) ;
#3435 = CARTESIAN_POINT ( 'NONE',  ( 10.26342151277662218, 30.68181093800928849, 8.871669729188328191 ) ) ;
#3436 = CARTESIAN_POINT ( 'NONE',  ( 7.874946665946609414, 28.38803391499868667, 11.17359999629599088 ) ) ;
#3437 = CARTESIAN_POINT ( 'NONE',  ( 10.81463946968518997, 16.65803391499870401, 8.025103414018333936 ) ) ;
#3438 = ORIENTED_EDGE ( 'NONE', *, *, #8122, .F. ) ;
#3439 = VECTOR ( 'NONE', #7441, 1000.000000000000114 ) ;
#3440 = VECTOR ( 'NONE', #866, 1000.000000000000114 ) ;
#3441 = ORIENTED_EDGE ( 'NONE', *, *, #462, .F. ) ;
#3442 = ORIENTED_EDGE ( 'NONE', *, *, #3536, .T. ) ;
#3443 = EDGE_CURVE ( 'NONE', #5227, #3368, #6938, .T. ) ;
#3444 = CARTESIAN_POINT ( 'NONE',  ( 10.75949150207295801, 35.75799686753633466, 8.124611729943195471 ) ) ;
#3445 = DIRECTION ( 'NONE',  ( -1.000000000000000000, 0.000000000000000000, 0.000000000000000000 ) ) ;
#3446 = CARTESIAN_POINT ( 'NONE',  ( 10.89790946228836432, 17.07803391499870926, 7.217418862326449691 ) ) ;
#3447 = CARTESIAN_POINT ( 'NONE',  ( 7.217277684798286685, 15.08303391499868340, 10.87655547355273633 ) ) ;
#3448 = CARTESIAN_POINT ( 'NONE',  ( 11.31442065067651548, 45.00000000000004263, 6.933893945112351354 ) ) ;
#3449 = B_SPLINE_CURVE_WITH_KNOTS ( 'NONE', 3,
 ( #5771, #4990, #376, #8654, #8702, #8013 ),
 .UNSPECIFIED., .F., .F.,
 ( 4, 2, 4 ),
 ( 0.000000000000000000, 0.0003556375649476111096, 0.0007112751298952222192 ),
 .UNSPECIFIED. ) ;
#3450 = CARTESIAN_POINT ( 'NONE',  ( 10.03158243881013867, 5.617025549470266554, 8.681200530985268671 ) ) ;
#3451 = ORIENTED_EDGE ( 'NONE', *, *, #9222, .F. ) ;
#3452 = ORIENTED_EDGE ( 'NONE', *, *, #2872, .T. ) ;
#3453 = CARTESIAN_POINT ( 'NONE',  ( -11.09790554669991991, 0.06208375187460272310, 4.450000000000001954 ) ) ;
#3454 = DIRECTION ( 'NONE',  ( 0.7071067811865475727, 3.822845374928732166E-15, -0.7071067811865475727 ) ) ;
#3455 = VERTEX_POINT ( 'NONE', #5299 ) ;
#3456 = FACE_OUTER_BOUND ( 'NONE', #6837, .T. ) ;
#3457 = CARTESIAN_POINT ( 'NONE',  ( 10.72371226277464906, 10.68803391499870870, 8.188734648334920152 ) ) ;
#3458 = PLANE ( 'NONE',  #4378 ) ;
#3459 = DIRECTION ( 'NONE',  ( 0.000000000000000000, -1.000000000000000000, 0.000000000000000000 ) ) ;
#3460 = DIRECTION ( 'NONE',  ( 0.000000000000000000, -1.000000000000000000, 0.000000000000000000 ) ) ;
#3461 = EDGE_CURVE ( 'NONE', #7966, #8082, #2477, .T. ) ;
#3462 = LINE ( 'NONE', #9193, #1869 ) ;
#3463 = EDGE_LOOP ( 'NONE', ( #5075, #8699, #9000, #892 ) ) ;
#3464 = VERTEX_POINT ( 'NONE', #3103 ) ;
#3465 = VECTOR ( 'NONE', #8723, 1000.000000000000114 ) ;
#3466 = CARTESIAN_POINT ( 'NONE',  ( 4.450000000000002842, 5.500000000000000000, 10.05000000000000071 ) ) ;
#3467 = CARTESIAN_POINT ( 'NONE',  ( 4.449999999999999289, 5.500000000000000000, 4.450000000000001954 ) ) ;
#3468 = ORIENTED_EDGE ( 'NONE', *, *, #342, .T. ) ;
#3469 = CARTESIAN_POINT ( 'NONE',  ( 8.742445457353191784, 42.68303391499868837, 9.919778444142997031 ) ) ;
#3470 = CARTESIAN_POINT ( 'NONE',  ( -4.450000000000001066, 5.500000000000000000, -10.04999999999999893 ) ) ;
#3471 = EDGE_CURVE ( 'NONE', #4174, #3199, #7480, .T. ) ;
#3472 = VERTEX_POINT ( 'NONE', #1533 ) ;
#3473 = EDGE_CURVE ( 'NONE', #8385, #6361, #9, .T. ) ;
#3474 = ORIENTED_EDGE ( 'NONE', *, *, #9429, .F. ) ;
#3475 = CARTESIAN_POINT ( 'NONE',  ( 11.44999999999999751, 45.00000000000000000, -4.449999999999999289 ) ) ;
#3476 = CIRCLE ( 'NONE', #5971, 9.199999999999992184 ) ;
#3477 = CARTESIAN_POINT ( 'NONE',  ( -20.23513534280041171, 39.41305575166477126, 10.11756767140020230 ) ) ;
#3478 = B_SPLINE_CURVE_WITH_KNOTS ( 'NONE', 3,
 ( #3482, #2694, #4267, #7232 ),
 .UNSPECIFIED., .F., .F.,
 ( 4, 4 ),
 ( 0.002351664380968454537, 0.002708404001166483336 ),
 .UNSPECIFIED. ) ;
#3479 = CARTESIAN_POINT ( 'NONE',  ( -11.21235136329259241, 25.70303400285404294, -11.68964863670741927 ) ) ;
#3480 = CARTESIAN_POINT ( 'NONE',  ( 4.450000000000002842, 5.500000000000000000, 10.05000000000000071 ) ) ;
#3481 = CARTESIAN_POINT ( 'NONE',  ( 11.28959114817101650, 7.989534284553850618, 7.003457453904078811 ) ) ;
#3482 = CARTESIAN_POINT ( 'NONE',  ( -5.323807237680874493, 39.74999999999998579, -7.503137776691605865 ) ) ;
#3483 = CARTESIAN_POINT ( 'NONE',  ( 4.449999999999999289, 43.46108315147498757, 11.45000000000000107 ) ) ;
#3484 = CARTESIAN_POINT ( 'NONE',  ( 7.511889865079816708, 15.27535398901745367, 11.07696798476907496 ) ) ;
#3485 = ORIENTED_EDGE ( 'NONE', *, *, #7173, .F. ) ;
#3486 = ADVANCED_FACE ( 'NONE', ( #649 ), #7500, .T. ) ;
#3487 = B_SPLINE_SURFACE_WITH_KNOTS ( 'NONE', 3, 1, ( 
 ( #2616, #7749 ),
 ( #3405, #1934 ),
 ( #5603, #6376 ),
 ( #9379, #2710 ) ),
 .UNSPECIFIED., .F., .F., .F.,
 ( 4, 4 ),
 ( 2, 2 ),
 ( 0.000000000000000000, 1.000000000000000000 ),
 ( 0.000000000000000000, 1.000000000000000000 ),
 .UNSPECIFIED. ) ;
#3488 = ORIENTED_EDGE ( 'NONE', *, *, #354, .F. ) ;
#3489 = ORIENTED_EDGE ( 'NONE', *, *, #6293, .F. ) ;
#3490 = FACE_OUTER_BOUND ( 'NONE', #4003, .T. ) ;
#3491 = LINE ( 'NONE', #6563, #752 ) ;
#3492 = CARTESIAN_POINT ( 'NONE',  ( 8.354531024228226244, 16.66449309309161109, 10.62096202852813853 ) ) ;
#3493 = CARTESIAN_POINT ( 'NONE',  ( 9.389991049442665272, 6.099540211732476180, 9.827088204920896075 ) ) ;
#3494 = FACE_BOUND ( 'NONE', #9468, .T. ) ;
#3495 = DIRECTION ( 'NONE',  ( 1.239088197126291063E-16, -0.000000000000000000, 1.000000000000000000 ) ) ;
#3496 = VERTEX_POINT ( 'NONE', #6030 ) ;
#3497 = ADVANCED_FACE ( 'NONE', ( #3645, #9024 ), #6672, .F. ) ;
#3498 = VERTEX_POINT ( 'NONE', #6624 ) ;
#3499 = DIRECTION ( 'NONE',  ( 0.000000000000000000, -1.000000000000000000, 0.000000000000000000 ) ) ;
#3500 = DIRECTION ( 'NONE',  ( -0.000000000000000000, 1.000000000000000000, -0.000000000000000000 ) ) ;
#3501 = CARTESIAN_POINT ( 'NONE',  ( -10.03821891988717674, 7.750000000000000000, 4.450000000000007283 ) ) ;
#3502 = CARTESIAN_POINT ( 'NONE',  ( 7.888946265883690856, 35.78303391499868980, 10.25421864506685665 ) ) ;
#3503 = CARTESIAN_POINT ( 'NONE',  ( 4.450000000000003730, 7.749999999999998224, -10.03821891988715187 ) ) ;
#3504 = CARTESIAN_POINT ( 'NONE',  ( -10.05000000000000071, 5.500000000000000000, 4.450000000000003730 ) ) ;
#3505 = FACE_OUTER_BOUND ( 'NONE', #2983, .T. ) ;
#3506 = PRODUCT_DEFINITION_SHAPE ( 'NONE', 'NONE',  #533 ) ;
#3507 = EDGE_CURVE ( 'NONE', #2820, #5520, #9262, .T. ) ;
#3508 = CARTESIAN_POINT ( 'NONE',  ( 5.366463061005875446, 3.262898548544935995, 11.44999999999999929 ) ) ;
#3509 = AXIS2_PLACEMENT_3D ( 'NONE', #949, #4042, #6191 ) ;
#3510 = VERTEX_POINT ( 'NONE', #6128 ) ;
#3511 = ORIENTED_EDGE ( 'NONE', *, *, #5972, .F. ) ;
#3512 = CARTESIAN_POINT ( 'NONE',  ( -10.56650471977562411, 0.5066336735003440506, -7.975332859467915370 ) ) ;
#3513 = CARTESIAN_POINT ( 'NONE',  ( 11.07284231925533291, 35.80074362651647846, 7.521170160893460910 ) ) ;
#3514 = ORIENTED_EDGE ( 'NONE', *, *, #3957, .T. ) ;
#3515 = CARTESIAN_POINT ( 'NONE',  ( 7.665890955519402361, 36.09803391499868042, 10.66755943777046944 ) ) ;
#3516 = CARTESIAN_POINT ( 'NONE',  ( 10.44464500660101969, 6.402753422400825123, 8.618174882355328137 ) ) ;
#3517 = CARTESIAN_POINT ( 'NONE',  ( 6.759033533881958711, 27.30803391499869193, 11.05470742570437004 ) ) ;
#3518 = ORIENTED_EDGE ( 'NONE', *, *, #8738, .F. ) ;
#3519 = B_SPLINE_CURVE_WITH_KNOTS ( 'NONE', 3,
 ( #3967, #3139, #6949, #189, #6209, #1814, #6117, #9117, #2407, #7770 ),
 .UNSPECIFIED., .F., .F.,
 ( 4, 2, 2, 2, 4 ),
 ( 0.000000000000000000, 0.0007303993339596275957, 0.001460798667919255191, 0.002191198001878882570, 0.002921597335838508648 ),
 .UNSPECIFIED. ) ;
#3520 = ORIENTED_EDGE ( 'NONE', *, *, #5321, .F. ) ;
#3521 = CARTESIAN_POINT ( 'NONE',  ( 9.905578512124181501, 31.14803391499869889, 9.322215613759420094 ) ) ;
#3522 = CARTESIAN_POINT ( 'NONE',  ( 1.243444366569312898E-15, 42.98105607088802316, -10.14870513846345368 ) ) ;
#3523 = EDGE_CURVE ( 'NONE', #3842, #6009, #4724, .T. ) ;
#3524 = EDGE_CURVE ( 'NONE', #1714, #4685, #251, .T. ) ;
#3525 = LINE ( 'NONE', #2639, #1257 ) ;
#3526 = CARTESIAN_POINT ( 'NONE',  ( -13.22760568967424888, 23.43803400285404237, -9.674394310325764579 ) ) ;
#3527 = CARTESIAN_POINT ( 'NONE',  ( 11.03459153931218317, 12.57986676737598231, 7.602464884592630590 ) ) ;
#3528 = CARTESIAN_POINT ( 'NONE',  ( 9.043014764318412446, 36.61303391499873783, 9.732444072089473153 ) ) ;
#3529 = CARTESIAN_POINT ( 'NONE',  ( 11.08439795911082548, 33.41172088804552942, 6.682658442338721194 ) ) ;
#3530 = CARTESIAN_POINT ( 'NONE',  ( 7.166056429154258112, 7.502529200534792331, 11.22671986013793877 ) ) ;
#3531 = ORIENTED_EDGE ( 'NONE', *, *, #4508, .F. ) ;
#3532 = VERTEX_POINT ( 'NONE', #3880 ) ;
#3533 = EDGE_LOOP ( 'NONE', ( #3065, #2163, #176, #3876 ) ) ;
#3534 = CARTESIAN_POINT ( 'NONE',  ( 11.44999999999999929, 44.64247392221869148, -5.366463060956055742 ) ) ;
#3535 = CARTESIAN_POINT ( 'NONE',  ( 4.502094453300067300, 2.812784650926729579, -11.45000000000000107 ) ) ;
#3536 = EDGE_CURVE ( 'NONE', #7508, #2964, #156, .T. ) ;
#3537 = DIRECTION ( 'NONE',  ( 0.1736481776669306920, -0.9848077530122079093, 0.000000000000000000 ) ) ;
#3538 = LINE ( 'NONE', #5150, #1166 ) ;
#3539 = DIRECTION ( 'NONE',  ( 0.000000000000000000, 1.000000000000000000, 0.000000000000000000 ) ) ;
#3540 = AXIS2_PLACEMENT_3D ( 'NONE', #3983, #1135, #7010 ) ;
#3541 = CARTESIAN_POINT ( 'NONE',  ( -8.949999999999993960, 39.99999999999999289, 0.000000000000000000 ) ) ;
#3542 = VERTEX_POINT ( 'NONE', #6223 ) ;
#3543 = EDGE_LOOP ( 'NONE', ( #9674, #7248, #8292, #4816 ) ) ;
#3544 = CARTESIAN_POINT ( 'NONE',  ( 6.782005479427869687, 34.20521417167306311, 11.05027416559393494 ) ) ;
#3545 = CARTESIAN_POINT ( 'NONE',  ( 8.357723359659431139, 6.773033914998689120, 10.87148816289163555 ) ) ;
#3546 = DIRECTION ( 'NONE',  ( -0.7071067811865486830, 0.000000000000000000, 0.7071067811865464625 ) ) ;
#3547 = EDGE_CURVE ( 'NONE', #5512, #80, #9131, .T. ) ;
#3548 = CARTESIAN_POINT ( 'NONE',  ( 1.531419116870791797, 39.19999999999998153, 9.071645687993031615 ) ) ;
#3549 = CARTESIAN_POINT ( 'NONE',  ( 8.900408234471415270, 39.91668805191901015, 1.543928953350347300 ) ) ;
#3550 = CARTESIAN_POINT ( 'NONE',  ( 9.254486682338004755, 11.85803391499869797, 9.540865124832604849 ) ) ;
#3551 = CARTESIAN_POINT ( 'NONE',  ( -4.450000000000001066, 1.538916848525021752, 11.45000000000000107 ) ) ;
#3552 = CARTESIAN_POINT ( 'NONE',  ( -8.949999999999993960, 39.99999999999999289, 0.000000000000000000 ) ) ;
#3553 = ORIENTED_EDGE ( 'NONE', *, *, #5917, .T. ) ;
#3554 = EDGE_LOOP ( 'NONE', ( #5742, #3028, #6125, #1966 ) ) ;
#3555 = DIRECTION ( 'NONE',  ( -3.898255002195072399E-16, -0.000000000000000000, -1.000000000000000000 ) ) ;
#3556 = DIRECTION ( 'NONE',  ( -0.000000000000000000, 1.000000000000000000, -0.000000000000000000 ) ) ;
#3557 = VERTEX_POINT ( 'NONE', #6177 ) ;
#3558 = EDGE_CURVE ( 'NONE', #3954, #619, #6319, .T. ) ;
#3559 = CARTESIAN_POINT ( 'NONE',  ( 7.793597804143741925, 35.97624793585080738, 10.60150598004972444 ) ) ;
#3560 = B_SPLINE_SURFACE_WITH_KNOTS ( 'NONE', 3, 1, ( 
 ( #853, #8393 ),
 ( #3264, #952 ),
 ( #4647, #4740 ),
 ( #9242, #3847 ) ),
 .UNSPECIFIED., .F., .F., .F.,
 ( 4, 4 ),
 ( 2, 2 ),
 ( 0.000000000000000000, 1.000000000000000000 ),
 ( 0.000000000000000000, 1.000000000000000000 ),
 .UNSPECIFIED. ) ;
#3561 = CARTESIAN_POINT ( 'NONE',  ( 1.500000000000000000, 37.39999999999999858, -9.500000000000000000 ) ) ;
#3562 = CARTESIAN_POINT ( 'NONE',  ( 7.978630351809744781, 6.035065962508031845, 10.49710698265262465 ) ) ;
#3563 = ORIENTED_EDGE ( 'NONE', *, *, #7097, .T. ) ;
#3564 =( BOUNDED_CURVE ( )  B_SPLINE_CURVE ( 3, ( #5342, #1671, #6715, #193 ),
 .UNSPECIFIED., .F., .T. ) 
 B_SPLINE_CURVE_WITH_KNOTS ( ( 4, 4 ),
 ( 1.923479356422017617, 1.928319870431008276 ),
 .UNSPECIFIED. ) 
 CURVE ( )  GEOMETRIC_REPRESENTATION_ITEM ( )  RATIONAL_B_SPLINE_CURVE ( ( 1.000000000000000000, 0.9999980474529639451, 0.9999980474529639451, 1.000000000000000000 ) ) 
 REPRESENTATION_ITEM ( '' )  );
#3565 = ORIENTED_EDGE ( 'NONE', *, *, #2350, .T. ) ;
#3566 = LINE ( 'NONE', #1179, #3209 ) ;
#3567 = ORIENTED_EDGE ( 'NONE', *, *, #5413, .T. ) ;
#3568 = CARTESIAN_POINT ( 'NONE',  ( 1.500000000000000000, 37.39999999999999858, 9.500000000000000000 ) ) ;
#3569 = VECTOR ( 'NONE', #7902, 1000.000000000000114 ) ;
#3570 = DIRECTION ( 'NONE',  ( 0.000000000000000000, 0.5303144222973288358, -0.8478010459438289903 ) ) ;
#3571 = CARTESIAN_POINT ( 'NONE',  ( 4.450000000000003730, 5.500000000000000000, -10.54999999999998650 ) ) ;
#3572 = CARTESIAN_POINT ( 'NONE',  ( 4.450000000000002842, 36.00000000000000000, 9.890300914026145307 ) ) ;
#3573 = CARTESIAN_POINT ( 'NONE',  ( 0.000000000000000000, 39.15591825482287192, 0.000000000000000000 ) ) ;
#3574 = DIRECTION ( 'NONE',  ( 0.000000000000000000, 0.000000000000000000, 1.000000000000000000 ) ) ;
#3575 = CARTESIAN_POINT ( 'NONE',  ( 6.964988860911260460, 8.708033914998678071, 11.30308915960476845 ) ) ;
#3576 = ORIENTED_EDGE ( 'NONE', *, *, #6531, .T. ) ;
#3577 = VERTEX_POINT ( 'NONE', #2420 ) ;
#3578 = EDGE_CURVE ( 'NONE', #1554, #4461, #4085, .T. ) ;
#3579 = CIRCLE ( 'NONE', #7318, 8.949999999999999289 ) ;
#3580 = ORIENTED_EDGE ( 'NONE', *, *, #1401, .T. ) ;
#3581 = CARTESIAN_POINT ( 'NONE',  ( 10.55360501172080312, 44.84194137819196158, -7.998395177869758399 ) ) ;
#3582 = CARTESIAN_POINT ( 'NONE',  ( 10.92063151868014081, 15.92303391499870457, 8.131095463013284785 ) ) ;
#3583 = CARTESIAN_POINT ( 'NONE',  ( 9.548657221862240974, 27.55364248088088885, 9.246485464554526246 ) ) ;
#3584 = DIRECTION ( 'NONE',  ( 0.000000000000000000, 0.000000000000000000, 1.000000000000000000 ) ) ;
#3585 = CARTESIAN_POINT ( 'NONE',  ( 7.956880552509348448, 41.93303391499870258, 10.85248301758246470 ) ) ;
#3586 = VECTOR ( 'NONE', #8681, 1000.000000000000114 ) ;
#3587 = AXIS2_PLACEMENT_3D ( 'NONE', #2473, #7109, #7693 ) ;
#3588 = PLANE ( 'NONE',  #8609 ) ;
#3589 = AXIS2_PLACEMENT_3D ( 'NONE', #5750, #4238, #8682 ) ;
#3590 = CIRCLE ( 'NONE', #9230, 9.199999999999992184 ) ;
#3591 = CARTESIAN_POINT ( 'NONE',  ( -9.281949850653319345, 28.92951752022803547, -13.62005014934669234 ) ) ;
#3592 = ORIENTED_EDGE ( 'NONE', *, *, #7767, .T. ) ;
#3593 = EDGE_CURVE ( 'NONE', #2286, #236, #3255, .T. ) ;
#3594 = EDGE_CURVE ( 'NONE', #8546, #2698, #9225, .T. ) ;
#3595 = ORIENTED_EDGE ( 'NONE', *, *, #7906, .F. ) ;
#3596 = CARTESIAN_POINT ( 'NONE',  ( 7.503137776691511718, 39.74999999999998579, 5.323807237681005944 ) ) ;
#3597 = VECTOR ( 'NONE', #1774, 1000.000000000000000 ) ;
#3598 = FACE_OUTER_BOUND ( 'NONE', #5027, .T. ) ;
#3599 = CARTESIAN_POINT ( 'NONE',  ( -9.071105419317509799, 39.38334975541580008, -1.534619498756242484 ) ) ;
#3600 = CARTESIAN_POINT ( 'NONE',  ( 10.10130183876703747, 11.19803391499871204, 8.582947606919189454 ) ) ;
#3601 = CARTESIAN_POINT ( 'NONE',  ( 11.21055020467415808, 41.33303391499871537, 7.402780384098793576 ) ) ;
#3602 = AXIS2_PLACEMENT_3D ( 'NONE', #3142, #6262, #9166 ) ;
#3603 = CARTESIAN_POINT ( 'NONE',  ( 11.26810494433567023, 17.54213521294020595, 7.058535562151589282 ) ) ;
#3604 = ORIENTED_EDGE ( 'NONE', *, *, #6710, .T. ) ;
#3605 = EDGE_CURVE ( 'NONE', #385, #3418, #1681, .T. ) ;
#3606 = EDGE_LOOP ( 'NONE', ( #1756, #5370, #534, #2242 ) ) ;
#3607 = CARTESIAN_POINT ( 'NONE',  ( -10.55360501172094345, 0.1580586218056897752, -7.998395177878956375 ) ) ;
#3608 = FACE_OUTER_BOUND ( 'NONE', #5215, .T. ) ;
#3609 = ORIENTED_EDGE ( 'NONE', *, *, #8078, .T. ) ;
#3610 = VECTOR ( 'NONE', #2072, 999.9999999999998863 ) ;
#3611 = DIRECTION ( 'NONE',  ( 0.000000000000000000, 0.000000000000000000, -1.000000000000000000 ) ) ;
#3612 = DIRECTION ( 'NONE',  ( -8.673617379884036458E-16, 2.478176394252581732E-15, -1.000000000000000000 ) ) ;
#3613 = CARTESIAN_POINT ( 'NONE',  ( 7.196044404570223207, 26.54303391499870202, 11.49171829639262299 ) ) ;
#3614 = ORIENTED_EDGE ( 'NONE', *, *, #1092, .F. ) ;
#3615 = AXIS2_PLACEMENT_3D ( 'NONE', #8279, #8083, #9573 ) ;
#3616 = EDGE_CURVE ( 'NONE', #3926, #1601, #986, .T. ) ;
#3617 = VERTEX_POINT ( 'NONE', #3245 ) ;
#3618 = CARTESIAN_POINT ( 'NONE',  ( 11.02283803927345396, 9.700586978999229615, 6.858805116798798451 ) ) ;
#3619 = ORIENTED_EDGE ( 'NONE', *, *, #7300, .F. ) ;
#3620 = VECTOR ( 'NONE', #2250, 1000.000000000000114 ) ;
#3621 = CARTESIAN_POINT ( 'NONE',  ( 8.826146398953188310, 36.61303391499873783, 9.515575706724249017 ) ) ;
#3622 = AXIS2_PLACEMENT_3D ( 'NONE', #8419, #1862, #7142 ) ;
#3623 = LINE ( 'NONE', #8953, #4878 ) ;
#3624 = LINE ( 'NONE', #2934, #8341 ) ;
#3625 = B_SPLINE_CURVE_WITH_KNOTS ( 'NONE', 3,
 ( #6321, #1877, #8773, #4226, #5007, #9508 ),
 .UNSPECIFIED., .F., .F.,
 ( 4, 2, 4 ),
 ( 0.000000000000000000, 0.0005157435987997909324, 0.001031487197599581865 ),
 .UNSPECIFIED. ) ;
#3626 = FACE_OUTER_BOUND ( 'NONE', #6250, .T. ) ;
#3627 =( BOUNDED_CURVE ( )  B_SPLINE_CURVE ( 3, ( #3023, #6000, #6592, #7371 ),
 .UNSPECIFIED., .F., .T. ) 
 B_SPLINE_CURVE_WITH_KNOTS ( ( 4, 4 ),
 ( 4.258777869336731747, 4.662010550081639337 ),
 .UNSPECIFIED. ) 
 CURVE ( )  GEOMETRIC_REPRESENTATION_ITEM ( )  RATIONAL_B_SPLINE_CURVE ( ( 1.000000000000000000, 0.9864961203211357610, 0.9864961203211357610, 1.000000000000000000 ) ) 
 REPRESENTATION_ITEM ( '' )  );
#3628 = CARTESIAN_POINT ( 'NONE',  ( 9.800554938641393932, 30.54803391499870457, 9.422086593423880885 ) ) ;
#3629 = CARTESIAN_POINT ( 'NONE',  ( 10.97722393580805011, 37.61303391499870941, 8.251327490448087332 ) ) ;
#3630 = CARTESIAN_POINT ( 'NONE',  ( 7.557565137946666844, 28.29435114923413863, 11.05723389132408840 ) ) ;
#3631 = ORIENTED_EDGE ( 'NONE', *, *, #1726, .F. ) ;
#3632 = ADVANCED_FACE ( 'NONE', ( #1734 ), #2560, .T. ) ;
#3633 = ORIENTED_EDGE ( 'NONE', *, *, #1610, .F. ) ;
#3634 = EDGE_LOOP ( 'NONE', ( #6546, #9388, #1344, #224 ) ) ;
#3635 = DIRECTION ( 'NONE',  ( 0.000000000000000000, -0.000000000000000000, 1.000000000000000000 ) ) ;
#3636 = CARTESIAN_POINT ( 'NONE',  ( 8.619557479399434285, 3.538804474497588171, -9.807767841800393072 ) ) ;
#3637 = DIRECTION ( 'NONE',  ( 0.7071067811865474617, 0.000000000000000000, 0.7071067811865474617 ) ) ;
#3638 = CARTESIAN_POINT ( 'NONE',  ( 8.811478409369962961, 27.89303391499870699, 9.925171785852906936 ) ) ;
#3639 = CARTESIAN_POINT ( 'NONE',  ( 9.735227043927849877, 11.96303391499870017, 8.897305704335844112 ) ) ;
#3640 = ADVANCED_FACE ( 'NONE', ( #6962 ), #8477, .T. ) ;
#3641 = FACE_OUTER_BOUND ( 'NONE', #6314, .T. ) ;
#3642 = CARTESIAN_POINT ( 'NONE',  ( 10.49999999999999467, 25.10000000000000497, 0.3000000000001101230 ) ) ;
#3643 = ORIENTED_EDGE ( 'NONE', *, *, #6555, .F. ) ;
#3644 = DIRECTION ( 'NONE',  ( 0.000000000000000000, 0.000000000000000000, -1.000000000000000000 ) ) ;
#3645 = FACE_OUTER_BOUND ( 'NONE', #9101, .T. ) ;
#3646 = CARTESIAN_POINT ( 'NONE',  ( 5.952236824577187058, 44.03059601862748451, -10.15786433482849027 ) ) ;
#3647 = CARTESIAN_POINT ( 'NONE',  ( 11.25066386930231843, 17.93303391499871680, 7.103482793757294189 ) ) ;
#3648 = LINE ( 'NONE', #1292, #6548 ) ;
#3649 = CARTESIAN_POINT ( 'NONE',  ( 7.510491810113679279, 12.56303391499868205, 10.74550553015618881 ) ) ;
#3650 = EDGE_CURVE ( 'NONE', #1226, #8058, #4258, .T. ) ;
#3651 = ADVANCED_FACE ( 'NONE', ( #6274 ), #1565, .T. ) ;
#3652 = LINE ( 'NONE', #6629, #9100 ) ;
#3653 = CARTESIAN_POINT ( 'NONE',  ( 9.287125187093920431, 23.43803400285404237, 9.509863627053755764 ) ) ;
#3654 = CARTESIAN_POINT ( 'NONE',  ( 5.201816385339085969, 39.91668805191901015, -7.385261650507577436 ) ) ;
#3655 = ORIENTED_EDGE ( 'NONE', *, *, #5559, .T. ) ;
#3656 = VERTEX_POINT ( 'NONE', #7195 ) ;
#3657 = CARTESIAN_POINT ( 'NONE',  ( 7.980627037383241529, 6.773033914998689120, 10.49439184061544594 ) ) ;
#3658 = CARTESIAN_POINT ( 'NONE',  ( 8.551715753972708001, 28.02803391499868724, 10.49272406444391414 ) ) ;
#3659 = ORIENTED_EDGE ( 'NONE', *, *, #3389, .F. ) ;
#3660 = CARTESIAN_POINT ( 'NONE',  ( 10.88518787153700274, 13.70303391499870571, 7.204697271575077444 ) ) ;
#3661 = ADVANCED_FACE ( 'NONE', ( #5642, #4134 ), #439, .T. ) ;
#3662 = DIRECTION ( 'NONE',  ( -1.782250146551514365E-15, 1.425800117241211610E-15, -1.000000000000000000 ) ) ;
#3663 = CARTESIAN_POINT ( 'NONE',  ( -10.05000000000000071, 5.500000000000000000, 4.450000000000003730 ) ) ;
#3664 = DIRECTION ( 'NONE',  ( 0.000000000000000000, 0.000000000000000000, -1.000000000000000000 ) ) ;
#3665 = ORIENTED_EDGE ( 'NONE', *, *, #7113, .T. ) ;
#3666 = EDGE_LOOP ( 'NONE', ( #5011, #4652, #3855, #8210 ) ) ;
#3667 =( BOUNDED_CURVE ( )  B_SPLINE_CURVE ( 3, ( #7279, #627, #9602, #6501 ),
 .UNSPECIFIED., .F., .T. ) 
 B_SPLINE_CURVE_WITH_KNOTS ( ( 4, 4 ),
 ( 1.402500893643991775, 1.403559262272814800 ),
 .UNSPECIFIED. ) 
 CURVE ( )  GEOMETRIC_REPRESENTATION_ITEM ( )  RATIONAL_B_SPLINE_CURVE ( ( 1.000000000000000000, 0.9999999066546558790, 0.9999999066546558790, 1.000000000000000000 ) ) 
 REPRESENTATION_ITEM ( '' )  );
#3668 = LINE ( 'NONE', #6648, #6478 ) ;
#3669 = ORIENTED_EDGE ( 'NONE', *, *, #7059, .F. ) ;
#3670 = CARTESIAN_POINT ( 'NONE',  ( 4.450000000000002842, 5.500000000000000000, 10.05000000000000071 ) ) ;
#3671 = ADVANCED_FACE ( 'NONE', ( #3490 ), #9563, .T. ) ;
#3672 = CARTESIAN_POINT ( 'NONE',  ( 4.450000000000003730, 5.500000000000000000, -10.54999999999998650 ) ) ;
#3673 = DIRECTION ( 'NONE',  ( -0.000000000000000000, 1.000000000000000000, -0.000000000000000000 ) ) ;
#3674 = CARTESIAN_POINT ( 'NONE',  ( 9.890300914026132872, 36.00000000000000000, -0.3570727881020271388 ) ) ;
#3676 = AXIS2_PLACEMENT_3D ( 'NONE', #5530, #3964, #8314 ) ;
#3675 = CARTESIAN_POINT ( 'NONE',  ( 11.44999999999999751, 44.64247392222173261, -4.449999999999999289 ) ) ;
#3677 = CARTESIAN_POINT ( 'NONE',  ( -5.153034575406771900, 39.15591825482287192, 7.317700093927212990 ) ) ;
#3678 = CARTESIAN_POINT ( 'NONE',  ( 9.024909518535555009, 27.89303391499870699, 10.13860289501850076 ) ) ;
#3679 = ORIENTED_EDGE ( 'NONE', *, *, #311, .F. ) ;
#3680 = VERTEX_POINT ( 'NONE', #4177 ) ;
#3681 = LINE ( 'NONE', #9653, #8260 ) ;
#3682 = EDGE_CURVE ( 'NONE', #236, #2044, #1874, .T. ) ;
#3683 = CARTESIAN_POINT ( 'NONE',  ( 7.553193042130119217, 36.92303391499869036, 10.72456715186596199 ) ) ;
#3684 = DIRECTION ( 'NONE',  ( 1.000000000000000000, 0.000000000000000000, 3.305618109274189794E-15 ) ) ;
#3685 = EDGE_CURVE ( 'NONE', #6173, #7532, #806, .T. ) ;
#3686 = CARTESIAN_POINT ( 'NONE',  ( -4.502094453300080623, 42.18721534907326998, 11.15000000000000213 ) ) ;
#3687 = FACE_BOUND ( 'NONE', #5482, .T. ) ;
#3688 = CARTESIAN_POINT ( 'NONE',  ( -4.450000000000001066, 5.500000000000000000, -10.04999999999999893 ) ) ;
#3689 = CARTESIAN_POINT ( 'NONE',  ( -1.500000000000000000, 37.39999999999999858, 9.500000000000000000 ) ) ;
#3690 = DIRECTION ( 'NONE',  ( 0.000000000000000000, 0.000000000000000000, 1.000000000000000000 ) ) ;
#3691 = VERTEX_POINT ( 'NONE', #2748 ) ;
#3692 = EDGE_CURVE ( 'NONE', #3464, #4320, #817, .T. ) ;
#3693 = LINE ( 'NONE', #7499, #5021 ) ;
#3694 = CARTESIAN_POINT ( 'NONE',  ( 7.755979449558281225, 37.92472842448383830, 10.96102244206047338 ) ) ;
#3695 = DIRECTION ( 'NONE',  ( 0.000000000000000000, 0.000000000000000000, 1.000000000000000000 ) ) ;
#3696 = LINE ( 'NONE', #106, #4120 ) ;
#3697 = CARTESIAN_POINT ( 'NONE',  ( -7.499380008968970834, 39.38334975541599192, -5.329100300745977847 ) ) ;
#3698 = CARTESIAN_POINT ( 'NONE',  ( 6.964988860911145885, 39.30803391499870258, 11.30308915960481109 ) ) ;
#3699 = CYLINDRICAL_SURFACE ( 'NONE', #8460, 0.2999999999999999334 ) ;
#3700 = ORIENTED_EDGE ( 'NONE', *, *, #7014, .F. ) ;
#3701 = ORIENTED_EDGE ( 'NONE', *, *, #1105, .F. ) ;
#3702 = VERTEX_POINT ( 'NONE', #7886 ) ;
#3703 = EDGE_CURVE ( 'NONE', #4659, #198, #2582, .T. ) ;
#3704 = EDGE_CURVE ( 'NONE', #8325, #8202, #2826, .T. ) ;
#3705 = CARTESIAN_POINT ( 'NONE',  ( -8.550505063388335714, 0.8468741574839827591, -11.44999999999999751 ) ) ;
#3706 = CARTESIAN_POINT ( 'NONE',  ( 11.04286953490848511, 10.76404234765665535, 7.584500565534954220 ) ) ;
#3707 = VERTEX_POINT ( 'NONE', #7285 ) ;
#3708 = CARTESIAN_POINT ( 'NONE',  ( 10.86598420087329586, 8.738033914998714735, 7.249133211218135919 ) ) ;
#3709 = CARTESIAN_POINT ( 'NONE',  ( 11.44999999999999929, 44.64247392222173971, 4.450000000000001066 ) ) ;
#3710 = CARTESIAN_POINT ( 'NONE',  ( 9.142764023610091328, 5.495317381884618158, 9.646851432541883042 ) ) ;
#3711 = DIRECTION ( 'NONE',  ( -0.000000000000000000, -1.000000000000000000, -0.000000000000000000 ) ) ;
#3712 = EDGE_LOOP ( 'NONE', ( #8652, #4321, #3726, #3327 ) ) ;
#3713 = ORIENTED_EDGE ( 'NONE', *, *, #2693, .T. ) ;
#3714 = EDGE_CURVE ( 'NONE', #6359, #2213, #5737, .T. ) ;
#3715 = ADVANCED_FACE ( 'NONE', ( #8820 ), #4423, .T. ) ;
#3716 = LINE ( 'NONE', #6699, #9410 ) ;
#3717 = ORIENTED_EDGE ( 'NONE', *, *, #7736, .T. ) ;
#3718 = CARTESIAN_POINT ( 'NONE',  ( -5.161510209807318006, 38.57078715550551351, -7.311731656227672183 ) ) ;
#3719 = FACE_OUTER_BOUND ( 'NONE', #5638, .T. ) ;
#3720 = CARTESIAN_POINT ( 'NONE',  ( 7.956880552509348448, 41.93303391499870258, 10.85248301758246470 ) ) ;
#3721 = CARTESIAN_POINT ( 'NONE',  ( -9.586357836860891268, 7.197618960442568437, 0.000000000000000000 ) ) ;
#3722 = CARTESIAN_POINT ( 'NONE',  ( 8.550505063388332161, 3.800269667871432944, 11.45000000000000107 ) ) ;
#3723 = CARTESIAN_POINT ( 'NONE',  ( 10.89258739377215335, 31.90415489931964288, 7.189694606952322431 ) ) ;
#3724 = B_SPLINE_CURVE_WITH_KNOTS ( 'NONE', 3,
 ( #5937, #7252, #7354, #4486, #8187, #2759, #1440, #7449 ),
 .UNSPECIFIED., .F., .F.,
 ( 4, 2, 2, 4 ),
 ( 0.000000000000000000, 0.0004975747812220813592, 0.0009951495624441627184, 0.001990299124888333243 ),
 .UNSPECIFIED. ) ;
#3725 = CARTESIAN_POINT ( 'NONE',  ( 9.207318747488612232, 14.04861972329502962, 9.585593422373374750 ) ) ;
#3726 = ORIENTED_EDGE ( 'NONE', *, *, #3801, .T. ) ;
#3727 = ORIENTED_EDGE ( 'NONE', *, *, #7527, .T. ) ;
#3728 = EDGE_CURVE ( 'NONE', #8410, #5424, #1442, .T. ) ;
#3729 = DIRECTION ( 'NONE',  ( 0.000000000000000000, 0.000000000000000000, 1.000000000000000000 ) ) ;
#3730 = CARTESIAN_POINT ( 'NONE',  ( -12.93062103768994220, 37.67803391499873555, -9.971378962310069483 ) ) ;
#3731 = CARTESIAN_POINT ( 'NONE',  ( 0.000000000000000000, 39.15591825482287192, 0.000000000000000000 ) ) ;
#3732 = CARTESIAN_POINT ( 'NONE',  ( -4.502094453300080623, 42.18721534907326998, 11.45000000000000107 ) ) ;
#3733 = CARTESIAN_POINT ( 'NONE',  ( 10.04999999999999893, 5.500000000000000000, 4.450000000000001954 ) ) ;
#3734 = CYLINDRICAL_SURFACE ( 'NONE', #1088, 0.7136548544052906395 ) ;
#3735 = PLANE ( 'NONE',  #5810 ) ;
#3736 = CONICAL_SURFACE ( 'NONE', #9044, 8.249999999999998224, 0.008726646259971666819 ) ;
#3737 = EDGE_CURVE ( 'NONE', #2893, #8052, #5978, .T. ) ;
#3738 = VERTEX_POINT ( 'NONE', #2313 ) ;
#3739 = FACE_OUTER_BOUND ( 'NONE', #2248, .T. ) ;
#3740 = DIRECTION ( 'NONE',  ( 0.7071067811865390240, 0.000000000000000000, 0.7071067811865560104 ) ) ;
#3741 = CARTESIAN_POINT ( 'NONE',  ( 9.885421655746995384, 36.68475631363693168, 9.326441659235294779 ) ) ;
#3742 = VECTOR ( 'NONE', #2913, 1000.000000000000114 ) ;
#3743 = DIRECTION ( 'NONE',  ( -0.7071067811865536790, -0.000000000000000000, 0.7071067811865414665 ) ) ;
#3744 = FACE_OUTER_BOUND ( 'NONE', #8580, .T. ) ;
#3745 = CARTESIAN_POINT ( 'NONE',  ( 10.65852065270634164, 17.22215489109528974, 7.685372137717030760 ) ) ;
#3746 = DIRECTION ( 'NONE',  ( 0.000000000000000000, 0.9999862922474268556, -0.005235963831419591756 ) ) ;
#3747 = EDGE_LOOP ( 'NONE', ( #2127, #4474, #848, #2100 ) ) ;
#3748 = VERTEX_POINT ( 'NONE', #4521 ) ;
#3749 = EDGE_CURVE ( 'NONE', #3820, #6361, #5835, .T. ) ;
#3750 = CIRCLE ( 'NONE', #8750, 9.199999999999993960 ) ;
#3751 = VECTOR ( 'NONE', #2076, 1000.000000000000114 ) ;
#3752 = ORIENTED_EDGE ( 'NONE', *, *, #2060, .T. ) ;
#3753 = CARTESIAN_POINT ( 'NONE',  ( 8.079241426209621935, 6.143033914998687450, 10.78392506036218279 ) ) ;
#3754 = CARTESIAN_POINT ( 'NONE',  ( -8.862062636215545908, 39.16355273450151486, 1.530782927484966693 ) ) ;
#3755 = ORIENTED_EDGE ( 'NONE', *, *, #7757, .F. ) ;
#3756 = DIRECTION ( 'NONE',  ( 1.000000000000000000, 0.000000000000000000, 0.000000000000000000 ) ) ;
#3757 = CARTESIAN_POINT ( 'NONE',  ( -9.260736647217708395, 20.58803400285406937, -13.64126335278230329 ) ) ;
#3758 = EDGE_CURVE ( 'NONE', #7171, #7044, #964, .T. ) ;
#3759 = CARTESIAN_POINT ( 'NONE',  ( -10.49999999999999645, 25.10000000000000497, -0.3000000000000367928 ) ) ;
#3760 = CARTESIAN_POINT ( 'NONE',  ( 10.84714026132985332, 15.80303391499871069, 7.972751391920605890 ) ) ;
#3761 = VERTEX_POINT ( 'NONE', #9013 ) ;
#3762 = VERTEX_POINT ( 'NONE', #5288 ) ;
#3763 = VECTOR ( 'NONE', #6703, 1000.000000000000000 ) ;
#3764 = CARTESIAN_POINT ( 'NONE',  ( 10.98624805379707325, 10.91303391499870479, 7.708808319111472684 ) ) ;
#3765 = ORIENTED_EDGE ( 'NONE', *, *, #1373, .F. ) ;
#3766 = LINE ( 'NONE', #4462, #1351 ) ;
#3767 = DIRECTION ( 'NONE',  ( 1.047444401652940007E-14, 0.000000000000000000, -1.000000000000000000 ) ) ;
#3768 = CARTESIAN_POINT ( 'NONE',  ( 8.074625270775380059, 42.06189558775260906, 10.78798981056982242 ) ) ;
#3769 = CARTESIAN_POINT ( 'NONE',  ( -9.890300914026148860, 36.00000000000000000, -4.449999999999996625 ) ) ;
#3770 = EDGE_CURVE ( 'NONE', #2964, #9592, #2097, .T. ) ;
#3771 = EDGE_CURVE ( 'NONE', #799, #460, #6199, .T. ) ;
#3772 = CIRCLE ( 'NONE', #6261, 8.272689856255970753 ) ;
#3773 = CARTESIAN_POINT ( 'NONE',  ( 0.000000000000000000, 37.39999999999999858, 0.000000000000000000 ) ) ;
#3774 = CARTESIAN_POINT ( 'NONE',  ( 9.221860453521244949, 31.16453452333640328, 9.574053546091723987 ) ) ;
#3775 = CARTESIAN_POINT ( 'NONE',  ( 0.000000000000000000, 39.74999999999998579, 0.000000000000000000 ) ) ;
#3776 = EDGE_LOOP ( 'NONE', ( #4236, #1505, #2870, #6392 ) ) ;
#3777 = ORIENTED_EDGE ( 'NONE', *, *, #4038, .F. ) ;
#3778 = CARTESIAN_POINT ( 'NONE',  ( 11.27265492001172120, 14.73445058534651153, 7.046763295770740676 ) ) ;
#3779 = AXIS2_PLACEMENT_3D ( 'NONE', #8384, #3398, #7112 ) ;
#3780 = CARTESIAN_POINT ( 'NONE',  ( 4.397905546699917956, 43.75652547737865206, -11.15000000000000036 ) ) ;
#3781 = DIRECTION ( 'NONE',  ( 0.7071067811865474617, 0.000000000000000000, 0.7071067811865474617 ) ) ;
#3782 = CARTESIAN_POINT ( 'NONE',  ( 7.519905655965745339, 23.43803400285404237, 11.07311703531422786 ) ) ;
#3783 = CARTESIAN_POINT ( 'NONE',  ( -11.43509019548038097, 30.54803391499869747, -11.46690980451963249 ) ) ;
#3784 = EDGE_CURVE ( 'NONE', #6304, #7848, #7714, .T. ) ;
#3785 = CARTESIAN_POINT ( 'NONE',  ( 9.478894166855129200, 13.52303391499869889, 9.744059405914141436 ) ) ;
#3786 = CARTESIAN_POINT ( 'NONE',  ( -5.326454266351279720, 39.56668310586243820, -7.501259593081850419 ) ) ;
#3787 = ORIENTED_EDGE ( 'NONE', *, *, #1228, .T. ) ;
#3788 = CARTESIAN_POINT ( 'NONE',  ( 10.75986754974332271, 37.15937885938780738, 7.484262319665702989 ) ) ;
#3789 = CARTESIAN_POINT ( 'NONE',  ( 7.671380753164570798, 12.69226495309239766, 11.00115906633758200 ) ) ;
#3790 = B_SPLINE_CURVE_WITH_KNOTS ( 'NONE', 3,
 ( #3396, #4091, #1831, #304, #350, #3306, #4823, #7111, #3352, #6325 ),
 .UNSPECIFIED., .F., .F.,
 ( 4, 2, 2, 2, 4 ),
 ( 0.000000000000000000, 0.0002791923224025847109, 0.0005583846448051694219, 0.0008375769672077541328, 0.001116769289610338844 ),
 .UNSPECIFIED. ) ;
#3791 = DIRECTION ( 'NONE',  ( 0.000000000000000000, 1.000000000000000000, 0.000000000000000000 ) ) ;
#3792 = CARTESIAN_POINT ( 'NONE',  ( 9.499999999999994671, 37.39999999999999858, 1.500000000000033307 ) ) ;
#3793 = CARTESIAN_POINT ( 'NONE',  ( 1.530241883712154749, 39.13255635751121275, -8.122238618328909254 ) ) ;
#3794 = LINE ( 'NONE', #6777, #9227 ) ;
#3795 = EDGE_CURVE ( 'NONE', #6670, #7508, #6436, .T. ) ;
#3796 = DIRECTION ( 'NONE',  ( 0.7071067811865474617, 0.000000000000000000, 0.7071067811865474617 ) ) ;
#3797 = EDGE_LOOP ( 'NONE', ( #2833, #6560, #4978, #1803 ) ) ;
#3798 = ORIENTED_EDGE ( 'NONE', *, *, #6892, .F. ) ;
#3799 = VERTEX_POINT ( 'NONE', #824 ) ;
#3800 = LINE ( 'NONE', #9035, #7193 ) ;
#3801 = EDGE_CURVE ( 'NONE', #6447, #4828, #9704, .T. ) ;
#3802 = CARTESIAN_POINT ( 'NONE',  ( 11.30308905430576694, 8.909481065393759280, 6.964989147840332073 ) ) ;
#3803 = EDGE_LOOP ( 'NONE', ( #8353, #6189, #910, #2337 ) ) ;
#3804 = CARTESIAN_POINT ( 'NONE',  ( 11.31442065067651548, 20.58803400285406937, 6.933893945112351354 ) ) ;
#3805 = CARTESIAN_POINT ( 'NONE',  ( 10.83764719945193633, 38.87476699397271318, 7.315337802669435341 ) ) ;
#3806 = CARTESIAN_POINT ( 'NONE',  ( 10.84058450688208453, 14.94803391499871559, 7.244946720662552408 ) ) ;
#3807 = ORIENTED_EDGE ( 'NONE', *, *, #5680, .T. ) ;
#3808 = EDGE_LOOP ( 'NONE', ( #5721, #672, #5166, #5529, #7756, #5095, #2237, #8500 ) ) ;
#3809 = ORIENTED_EDGE ( 'NONE', *, *, #6605, .T. ) ;
#3810 = EDGE_CURVE ( 'NONE', #3738, #4794, #4595, .T. ) ;
#3811 = CARTESIAN_POINT ( 'NONE',  ( 11.06049426582166184, 10.82303391499871914, 7.634562107086884097 ) ) ;
#3812 = ORIENTED_EDGE ( 'NONE', *, *, #8986, .T. ) ;
#3813 = CARTESIAN_POINT ( 'NONE',  ( 7.649820361869144492, 35.21420773274770966, 10.67678257104325112 ) ) ;
#3814 = CARTESIAN_POINT ( 'NONE',  ( 8.498492143395647958, 31.20803391499870472, 9.994023181719343896 ) ) ;
#3815 = CARTESIAN_POINT ( 'NONE',  ( 0.1972462963967516469, 5.475667520024554591, -10.05012740573151575 ) ) ;
#3816 = CARTESIAN_POINT ( 'NONE',  ( 10.39457390356467670, 42.21803391499871339, 8.729337629984556202 ) ) ;
#3817 = CARTESIAN_POINT ( 'NONE',  ( 11.07365220103988257, 13.89576446216877592, 6.714339091138879390 ) ) ;
#3818 = DIRECTION ( 'NONE',  ( 0.000000000000000000, 0.000000000000000000, 1.000000000000000000 ) ) ;
#3819 = ORIENTED_EDGE ( 'NONE', *, *, #8904, .T. ) ;
#3820 = VERTEX_POINT ( 'NONE', #7490 ) ;
#3821 = CARTESIAN_POINT ( 'NONE',  ( 1.543928953350315991, 39.91668805191901015, -8.900408234471422375 ) ) ;
#3822 = EDGE_CURVE ( 'NONE', #2837, #6958, #4470, .T. ) ;
#3823 = EDGE_CURVE ( 'NONE', #5497, #3691, #1662, .T. ) ;
#3824 = CARTESIAN_POINT ( 'NONE',  ( 10.82506352207892242, 11.34324439113524363, 8.011872068950610881 ) ) ;
#3825 = LINE ( 'NONE', #2408, #4689 ) ;
#3826 = CARTESIAN_POINT ( 'NONE',  ( -11.20209445330008080, 41.00582457832652494, 4.450000000000001954 ) ) ;
#3827 = CARTESIAN_POINT ( 'NONE',  ( 11.44999999999999751, 44.64247392222173971, 8.550505063388335714 ) ) ;
#3828 = CARTESIAN_POINT ( 'NONE',  ( 10.84496330354613924, 15.80303391499871069, 7.970574434136890929 ) ) ;
#3829 = CARTESIAN_POINT ( 'NONE',  ( 9.799562748132036205, 11.96303391499870017, 8.961641408540030440 ) ) ;
#3830 = DIRECTION ( 'NONE',  ( -2.533865751426797207E-15, -0.000000000000000000, -1.000000000000000000 ) ) ;
#3831 = EDGE_LOOP ( 'NONE', ( #3078, #1730, #4259, #5420 ) ) ;
#3832 = ADVANCED_FACE ( 'NONE', ( #6852 ), #8495, .T. ) ;
#3833 = CARTESIAN_POINT ( 'NONE',  ( -7.975332859534257857, 41.29680220830310589, -10.56650471974814209 ) ) ;
#3834 = CARTESIAN_POINT ( 'NONE',  ( -8.949999999999993960, 39.99999999999999289, 0.000000000000000000 ) ) ;
#3835 = CARTESIAN_POINT ( 'NONE',  ( 8.238783010219945524, 27.97582695989054002, 10.69046952710991683 ) ) ;
#3836 = CARTESIAN_POINT ( 'NONE',  ( 10.82788120908325524, 34.77374838353458841, 7.336036200869997970 ) ) ;
#3837 = DIRECTION ( 'NONE',  ( -0.000000000000000000, -1.000000000000000000, -0.000000000000000000 ) ) ;
#3838 = DIRECTION ( 'NONE',  ( -0.005235963831419591756, -0.9999862922474268556, 2.041112219714389988E-18 ) ) ;
#3839 = CARTESIAN_POINT ( 'NONE',  ( 11.07311703531415858, 31.76303391499870443, 7.519905655965911428 ) ) ;
#3840 = VERTEX_POINT ( 'NONE', #872 ) ;
#3841 = VERTEX_POINT ( 'NONE', #5434 ) ;
#3842 = VERTEX_POINT ( 'NONE', #9066 ) ;
#3843 = EDGE_CURVE ( 'NONE', #3691, #6600, #3476, .T. ) ;
#3844 = CARTESIAN_POINT ( 'NONE',  ( 10.07086651499517593, 11.26680317627548433, 9.109739250777055375 ) ) ;
#3845 = CARTESIAN_POINT ( 'NONE',  ( 7.447101363413963782, 14.27303391499868468, 11.10637915216841343 ) ) ;
#3846 = ORIENTED_EDGE ( 'NONE', *, *, #3377, .F. ) ;
#3847 = CARTESIAN_POINT ( 'NONE',  ( 11.35131984064293320, 37.37303391499870742, 7.882961275037094317 ) ) ;
#3848 = CARTESIAN_POINT ( 'NONE',  ( 10.85952651909574662, 39.22535425037857237, 7.263888732876337073 ) ) ;
#3849 = CARTESIAN_POINT ( 'NONE',  ( 8.612234756497556987, 16.72584516971895852, 10.08142711465424668 ) ) ;
#3850 = ORIENTED_EDGE ( 'NONE', *, *, #5234, .T. ) ;
#3851 = ORIENTED_EDGE ( 'NONE', *, *, #3558, .T. ) ;
#3852 = EDGE_CURVE ( 'NONE', #2213, #1035, #7594, .T. ) ;
#3853 = ORIENTED_EDGE ( 'NONE', *, *, #5459, .T. ) ;
#3854 = CARTESIAN_POINT ( 'NONE',  ( 6.777324397912932064, 22.41803400285404990, 11.05178469407168862 ) ) ;
#3855 = ORIENTED_EDGE ( 'NONE', *, *, #6697, .T. ) ;
#3856 = CIRCLE ( 'NONE', #5578, 5.588218919887178338 ) ;
#3857 = CARTESIAN_POINT ( 'NONE',  ( 4.450000000000002842, 5.500000000000000000, 10.05000000000000071 ) ) ;
#3858 = CARTESIAN_POINT ( 'NONE',  ( 11.44999999999999751, 4.289617747577148421, -4.449999999999998401 ) ) ;
#3859 = DIRECTION ( 'NONE',  ( -0.000000000000000000, 1.000000000000000000, -0.000000000000000000 ) ) ;
#3860 = DIRECTION ( 'NONE',  ( -1.607383761961276842E-15, 1.000000000000000000, 1.607383761961276842E-15 ) ) ;
#3861 = CARTESIAN_POINT ( 'NONE',  ( 7.551997667099803913, 33.42517099007295656, 11.05824192942977824 ) ) ;
#3862 = DIRECTION ( 'NONE',  ( 0.7071067811865475727, 1.153246330496864893E-14, -0.7071067811865475727 ) ) ;
#3863 = VERTEX_POINT ( 'NONE', #7676 ) ;
#3864 = ORIENTED_EDGE ( 'NONE', *, *, #2090, .T. ) ;
#3865 = DIRECTION ( 'NONE',  ( 0.005235963831419591756, 0.9999862922474268556, 0.000000000000000000 ) ) ;
#3866 = CARTESIAN_POINT ( 'NONE',  ( 9.499309034653247608, 25.55803394428421171, 9.722046876932102677 ) ) ;
#3867 = CARTESIAN_POINT ( 'NONE',  ( 6.792004995069461870, 27.24533807618238157, 11.04660793935164698 ) ) ;
#3868 = CARTESIAN_POINT ( 'NONE',  ( -8.776806454712698269, 41.43346828846717500, 10.02880567372716314 ) ) ;
#3869 = PLANE ( 'NONE',  #9466 ) ;
#3870 = DIRECTION ( 'NONE',  ( 1.000000000000000000, -0.000000000000000000, 2.338953001317042059E-15 ) ) ;
#3871 = CARTESIAN_POINT ( 'NONE',  ( 9.651321195489121152, 6.083033914998698499, 9.146602571616826438 ) ) ;
#3872 = VECTOR ( 'NONE', #935, 1000.000000000000114 ) ;
#3873 = EDGE_CURVE ( 'NONE', #3691, #509, #1418, .T. ) ;
#3874 = CARTESIAN_POINT ( 'NONE',  ( 8.815570932250976099, 39.99999999999998579, -1.545383168813335040 ) ) ;
#3875 = CARTESIAN_POINT ( 'NONE',  ( 11.14881604286839689, 16.86707740854813764, 7.352657772876125541 ) ) ;
#3876 = ORIENTED_EDGE ( 'NONE', *, *, #1693, .F. ) ;
#3877 = ORIENTED_EDGE ( 'NONE', *, *, #8108, .T. ) ;
#3878 = DIRECTION ( 'NONE',  ( 0.7071067811865474617, 0.000000000000000000, 0.7071067811865474617 ) ) ;
#3879 = B_SPLINE_SURFACE_WITH_KNOTS ( 'NONE', 3, 1, ( 
 ( #4261, #7869 ),
 ( #4166, #7272 ),
 ( #7226, #3521 ),
 ( #3334, #6494 ) ),
 .UNSPECIFIED., .F., .F., .F.,
 ( 4, 4 ),
 ( 2, 2 ),
 ( 0.000000000000000000, 1.000000000000000000 ),
 ( 0.000000000000000000, 1.000000000000000000 ),
 .UNSPECIFIED. ) ;
#3880 = CARTESIAN_POINT ( 'NONE',  ( 11.30308905430576338, 8.708033914998699387, 6.964989147840331185 ) ) ;
#3881 = CARTESIAN_POINT ( 'NONE',  ( 9.759952669623494614, 36.66803391499870202, 9.462939923866080960 ) ) ;
#3882 = LINE ( 'NONE', #4439, #56 ) ;
#3883 = CARTESIAN_POINT ( 'NONE',  ( 4.502094453300079735, 2.812784650926727359, -11.15000000000000036 ) ) ;
#3884 = FACE_OUTER_BOUND ( 'NONE', #3808, .T. ) ;
#3885 = VECTOR ( 'NONE', #2340, 1000.000000000000227 ) ;
#3886 = CARTESIAN_POINT ( 'NONE',  ( 0.000000000000000000, 39.99999999999999289, 0.000000000000000000 ) ) ;
#3887 = EDGE_CURVE ( 'NONE', #2633, #2904, #3519, .T. ) ;
#3888 = EDGE_CURVE ( 'NONE', #1189, #6826, #4909, .T. ) ;
#3889 = VERTEX_POINT ( 'NONE', #2548 ) ;
#3890 = ORIENTED_EDGE ( 'NONE', *, *, #542, .F. ) ;
#3891 = ORIENTED_EDGE ( 'NONE', *, *, #5506, .F. ) ;
#3892 = DIRECTION ( 'NONE',  ( 0.000000000000000000, 0.000000000000000000, 1.000000000000000000 ) ) ;
#3893 = VECTOR ( 'NONE', #1161, 1000.000000000000000 ) ;
#3894 = AXIS2_PLACEMENT_3D ( 'NONE', #3731, #1669, #5243 ) ;
#3895 = CARTESIAN_POINT ( 'NONE',  ( 8.182151942227211094, 10.83803391499868596, 10.78076955920181845 ) ) ;
#3896 = VERTEX_POINT ( 'NONE', #5531 ) ;
#3897 = FACE_OUTER_BOUND ( 'NONE', #2346, .T. ) ;
#3898 = EDGE_CURVE ( 'NONE', #5520, #4493, #8514, .T. ) ;
#3899 = CARTESIAN_POINT ( 'NONE',  ( 9.144212352862979287, 16.70303391499869505, 9.642722829713571642 ) ) ;
#3900 = CIRCLE ( 'NONE', #9061, 7.000000000000000888 ) ;
#3901 = DIRECTION ( 'NONE',  ( 0.000000000000000000, 0.000000000000000000, 1.000000000000000000 ) ) ;
#3902 = ORIENTED_EDGE ( 'NONE', *, *, #3251, .T. ) ;
#3903 = ORIENTED_EDGE ( 'NONE', *, *, #1296, .F. ) ;
#3904 = VERTEX_POINT ( 'NONE', #2058 ) ;
#3905 = CARTESIAN_POINT ( 'NONE',  ( -8.127065172579124308, 39.99999999999999289, -1.545383168813451169 ) ) ;
#3906 = VERTEX_POINT ( 'NONE', #8759 ) ;
#3907 = B_SPLINE_CURVE_WITH_KNOTS ( 'NONE', 3,
 ( #6203, #4752, #7716, #4800, #2586, #9343, #1016, #3328, #6298, #5572 ),
 .UNSPECIFIED., .F., .F.,
 ( 4, 2, 2, 2, 4 ),
 ( 0.000000000000000000, 0.0006461737713515742967, 0.001292347542703148593, 0.001938521314054722890, 0.002584695085406297187 ),
 .UNSPECIFIED. ) ;
#3908 = CARTESIAN_POINT ( 'NONE',  ( 9.304593873948313387, 31.14803391499869889, 9.187921451166678466 ) ) ;
#3909 = CARTESIAN_POINT ( 'NONE',  ( 9.585294791897535305, 28.02803391499868724, 9.638327996600654757 ) ) ;
#3910 = ADVANCED_FACE ( 'NONE', ( #7227 ), #4119, .T. ) ;
#3911 = DIRECTION ( 'NONE',  ( -1.000000000000000000, -0.000000000000000000, 1.949127501097535707E-16 ) ) ;
#3912 = FACE_OUTER_BOUND ( 'NONE', #5551, .T. ) ;
#3913 = ORIENTED_EDGE ( 'NONE', *, *, #3473, .T. ) ;
#3914 = AXIS2_PLACEMENT_3D ( 'NONE', #6810, #8967, #9610 ) ;
#3915 = VERTEX_POINT ( 'NONE', #524 ) ;
#3916 = CARTESIAN_POINT ( 'NONE',  ( -10.59716865977427425, 11.19803391499871204, -12.30483134022573921 ) ) ;
#3917 = CARTESIAN_POINT ( 'NONE',  ( 6.758457515048061914, 33.77303391499870600, 11.05413140687049101 ) ) ;
#3918 = CARTESIAN_POINT ( 'NONE',  ( 5.153034575406667983, 39.15591825482287192, 7.317700093927285820 ) ) ;
#3919 = VECTOR ( 'NONE', #2384, 1000.000000000000000 ) ;
#3920 = CARTESIAN_POINT ( 'NONE',  ( -11.45000000000000107, 40.71038225242285336, 4.449999999999989519 ) ) ;
#3921 = CARTESIAN_POINT ( 'NONE',  ( 7.519905387961393295, 26.57303391499869250, 11.07311715953792230 ) ) ;
#3922 = CARTESIAN_POINT ( 'NONE',  ( -13.59883694591120573, 26.54303391499870202, -9.303163054088805950 ) ) ;
#3923 = CARTESIAN_POINT ( 'NONE',  ( 4.449999999999998401, 45.00000000000000000, -11.44999999999999929 ) ) ;
#3924 = CARTESIAN_POINT ( 'NONE',  ( 11.26154112531504126, 32.57303391499871026, 7.623476932224400926 ) ) ;
#3925 = CARTESIAN_POINT ( 'NONE',  ( 10.92302548397601925, 16.66703147981476718, 7.826709331940809200 ) ) ;
#3926 = VERTEX_POINT ( 'NONE', #7091 ) ;
#3927 = AXIS2_PLACEMENT_3D ( 'NONE', #5760, #1399, #5032 ) ;
#3928 = CIRCLE ( 'NONE', #2675, 6.099999999999999645 ) ;
#3929 = VERTEX_POINT ( 'NONE', #3522 ) ;
#3930 = CARTESIAN_POINT ( 'NONE',  ( -4.450000000000001954, 41.89177302316960549, -11.44999999999999751 ) ) ;
#3931 = EDGE_CURVE ( 'NONE', #7043, #3557, #5042, .T. ) ;
#3932 = DIRECTION ( 'NONE',  ( -0.7071067811865391350, -0.000000000000000000, -0.7071067811865560104 ) ) ;
#3933 = LINE ( 'NONE', #6915, #7921 ) ;
#3934 = DIRECTION ( 'NONE',  ( 0.7071067811865486830, 0.000000000000000000, -0.7071067811865464625 ) ) ;
#3935 = DIRECTION ( 'NONE',  ( 0.000000000000000000, 0.000000000000000000, 1.000000000000000000 ) ) ;
#3936 = CARTESIAN_POINT ( 'NONE',  ( 9.129009749790522932, 42.17145313463733913, 10.05581553080112833 ) ) ;
#3937 = CIRCLE ( 'NONE', #4411, 5.440300914026144241 ) ;
#3938 = CARTESIAN_POINT ( 'NONE',  ( 11.26622637048226849, 44.96759575077589233, 6.294219846508896765 ) ) ;
#3939 = CARTESIAN_POINT ( 'NONE',  ( 6.761624797993172287, 22.83803400285405516, 11.05729829758752736 ) ) ;
#3940 = ORIENTED_EDGE ( 'NONE', *, *, #8001, .T. ) ;
#3941 =( BOUNDED_CURVE ( )  B_SPLINE_CURVE ( 3, ( #7302, #3599, #8880, #8138 ),
 .UNSPECIFIED., .F., .T. ) 
 B_SPLINE_CURVE_WITH_KNOTS ( ( 4, 4 ),
 ( 4.879626044906771654, 4.880684413535594679 ),
 .UNSPECIFIED. ) 
 CURVE ( )  GEOMETRIC_REPRESENTATION_ITEM ( )  RATIONAL_B_SPLINE_CURVE ( ( 1.000000000000000000, 0.9999999066546558790, 0.9999999066546558790, 1.000000000000000000 ) ) 
 REPRESENTATION_ITEM ( '' )  );
#3942 = ORIENTED_EDGE ( 'NONE', *, *, #7574, .F. ) ;
#3943 = ORIENTED_EDGE ( 'NONE', *, *, #1626, .T. ) ;
#3944 = CARTESIAN_POINT ( 'NONE',  ( 9.719926743160828053, 12.37344983483012939, 9.502395413744245900 ) ) ;
#3945 = ADVANCED_FACE ( 'NONE', ( #9492 ), #5775, .F. ) ;
#3946 = FACE_OUTER_BOUND ( 'NONE', #7427, .T. ) ;
#3947 = ORIENTED_EDGE ( 'NONE', *, *, #1361, .F. ) ;
#3948 = ADVANCED_FACE ( 'NONE', ( #1312 ), #2152, .F. ) ;
#3949 = CARTESIAN_POINT ( 'NONE',  ( 11.44999999999999751, 44.64247392222173971, -4.449999999999998401 ) ) ;
#3950 = DIRECTION ( 'NONE',  ( 0.7071067811865474617, 0.000000000000000000, 0.7071067811865474617 ) ) ;
#3951 = CARTESIAN_POINT ( 'NONE',  ( -0.3000000000000000444, 25.10000000000000497, -7.500000000000000000 ) ) ;
#3952 = ORIENTED_EDGE ( 'NONE', *, *, #9197, .T. ) ;
#3953 = VERTEX_POINT ( 'NONE', #6306 ) ;
#3954 = VERTEX_POINT ( 'NONE', #332 ) ;
#3955 = FACE_OUTER_BOUND ( 'NONE', #5697, .T. ) ;
#3956 = ORIENTED_EDGE ( 'NONE', *, *, #4395, .T. ) ;
#3957 = EDGE_CURVE ( 'NONE', #7338, #1993, #2638, .T. ) ;
#3958 = CARTESIAN_POINT ( 'NONE',  ( 8.754893696519770785, 28.59502672943195378, 9.971181952135633964 ) ) ;
#3959 = CARTESIAN_POINT ( 'NONE',  ( 7.317700093927230753, 39.15591825482287192, 5.153034575406746143 ) ) ;
#3960 = CARTESIAN_POINT ( 'NONE',  ( 11.03907992975772068, 14.73545674577392539, 6.813443592514567548 ) ) ;
#3961 = ORIENTED_EDGE ( 'NONE', *, *, #2787, .F. ) ;
#3962 = B_SPLINE_SURFACE_WITH_KNOTS ( 'NONE', 2, 1, ( 
 ( #5355, #4541 ),
 ( #6033, #9083 ),
 ( #1587, #108 ) ),
 .UNSPECIFIED., .F., .F., .F.,
 ( 3, 3 ),
 ( 2, 2 ),
 ( 0.000000000000000000, 1.000000000000000000 ),
 ( 0.000000000000000000, 1.000000000000000000 ),
 .UNSPECIFIED. ) ;
#3963 = ORIENTED_EDGE ( 'NONE', *, *, #5930, .F. ) ;
#3964 = DIRECTION ( 'NONE',  ( -0.000000000000000000, 1.000000000000000000, -0.000000000000000000 ) ) ;
#3965 = EDGE_CURVE ( 'NONE', #3929, #9392, #6342, .T. ) ;
#3966 = B_SPLINE_CURVE_WITH_KNOTS ( 'NONE', 3,
 ( #2987, #3032, #7475, #2253 ),
 .UNSPECIFIED., .F., .F.,
 ( 4, 4 ),
 ( 0.002351664380968445864, 0.002708404001166474662 ),
 .UNSPECIFIED. ) ;
#3967 = CARTESIAN_POINT ( 'NONE',  ( 9.415631703588319468, 30.54803391499869747, 9.383812094549067950 ) ) ;
#3968 = CARTESIAN_POINT ( 'NONE',  ( 7.484141117390117337, 10.86901478880667860, 10.76019407926169080 ) ) ;
#3969 = CARTESIAN_POINT ( 'NONE',  ( -11.02771138573686294, 41.03657301811662705, 6.203710828201708161 ) ) ;
#3970 = CARTESIAN_POINT ( 'NONE',  ( 8.811478409369962961, 27.89303391499870699, 9.925171785852906936 ) ) ;
#3971 = PLANE ( 'NONE',  #6090 ) ;
#3972 = CARTESIAN_POINT ( 'NONE',  ( 10.08729630736197080, 17.24957118628537245, 9.090731637394128484 ) ) ;
#3973 = CARTESIAN_POINT ( 'NONE',  ( 8.331498282580861670, 28.02803391499868724, 10.27250659305206604 ) ) ;
#3974 = CARTESIAN_POINT ( 'NONE',  ( 7.246739167437881157, 8.723033914998678640, 10.86359054932110446 ) ) ;
#3975 = ORIENTED_EDGE ( 'NONE', *, *, #6838, .T. ) ;
#3976 = EDGE_CURVE ( 'NONE', #1988, #681, #2781, .T. ) ;
#3977 = AXIS2_PLACEMENT_3D ( 'NONE', #8800, #2775, #4941 ) ;
#3978 = VERTEX_POINT ( 'NONE', #1958 ) ;
#3979 = CARTESIAN_POINT ( 'NONE',  ( -8.949999999999977973, 39.99999999999999289, -1.545383168813459829 ) ) ;
#3980 = EDGE_CURVE ( 'NONE', #9076, #6830, #5030, .T. ) ;
#3981 =( BOUNDED_CURVE ( )  B_SPLINE_CURVE ( 3, ( #1687, #9084, #19, #7505 ),
 .UNSPECIFIED., .F., .F. ) 
 B_SPLINE_CURVE_WITH_KNOTS ( ( 4, 4 ),
 ( 3.141592653589793116, 4.711465725904290025 ),
 .UNSPECIFIED. ) 
 CURVE ( )  GEOMETRIC_REPRESENTATION_ITEM ( )  RATIONAL_B_SPLINE_CURVE ( ( 1.000000000000000000, 0.8049554170565045297, 0.8049554170565045297, 1.000000000000000000 ) ) 
 REPRESENTATION_ITEM ( '' )  );
#3982 = CARTESIAN_POINT ( 'NONE',  ( -8.322674678800183301, 0.5514318315803207193, 11.15000000000000391 ) ) ;
#3983 = CARTESIAN_POINT ( 'NONE',  ( 4.449999999999999289, 22.41803400285404990, 4.450000000000001954 ) ) ;
#3984 = DIRECTION ( 'NONE',  ( 0.000000000000000000, 0.000000000000000000, -1.000000000000000000 ) ) ;
#3985 = CARTESIAN_POINT ( 'NONE',  ( 8.079241426209586407, 17.10803391499870330, 10.78392506036220411 ) ) ;
#3986 = CARTESIAN_POINT ( 'NONE',  ( -10.05000000000000426, 5.500000000000000000, -4.449999999999996625 ) ) ;
#3987 = VECTOR ( 'NONE', #9464, 1000.000000000000114 ) ;
#3988 = CARTESIAN_POINT ( 'NONE',  ( 11.29455506665113340, 17.64803391499870955, 7.062521177363730196 ) ) ;
#3989 = DIRECTION ( 'NONE',  ( -1.000000000000000000, 0.000000000000000000, 0.000000000000000000 ) ) ;
#3990 = VERTEX_POINT ( 'NONE', #1120 ) ;
#3991 = VECTOR ( 'NONE', #6362, 1000.000000000000114 ) ;
#3992 = EDGE_CURVE ( 'NONE', #4008, #3820, #3159, .T. ) ;
#3993 = VERTEX_POINT ( 'NONE', #9349 ) ;
#3994 = DIRECTION ( 'NONE',  ( 0.7071067811865536790, 0.000000000000000000, -0.7071067811865414665 ) ) ;
#3995 = CARTESIAN_POINT ( 'NONE',  ( 10.33603811852213816, 41.98908867786136767, 8.240273780834568740 ) ) ;
#3996 = ORIENTED_EDGE ( 'NONE', *, *, #6857, .F. ) ;
#3997 = CARTESIAN_POINT ( 'NONE',  ( 7.164214635883261018, 37.88303391499870543, 11.56595454488370045 ) ) ;
#3998 = DIRECTION ( 'NONE',  ( 0.7071067811865474617, 0.000000000000000000, 0.7071067811865474617 ) ) ;
#3999 =( BOUNDED_CURVE ( )  B_SPLINE_CURVE ( 3, ( #2232, #8189, #7451, #2280 ),
 .UNSPECIFIED., .F., .T. ) 
 B_SPLINE_CURVE_WITH_KNOTS ( ( 4, 4 ),
 ( 1.383748608399211877, 1.387929548057686313 ),
 .UNSPECIFIED. ) 
 CURVE ( )  GEOMETRIC_REPRESENTATION_ITEM ( )  RATIONAL_B_SPLINE_CURVE ( ( 1.000000000000000000, 0.9999985433124948253, 0.9999985433124948253, 1.000000000000000000 ) ) 
 REPRESENTATION_ITEM ( '' )  );
#4000 = CARTESIAN_POINT ( 'NONE',  ( 10.74894097633896450, 12.32568761989230488, 7.504223318288554267 ) ) ;
#4001 = CARTESIAN_POINT ( 'NONE',  ( 7.787414239277749672, 11.70101660282037592, 10.94350089176940699 ) ) ;
#4002 = ADVANCED_FACE ( 'NONE', ( #7917 ), #6931, .T. ) ;
#4003 = EDGE_LOOP ( 'NONE', ( #8050, #1755, #2515, #6468 ) ) ;
#4004 = EDGE_CURVE ( 'NONE', #9360, #1990, #2661, .T. ) ;
#4005 = VERTEX_POINT ( 'NONE', #8213 ) ;
#4006 = VERTEX_POINT ( 'NONE', #8113 ) ;
#4007 = CARTESIAN_POINT ( 'NONE',  ( 7.883499845751418711, 27.56303391499869448, 11.16093997266520432 ) ) ;
#4008 = VERTEX_POINT ( 'NONE', #5823 ) ;
#4009 = DIRECTION ( 'NONE',  ( -0.1736481776669352717, 0.9848077530122072432, 0.000000000000000000 ) ) ;
#4010 = CARTESIAN_POINT ( 'NONE',  ( 8.173894551776246686, 41.76175189812992983, 10.37893300931835228 ) ) ;
#4011 = B_SPLINE_CURVE_WITH_KNOTS ( 'NONE', 3,
 ( #6743, #6046, #1549, #5268 ),
 .UNSPECIFIED., .F., .F.,
 ( 4, 4 ),
 ( 0.000000000000000000, 0.0006025440407036697062 ),
 .UNSPECIFIED. ) ;
#4012 = EDGE_CURVE ( 'NONE', #7104, #307, #3856, .T. ) ;
#4013 = ORIENTED_EDGE ( 'NONE', *, *, #5591, .F. ) ;
#4014 = EDGE_CURVE ( 'NONE', #4966, #9643, #5134, .T. ) ;
#4015 = VERTEX_POINT ( 'NONE', #673 ) ;
#4016 = CARTESIAN_POINT ( 'NONE',  ( 11.06798351370851563, 14.61677584024655552, 7.531366266543780164 ) ) ;
#4017 = CARTESIAN_POINT ( 'NONE',  ( 6.777324301247635852, 20.46303397356892972, 11.05178472814906243 ) ) ;
#4018 = CARTESIAN_POINT ( 'NONE',  ( 7.716744967388970089, 31.36113451512337491, 10.64404879988370389 ) ) ;
#4019 = CARTESIAN_POINT ( 'NONE',  ( 7.588873243386017542, 38.33803391499873214, 11.20572462526939717 ) ) ;
#4020 = CARTESIAN_POINT ( 'NONE',  ( 4.653951976476254693, 39.99999999999999289, -6.839453812875206928 ) ) ;
#4021 = FACE_OUTER_BOUND ( 'NONE', #6573, .T. ) ;
#4022 = CARTESIAN_POINT ( 'NONE',  ( -7.500016448739399877, 25.09685855088895678, 0.2999835512605748544 ) ) ;
#4023 = CARTESIAN_POINT ( 'NONE',  ( 10.88913578650798719, 33.48803391499872362, 7.187431983110571743 ) ) ;
#4024 = CARTESIAN_POINT ( 'NONE',  ( 8.202031780351573431, 6.773033914998689120, 10.71579658358377785 ) ) ;
#4025 = ORIENTED_EDGE ( 'NONE', *, *, #34, .F. ) ;
#4026 = ADVANCED_FACE ( 'NONE', ( #36 ), #4914, .T. ) ;
#4027 = VERTEX_POINT ( 'NONE', #3670 ) ;
#4028 = DIRECTION ( 'NONE',  ( -1.000000000000000000, 0.000000000000000000, 3.898255002195073878E-16 ) ) ;
#4029 = CARTESIAN_POINT ( 'NONE',  ( -4.450000000000001954, 41.89177302316960549, -11.44999999999999751 ) ) ;
#4030 = CARTESIAN_POINT ( 'NONE',  ( 7.011412699905540613, 16.55303391499868937, 11.28587338829229303 ) ) ;
#4031 = CARTESIAN_POINT ( 'NONE',  ( -11.09790554669991991, 0.06208375187460270922, -4.449999999999996625 ) ) ;
#4032 = FACE_OUTER_BOUND ( 'NONE', #2431, .T. ) ;
#4033 = CARTESIAN_POINT ( 'NONE',  ( 11.44999999999999751, 45.00000000000000000, -4.449999999999998401 ) ) ;
#4034 = B_SPLINE_CURVE_WITH_KNOTS ( 'NONE', 3,
 ( #8752, #2096, #1259, #615, #467, #8847, #5080, #1208 ),
 .UNSPECIFIED., .F., .F.,
 ( 4, 2, 2, 4 ),
 ( 0.000000000000000000, 0.0006039657503510241889, 0.0009059486255265363375, 0.001207931500702048378 ),
 .UNSPECIFIED. ) ;
#4035 = DIRECTION ( 'NONE',  ( -0.001890653084441241494, 0.9999964254245254924, 0.001890653084441241277 ) ) ;
#4036 = CARTESIAN_POINT ( 'NONE',  ( 1.545383168813366126, 39.99999999999999289, -8.127065172579140295 ) ) ;
#4037 = ORIENTED_EDGE ( 'NONE', *, *, #3324, .T. ) ;
#4038 = EDGE_CURVE ( 'NONE', #3418, #4409, #3039, .T. ) ;
#4039 =( BOUNDED_CURVE ( )  B_SPLINE_CURVE ( 3, ( #5704, #7253, #5749, #6474 ),
 .UNSPECIFIED., .F., .T. ) 
 B_SPLINE_CURVE_WITH_KNOTS ( ( 4, 4 ),
 ( 4.354865436748577068, 4.359705950757568615 ),
 .UNSPECIFIED. ) 
 CURVE ( )  GEOMETRIC_REPRESENTATION_ITEM ( )  RATIONAL_B_SPLINE_CURVE ( ( 1.000000000000000000, 0.9999980474529639451, 0.9999980474529639451, 1.000000000000000000 ) ) 
 REPRESENTATION_ITEM ( '' )  );
#4040 = ORIENTED_EDGE ( 'NONE', *, *, #3198, .T. ) ;
#4041 = CARTESIAN_POINT ( 'NONE',  ( 10.90442721895765210, 36.23303391499870685, 7.860332722063736455 ) ) ;
#4042 = DIRECTION ( 'NONE',  ( -0.000000000000000000, -1.000000000000000000, -0.000000000000000000 ) ) ;
#4043 = CARTESIAN_POINT ( 'NONE',  ( 0.000000000000000000, 39.74999999999998579, 0.000000000000000000 ) ) ;
#4044 = AXIS2_PLACEMENT_3D ( 'NONE', #9146, #804, #75 ) ;
#4045 = CARTESIAN_POINT ( 'NONE',  ( 7.519905387961429710, 17.25803391499868766, 11.07311715953791165 ) ) ;
#4046 = CARTESIAN_POINT ( 'NONE',  ( 5.323807237680925120, 39.74999999999998579, 7.503137776691569449 ) ) ;
#4047 = CARTESIAN_POINT ( 'NONE',  ( 8.426863585400344192, 3.504827341967770682, 11.15000000000000036 ) ) ;
#4048 = B_SPLINE_SURFACE_WITH_KNOTS ( 'NONE', 3, 1, ( 
 ( #5764, #8103 ),
 ( #2196, #5081 ),
 ( #3517, #6538 ),
 ( #1405, #3613 ) ),
 .UNSPECIFIED., .F., .F., .F.,
 ( 4, 4 ),
 ( 2, 2 ),
 ( 0.000000000000000000, 1.000000000000000000 ),
 ( 0.000000000000000000, 1.000000000000000000 ),
 .UNSPECIFIED. ) ;
#4049 = LINE ( 'NONE', #4837, #6719 ) ;
#4050 = EDGE_CURVE ( 'NONE', #6946, #9432, #3766, .T. ) ;
#4051 = CARTESIAN_POINT ( 'NONE',  ( 10.04101515960120139, 6.143033914998693668, 8.418205292892096736 ) ) ;
#4052 = ORIENTED_EDGE ( 'NONE', *, *, #7824, .T. ) ;
#4053 = AXIS2_PLACEMENT_3D ( 'NONE', #1600, #6792, #3664 ) ;
#4054 = CONICAL_SURFACE ( 'NONE', #5296, 8.949999999999993960, 0.7853981633974482790 ) ;
#4055 = ORIENTED_EDGE ( 'NONE', *, *, #2843, .T. ) ;
#4056 = ORIENTED_EDGE ( 'NONE', *, *, #5917, .F. ) ;
#4057 = CARTESIAN_POINT ( 'NONE',  ( -1.545383168813363461, 39.99999999999999289, -1.376245997964904682E-15 ) ) ;
#4058 = ORIENTED_EDGE ( 'NONE', *, *, #9279, .T. ) ;
#4059 = EDGE_CURVE ( 'NONE', #8011, #210, #4734, .T. ) ;
#4060 = VECTOR ( 'NONE', #4102, 1000.000000000000114 ) ;
#4061 = AXIS2_PLACEMENT_3D ( 'NONE', #1406, #6694, #30 ) ;
#4062 = CIRCLE ( 'NONE', #6083, 8.949999999999999289 ) ;
#4063 = CARTESIAN_POINT ( 'NONE',  ( 0.000000000000000000, 37.39999999999999858, 0.000000000000000000 ) ) ;
#4064 = CONICAL_SURFACE ( 'NONE', #9533, 8.949999999999993960, 0.7853981633974482790 ) ;
#4065 = CARTESIAN_POINT ( 'NONE',  ( 7.500082243696991391, 25.08429275444475337, 0.2999177563030837046 ) ) ;
#4066 = ORIENTED_EDGE ( 'NONE', *, *, #8091, .F. ) ;
#4067 = ORIENTED_EDGE ( 'NONE', *, *, #7348, .T. ) ;
#4068 = AXIS2_PLACEMENT_3D ( 'NONE', #3408, #265, #314 ) ;
#4069 = CARTESIAN_POINT ( 'NONE',  ( 11.11295172230214412, 13.88797627069955531, 7.432461122340222381 ) ) ;
#4070 = CARTESIAN_POINT ( 'NONE',  ( 10.71856470717723298, 36.15116898237439358, 7.565550639811951861 ) ) ;
#4071 = EDGE_CURVE ( 'NONE', #4297, #3842, #1725, .T. ) ;
#4072 = CARTESIAN_POINT ( 'NONE',  ( 6.730131960841458039, 8.924202092501902328, 11.06823225953496781 ) ) ;
#4073 = ADVANCED_FACE ( 'NONE', ( #6550 ), #6303, .F. ) ;
#4074 = PLANE ( 'NONE',  #466 ) ;
#4075 = CARTESIAN_POINT ( 'NONE',  ( -8.823406371691135064, 37.39999999999999858, -1.500000000000092593 ) ) ;
#4076 = CARTESIAN_POINT ( 'NONE',  ( -7.326300904425207428, 39.99999999999998579, 5.140799068026126406 ) ) ;
#4077 = CARTESIAN_POINT ( 'NONE',  ( 10.33048906746814133, 42.27017889456404021, 8.775868664622015203 ) ) ;
#4078 = CARTESIAN_POINT ( 'NONE',  ( 8.154547558400603080, 28.65803391499869335, 10.07434266543621071 ) ) ;
#4079 = CARTESIAN_POINT ( 'NONE',  ( 10.99222916467974542, 38.20324227433074071, 6.940450913441973846 ) ) ;
#4080 = ORIENTED_EDGE ( 'NONE', *, *, #7123, .T. ) ;
#4081 = B_SPLINE_CURVE_WITH_KNOTS ( 'NONE', 3,
 ( #5776, #4947, #478, #571, #6450, #9450, #2061, #5629, #2007, #8610 ),
 .UNSPECIFIED., .F., .F.,
 ( 4, 2, 2, 2, 4 ),
 ( 0.000000000000000000, 0.0006558450160364967356, 0.001311690032072993471, 0.001967535048109490207, 0.002623380064145986942 ),
 .UNSPECIFIED. ) ;
#4082 = VERTEX_POINT ( 'NONE', #7381 ) ;
#4083 = CARTESIAN_POINT ( 'NONE',  ( 7.743262041828444353, 12.23775596921108111, 10.62929101656415298 ) ) ;
#4084 = CIRCLE ( 'NONE', #6572, 8.249999999999998224 ) ;
#4085 = LINE ( 'NONE', #7587, #9346 ) ;
#4086 = CARTESIAN_POINT ( 'NONE',  ( 8.068565772654428869, 10.50241432797955277, 10.79040309540278741 ) ) ;
#4087 = EDGE_CURVE ( 'NONE', #5261, #6657, #3393, .T. ) ;
#4088 = CARTESIAN_POINT ( 'NONE',  ( -13.58823014807940410, 30.00803400285406042, -9.313769851920607579 ) ) ;
#4089 = CARTESIAN_POINT ( 'NONE',  ( -8.127065172579124308, 39.99999999999999289, -1.545383168813451169 ) ) ;
#4090 = CARTESIAN_POINT ( 'NONE',  ( 9.890300914026143531, 36.00000000000000000, 4.450000000000001954 ) ) ;
#4091 = CARTESIAN_POINT ( 'NONE',  ( 7.531712752838497948, 27.63990078416595253, 10.73538797944526024 ) ) ;
#4092 = CARTESIAN_POINT ( 'NONE',  ( 10.83341552196962887, 6.698033914998700489, 7.322630549492441077 ) ) ;
#4093 = VECTOR ( 'NONE', #9391, 1000.000000000000000 ) ;
#4094 = CIRCLE ( 'NONE', #9085, 0.3000000000000025979 ) ;
#4095 = VERTEX_POINT ( 'NONE', #8903 ) ;
#4096 = ORIENTED_EDGE ( 'NONE', *, *, #2875, .F. ) ;
#4097 = CARTESIAN_POINT ( 'NONE',  ( 9.477593913206437293, 13.52303391499869889, 9.742759152265449529 ) ) ;
#4098 = CARTESIAN_POINT ( 'NONE',  ( 10.62369864739715375, 15.80303391499871069, 7.749309777987906322 ) ) ;
#4099 = ORIENTED_EDGE ( 'NONE', *, *, #9018, .T. ) ;
#4100 = CONICAL_SURFACE ( 'NONE', #5649, 5.600000000000000533, 0.005235987755983000265 ) ;
#4101 = EDGE_CURVE ( 'NONE', #7651, #9360, #9001, .T. ) ;
#4102 = DIRECTION ( 'NONE',  ( 0.7071067811865474617, 0.000000000000000000, 0.7071067811865474617 ) ) ;
#4103 = B_SPLINE_CURVE_WITH_KNOTS ( 'NONE', 3,
 ( #8479, #4776, #7739, #8573, #301, #9321, #1828 ),
 .UNSPECIFIED., .F., .F.,
 ( 4, 3, 4 ),
 ( 0.0005202666446342427099, 0.0006438354628984192937, 0.0007775765597507733849 ),
 .UNSPECIFIED. ) ;
#4104 = CARTESIAN_POINT ( 'NONE',  ( -10.55000000000000071, 5.500000000000000000, 4.450000000000001954 ) ) ;
#4105 = CARTESIAN_POINT ( 'NONE',  ( 6.730131960841347905, 39.30803391499870258, 11.06823225953501222 ) ) ;
#4106 = CARTESIAN_POINT ( 'NONE',  ( 8.079241426209621935, 6.143033914998687450, 10.78392506036218279 ) ) ;
#4107 =( BOUNDED_SURFACE ( )  B_SPLINE_SURFACE ( 3, 2, ( 
 ( #7903, #4195, #9430 ),
 ( #6527, #4976, #3508 ),
 ( #8594, #6480, #5806 ),
 ( #1942, #1152, #9477 ),
 ( #7167, #7950, #2764 ),
 ( #4154, #8685, #7125 ),
 ( #9385, #410, #1986 ),
 ( #1200, #1894, #8789 ),
 ( #4890, #6383, #5755 ),
 ( #8739, #2670, #8047 ) ),
 .UNSPECIFIED., .F., .F., .F. ) 
 B_SPLINE_SURFACE_WITH_KNOTS ( ( 4, 2, 2, 2, 4 ),
 ( 3, 3 ),
 ( 1.570796326794896558, 1.963495408493620697, 2.356194490192344837, 2.748893571891068976, 3.141592653589793116 ),
 ( 0.000000000000000000, 1.000000000000000000 ),
 .UNSPECIFIED. ) 
 GEOMETRIC_REPRESENTATION_ITEM ( )  RATIONAL_B_SPLINE_SURFACE ( (
 ( 1.000000000000000000, 0.7071067811865480168, 1.000000000000000000),
 ( 1.000000000000000000, 0.7151467540048140892, 1.000000000000000000),
 ( 1.000000000000000000, 0.7230336872124460967, 1.000000000000000000),
 ( 1.000000000000000000, 0.7374130120227735397, 1.000000000000000000),
 ( 1.000000000000000000, 0.7438993344340379954, 1.000000000000000000),
 ( 1.000000000000000000, 0.7546251424891646797, 1.000000000000000000),
 ( 1.000000000000000000, 0.7588635302804249694, 1.000000000000000000),
 ( 1.000000000000000000, 0.7645733717305291943, 1.000000000000000000),
 ( 1.000000000000000000, 0.7660498913280868738, 1.000000000000000000),
 ( 1.000000000000000000, 0.7660444431189804559, 1.000000000000000000) ) ) 
 REPRESENTATION_ITEM ( '' )  SURFACE ( )  );
#4108 = EDGE_LOOP ( 'NONE', ( #5120, #5961, #2916, #8336 ) ) ;
#4109 = VERTEX_POINT ( 'NONE', #8952 ) ;
#4110 = FACE_OUTER_BOUND ( 'NONE', #3125, .T. ) ;
#4111 = ORIENTED_EDGE ( 'NONE', *, *, #1580, .F. ) ;
#4112 = LINE ( 'NONE', #3371, #4619 ) ;
#4113 = CARTESIAN_POINT ( 'NONE',  ( 6.749919598507839069, 15.17472559245856445, 11.06141998074766342 ) ) ;
#4114 = B_SPLINE_CURVE_WITH_KNOTS ( 'NONE', 3,
 ( #819, #9112, #2260, #6158 ),
 .UNSPECIFIED., .F., .F.,
 ( 4, 4 ),
 ( 0.000000000000000000, 0.0009030974337644603889 ),
 .UNSPECIFIED. ) ;
#4115 = ORIENTED_EDGE ( 'NONE', *, *, #5347, .T. ) ;
#4116 = ORIENTED_EDGE ( 'NONE', *, *, #7861, .F. ) ;
#4117 = EDGE_CURVE ( 'NONE', #796, #4297, #1871, .T. ) ;
#4118 = PLANE ( 'NONE',  #7725 ) ;
#4119 = PLANE ( 'NONE',  #9023 ) ;
#4120 = VECTOR ( 'NONE', #3743, 999.9999999999998863 ) ;
#4121 = DIRECTION ( 'NONE',  ( 0.4685104851428618655, -0.7489965624903763830, -0.4685104851428619765 ) ) ;
#4122 = FACE_OUTER_BOUND ( 'NONE', #6339, .T. ) ;
#4123 = CARTESIAN_POINT ( 'NONE',  ( 10.35474749922072490, 36.23577511119847827, 8.748283400244028840 ) ) ;
#4124 = CARTESIAN_POINT ( 'NONE',  ( 10.25532300726161417, 16.49303391499870486, 8.356741495889814075 ) ) ;
#4125 = CARTESIAN_POINT ( 'NONE',  ( 11.06575612956168975, 39.14303391499871765, 6.727656223096402321 ) ) ;
#4126 = CARTESIAN_POINT ( 'NONE',  ( -13.11093326689246119, 16.83803391499869662, -9.791066733107552267 ) ) ;
#4127 = ORIENTED_EDGE ( 'NONE', *, *, #5471, .F. ) ;
#4128 = ORIENTED_EDGE ( 'NONE', *, *, #8536, .F. ) ;
#4129 = EDGE_CURVE ( 'NONE', #7977, #544, #6843, .T. ) ;
#4130 = ADVANCED_FACE ( 'NONE', ( #3407 ), #7027, .T. ) ;
#4131 = ORIENTED_EDGE ( 'NONE', *, *, #2693, .F. ) ;
#4132 = DIRECTION ( 'NONE',  ( 0.7071067811865474617, 0.000000000000000000, 0.7071067811865474617 ) ) ;
#4133 = B_SPLINE_SURFACE_WITH_KNOTS ( 'NONE', 3, 1, ( 
 ( #1644, #7747 ),
 ( #5554, #308 ),
 ( #6926, #6284 ),
 ( #4737, #1836 ) ),
 .UNSPECIFIED., .F., .F., .F.,
 ( 4, 4 ),
 ( 2, 2 ),
 ( 0.000000000000000000, 1.000000000000000000 ),
 ( 0.000000000000000000, 1.000000000000000000 ),
 .UNSPECIFIED. ) ;
#4134 = FACE_BOUND ( 'NONE', #822, .T. ) ;
#4135 = CARTESIAN_POINT ( 'NONE',  ( 7.859083558773571454, 6.143033914998687450, 10.56376719292613231 ) ) ;
#4136 = CARTESIAN_POINT ( 'NONE',  ( 9.800945255859117466, 11.96303391499870017, 8.963023916267111701 ) ) ;
#4137 = B_SPLINE_CURVE_WITH_KNOTS ( 'NONE', 3,
 ( #9300, #6155, #4851, #9256, #3180, #7668, #1018, #7816 ),
 .UNSPECIFIED., .F., .F.,
 ( 4, 2, 2, 4 ),
 ( 0.000000000000000000, 0.0004374128680691747348, 0.0008748257361383494695, 0.001749651472276698505 ),
 .UNSPECIFIED. ) ;
#4138 = CARTESIAN_POINT ( 'NONE',  ( -10.55000000000000071, 5.500000000000000000, 4.450000000000005507 ) ) ;
#4139 = CARTESIAN_POINT ( 'NONE',  ( 7.869705087254597053, 36.06803391499870770, 10.91379997637686294 ) ) ;
#4140 = CARTESIAN_POINT ( 'NONE',  ( 10.83341552196957736, 41.67803391499871424, 7.322630549492567198 ) ) ;
#4141 = AXIS2_PLACEMENT_3D ( 'NONE', #3480, #9451, #3132 ) ;
#4142 = VERTEX_POINT ( 'NONE', #1606 ) ;
#4143 = EDGE_CURVE ( 'NONE', #3542, #5922, #4609, .T. ) ;
#4144 = ORIENTED_EDGE ( 'NONE', *, *, #1401, .F. ) ;
#4145 = CARTESIAN_POINT ( 'NONE',  ( 5.178430306807594974, 37.39999999999999858, -7.299750650367215599 ) ) ;
#4146 = DIRECTION ( 'NONE',  ( -0.7071067811865474617, 0.000000000000000000, -0.7071067811865474617 ) ) ;
#4147 = ORIENTED_EDGE ( 'NONE', *, *, #4912, .F. ) ;
#4148 = CARTESIAN_POINT ( 'NONE',  ( 7.437751151355504575, 34.70865128462585858, 10.78077147772856570 ) ) ;
#4149 = CARTESIAN_POINT ( 'NONE',  ( 7.883902283401022615, 31.20803391499870472, 10.54615951068252322 ) ) ;
#4150 = CARTESIAN_POINT ( 'NONE',  ( 10.77614054812194411, 42.38351020780758205, 8.094062158361753134 ) ) ;
#4151 = VECTOR ( 'NONE', #5579, 1000.000000000000000 ) ;
#4152 = CARTESIAN_POINT ( 'NONE',  ( 7.524082368631430207, 14.27303391499868468, 11.18336015738588074 ) ) ;
#4153 = PLANE ( 'NONE',  #2488 ) ;
#4154 = CARTESIAN_POINT ( 'NONE',  ( 9.859862295101207152, 3.757503677808456732, 8.567463026099343182 ) ) ;
#4155 = ORIENTED_EDGE ( 'NONE', *, *, #3082, .T. ) ;
#4156 = EDGE_CURVE ( 'NONE', #5782, #2077, #8267, .T. ) ;
#4157 = ORIENTED_EDGE ( 'NONE', *, *, #6282, .T. ) ;
#4158 = DIRECTION ( 'NONE',  ( 0.000000000000000000, 1.607383761961275067E-15, -1.000000000000000000 ) ) ;
#4159 = DIRECTION ( 'NONE',  ( 0.000000000000000000, 0.000000000000000000, -1.000000000000000000 ) ) ;
#4160 = ORIENTED_EDGE ( 'NONE', *, *, #4201, .F. ) ;
#4161 = CARTESIAN_POINT ( 'NONE',  ( -4.450000000000002842, 1.538916848525010206, -11.14999999999999858 ) ) ;
#4162 = CARTESIAN_POINT ( 'NONE',  ( 8.915671551116087556, 42.17139040709445652, 9.843167299896899536 ) ) ;
#4163 = ORIENTED_EDGE ( 'NONE', *, *, #9158, .T. ) ;
#4164 = ADVANCED_FACE ( 'NONE', ( #7523 ), #83, .T. ) ;
#4165 = ORIENTED_EDGE ( 'NONE', *, *, #341, .F. ) ;
#4166 = CARTESIAN_POINT ( 'NONE',  ( 10.07183234978532482, 31.20803391499871893, 8.364169669333957557 ) ) ;
#4167 = CARTESIAN_POINT ( 'NONE',  ( 10.42961785581763934, 30.98303391499870330, 7.703721410457645469 ) ) ;
#4168 = CARTESIAN_POINT ( 'NONE',  ( 8.990485450532769818, 39.18588294971093688, -1.531172702841369970 ) ) ;
#4169 = CARTESIAN_POINT ( 'NONE',  ( 7.508104927415859109, 12.56303391499868205, 10.74311864745836864 ) ) ;
#4170 = CARTESIAN_POINT ( 'NONE',  ( 9.043919156203514831, 12.66803391499870379, 10.17882573612197739 ) ) ;
#4171 = DIRECTION ( 'NONE',  ( -0.005235892060090537384, -0.9999725850585454712, -0.005235892060090573813 ) ) ;
#4172 = CARTESIAN_POINT ( 'NONE',  ( 11.03811912042068322, 7.854493102408658167, 7.594989432162185139 ) ) ;
#4173 = CARTESIAN_POINT ( 'NONE',  ( 11.06823215902973523, 39.12387427912460680, 6.730132252564449580 ) ) ;
#4174 = VERTEX_POINT ( 'NONE', #4885 ) ;
#4175 = ORIENTED_EDGE ( 'NONE', *, *, #6174, .T. ) ;
#4176 = ORIENTED_EDGE ( 'NONE', *, *, #374, .T. ) ;
#4177 = CARTESIAN_POINT ( 'NONE',  ( 10.55847877208497110, 3.880688611868188254, 4.450000000000001066 ) ) ;
#4178 = CARTESIAN_POINT ( 'NONE',  ( 7.568916768718763954, 9.490236981099965163, 11.05029926235465965 ) ) ;
#4179 = CARTESIAN_POINT ( 'NONE',  ( 0.000000000000000000, 37.39999999999999858, 0.000000000000000000 ) ) ;
#4180 = CARTESIAN_POINT ( 'NONE',  ( 11.44999999999999751, 45.00000000000000000, 4.450000000000001066 ) ) ;
#4181 = CARTESIAN_POINT ( 'NONE',  ( 6.995967103447767954, 33.99062185129057667, 11.29164099527019616 ) ) ;
#4182 = EDGE_CURVE ( 'NONE', #5569, #9457, #7230, .T. ) ;
#4183 = CARTESIAN_POINT ( 'NONE',  ( 7.293315545954825119, 22.41803400285404990, 10.84652692530341866 ) ) ;
#4184 = EDGE_LOOP ( 'NONE', ( #1664, #8158, #1642, #1602 ) ) ;
#4185 = ORIENTED_EDGE ( 'NONE', *, *, #1051, .F. ) ;
#4186 = CARTESIAN_POINT ( 'NONE',  ( -1.541019402581311315, 39.74999999999998579, 9.070019801569776163 ) ) ;
#4187 = EDGE_LOOP ( 'NONE', ( #8351, #9500, #5675, #7320 ) ) ;
#4188 = B_SPLINE_CURVE_WITH_KNOTS ( 'NONE', 3,
 ( #8232, #5936, #5844, #8831, #2130, #7399 ),
 .UNSPECIFIED., .F., .F.,
 ( 4, 2, 4 ),
 ( 0.000000000000000000, 0.0005159272123915724373, 0.001031854424783144875 ),
 .UNSPECIFIED. ) ;
#4189 = CARTESIAN_POINT ( 'NONE',  ( -4.450000000000001066, 45.00000000000000000, 11.44999999999999929 ) ) ;
#4190 = CARTESIAN_POINT ( 'NONE',  ( 8.283382261212956621, 31.20803391499870472, 10.94563948849445723 ) ) ;
#4191 = CARTESIAN_POINT ( 'NONE',  ( -10.03821891988717852, 7.750000000000000000, 0.000000000000000000 ) ) ;
#4192 = EDGE_CURVE ( 'NONE', #5119, #7425, #862, .T. ) ;
#4193 = EDGE_CURVE ( 'NONE', #6889, #7600, #6424, .T. ) ;
#4194 = CARTESIAN_POINT ( 'NONE',  ( -1.500000000000000222, 37.39999999999999858, 8.112490369793974310 ) ) ;
#4195 = CARTESIAN_POINT ( 'NONE',  ( 4.502094453300079735, 2.812784650926730912, 11.44999999999999929 ) ) ;
#4196 = VERTEX_POINT ( 'NONE', #2665 ) ;
#4197 = ORIENTED_EDGE ( 'NONE', *, *, #9631, .F. ) ;
#4198 = CARTESIAN_POINT ( 'NONE',  ( -5.366463061006239599, 1.384245276809838110, -11.44999999999999751 ) ) ;
#4199 = CARTESIAN_POINT ( 'NONE',  ( -10.30001269126618269, 7.197618960442568437, 2.782008606026221433E-16 ) ) ;
#4200 = ORIENTED_EDGE ( 'NONE', *, *, #6838, .F. ) ;
#4201 = EDGE_CURVE ( 'NONE', #8258, #8987, #4832, .T. ) ;
#4202 = DIRECTION ( 'NONE',  ( -3.545642844006345720E-15, -0.005235963831419591756, 0.9999862922474268556 ) ) ;
#4203 = AXIS2_PLACEMENT_3D ( 'NONE', #4305, #2877, #8801 ) ;
#4204 = ORIENTED_EDGE ( 'NONE', *, *, #8482, .F. ) ;
#4205 = B_SPLINE_SURFACE_WITH_KNOTS ( 'NONE', 3, 1, ( 
 ( #8896, #3760 ),
 ( #3806, #76 ),
 ( #7557, #1107 ),
 ( #2578, #1754 ) ),
 .UNSPECIFIED., .F., .F., .F.,
 ( 4, 4 ),
 ( 2, 2 ),
 ( 0.000000000000000000, 1.000000000000000000 ),
 ( 0.000000000000000000, 1.000000000000000000 ),
 .UNSPECIFIED. ) ;
#4206 = EDGE_LOOP ( 'NONE', ( #858, #412, #4549, #3717 ) ) ;
#4207 = FACE_OUTER_BOUND ( 'NONE', #487, .T. ) ;
#4208 = AXIS2_PLACEMENT_3D ( 'NONE', #4813, #4770, #7004 ) ;
#4209 = B_SPLINE_CURVE_WITH_KNOTS ( 'NONE', 3,
 ( #6086, #6132, #9135, #5404 ),
 .UNSPECIFIED., .F., .F.,
 ( 4, 4 ),
 ( 0.001930058480875258137, 0.002187368350014233173 ),
 .UNSPECIFIED. ) ;
#4210 = CIRCLE ( 'NONE', #3894, 8.949999999999999289 ) ;
#4211 = DIRECTION ( 'NONE',  ( -7.228014483236698281E-17, 0.000000000000000000, 1.000000000000000000 ) ) ;
#4212 = EDGE_CURVE ( 'NONE', #6447, #8780, #5658, .T. ) ;
#4213 = CARTESIAN_POINT ( 'NONE',  ( 7.980627037383241529, 6.773033914998689120, 10.49439184061544594 ) ) ;
#4214 = CARTESIAN_POINT ( 'NONE',  ( 7.519905655965752445, 22.41803400285404990, 11.07311703531422609 ) ) ;
#4215 = CARTESIAN_POINT ( 'NONE',  ( 10.56561192069981381, 42.26303391499872930, 7.585157034112711472 ) ) ;
#4216 = CARTESIAN_POINT ( 'NONE',  ( 7.534386940619531181, 33.78803391499870656, 11.06638550876049010 ) ) ;
#4217 = CARTESIAN_POINT ( 'NONE',  ( 7.247106654004227266, 40.46803391499872049, 10.86395803588760778 ) ) ;
#4218 = CARTESIAN_POINT ( 'NONE',  ( 6.995967103447796376, 26.54303391499870202, 11.29164099527019616 ) ) ;
#4219 = ORIENTED_EDGE ( 'NONE', *, *, #45, .T. ) ;
#4220 = CIRCLE ( 'NONE', #3587, 5.593978559053445210 ) ;
#4221 = CIRCLE ( 'NONE', #452, 0.2999999999999999334 ) ;
#4222 = VERTEX_POINT ( 'NONE', #1562 ) ;
#4223 = VERTEX_POINT ( 'NONE', #1797 ) ;
#4224 = CARTESIAN_POINT ( 'NONE',  ( 7.941472422932705832, 44.38135192560229569, -10.58791781669299326 ) ) ;
#4225 = CARTESIAN_POINT ( 'NONE',  ( 11.44999999999999929, 4.289617747577137763, -4.449999999999997513 ) ) ;
#4226 = CARTESIAN_POINT ( 'NONE',  ( 7.567936980406530623, 27.25732256612290172, 11.05069544853975572 ) ) ;
#4227 = FACE_OUTER_BOUND ( 'NONE', #4596, .T. ) ;
#4228 = CARTESIAN_POINT ( 'NONE',  ( 6.730131960841464256, 8.460336487964619678, 11.06823225953496959 ) ) ;
#4229 = PLANE ( 'NONE',  #6746 ) ;
#4230 = ORIENTED_EDGE ( 'NONE', *, *, #4795, .T. ) ;
#4231 = VECTOR ( 'NONE', #6906, 1000.000000000000114 ) ;
#4232 = ORIENTED_EDGE ( 'NONE', *, *, #1911, .T. ) ;
#4233 = EDGE_CURVE ( 'NONE', #2442, #3322, #4564, .T. ) ;
#4234 = CARTESIAN_POINT ( 'NONE',  ( 4.450000000000001954, 7.197618960442568437, 10.30001269126618091 ) ) ;
#4235 = CARTESIAN_POINT ( 'NONE',  ( 11.28534611931875276, 40.26891649382216087, 7.015031027713498624 ) ) ;
#4236 = ORIENTED_EDGE ( 'NONE', *, *, #7894, .T. ) ;
#4237 = CARTESIAN_POINT ( 'NONE',  ( -7.503137776691475302, 39.74999999999998579, -5.323807237681058346 ) ) ;
#4238 = DIRECTION ( 'NONE',  ( -0.000000000000000000, 1.000000000000000000, -0.000000000000000000 ) ) ;
#4239 = B_SPLINE_CURVE_WITH_KNOTS ( 'NONE', 3,
 ( #1247, #3409, #6153, #133, #4753, #9428, #2717, #3909 ),
 .UNSPECIFIED., .F., .F.,
 ( 4, 2, 2, 4 ),
 ( 0.000000000000000000, 0.0008123339508692336555, 0.001218500926303850212, 0.001624667901738466660 ),
 .UNSPECIFIED. ) ;
#4240 = LINE ( 'NONE', #2085, #5617 ) ;
#4241 = VECTOR ( 'NONE', #499, 1000.000000000000000 ) ;
#4242 = CARTESIAN_POINT ( 'NONE',  ( -11.20174495768881151, 26.48303391499869619, -11.70025504231120195 ) ) ;
#4243 = CARTESIAN_POINT ( 'NONE',  ( 7.293315455444820294, 19.08803397356892617, 10.84652696553595419 ) ) ;
#4244 = CARTESIAN_POINT ( 'NONE',  ( 0.000000000000000000, 37.39999999999999858, 0.000000000000000000 ) ) ;
#4245 = ORIENTED_EDGE ( 'NONE', *, *, #4087, .T. ) ;
#4246 = ORIENTED_EDGE ( 'NONE', *, *, #3120, .T. ) ;
#4247 = EDGE_CURVE ( 'NONE', #3368, #4772, #3361, .T. ) ;
#4248 = EDGE_CURVE ( 'NONE', #198, #4222, #1404, .T. ) ;
#4249 = CIRCLE ( 'NONE', #2216, 8.272689856255970753 ) ;
#4250 = CARTESIAN_POINT ( 'NONE',  ( -4.397905546699920620, 1.243474522621360379, -11.14999999999999858 ) ) ;
#4251 = CARTESIAN_POINT ( 'NONE',  ( 11.19412121720091413, 35.31900140932639687, 7.245460073907397991 ) ) ;
#4252 = ORIENTED_EDGE ( 'NONE', *, *, #8548, .T. ) ;
#4253 = CARTESIAN_POINT ( 'NONE',  ( 7.931299340253926466, 35.87122165898273352, 10.52521827599549198 ) ) ;
#4254 = DIRECTION ( 'NONE',  ( 0.7071067811865439090, -1.010371880134064673E-07, -0.7071067811865439090 ) ) ;
#4255 = CARTESIAN_POINT ( 'NONE',  ( 1.236893267138826811E-15, 37.39999999999999858, -10.10000000000000142 ) ) ;
#4256 = CARTESIAN_POINT ( 'NONE',  ( 10.60827113255913190, 17.21303391499870372, 8.624836807444941300 ) ) ;
#4257 = EDGE_LOOP ( 'NONE', ( #3474, #8876, #5283, #1692, #1460, #713, #9114 ) ) ;
#4258 =( BOUNDED_CURVE ( )  B_SPLINE_CURVE ( 3, ( #7009, #298, #2603, #3301 ),
 .UNSPECIFIED., .F., .T. ) 
 B_SPLINE_CURVE_WITH_KNOTS ( ( 4, 4 ),
 ( 4.879626044906771654, 4.880684413535594679 ),
 .UNSPECIFIED. ) 
 CURVE ( )  GEOMETRIC_REPRESENTATION_ITEM ( )  RATIONAL_B_SPLINE_CURVE ( ( 1.000000000000000000, 0.9999999066546558790, 0.9999999066546558790, 1.000000000000000000 ) ) 
 REPRESENTATION_ITEM ( '' )  );
#4259 = ORIENTED_EDGE ( 'NONE', *, *, #6240, .T. ) ;
#4260 = EDGE_CURVE ( 'NONE', #7761, #3498, #4039, .T. ) ;
#4261 = CARTESIAN_POINT ( 'NONE',  ( 10.53852282536844776, 31.86803391499871196, 7.897479193750835513 ) ) ;
#4262 = VECTOR ( 'NONE', #1280, 1000.000000000000114 ) ;
#4263 = DIRECTION ( 'NONE',  ( -0.01745240643728354982, 0.9998476951563911586, 0.000000000000000000 ) ) ;
#4264 = DIRECTION ( 'NONE',  ( -3.898255002195072399E-16, -0.000000000000000000, -1.000000000000000000 ) ) ;
#4265 = DIRECTION ( 'NONE',  ( 0.000000000000000000, 0.000000000000000000, 1.000000000000000000 ) ) ;
#4266 = CARTESIAN_POINT ( 'NONE',  ( 7.451268771278822811, 16.83803391499869662, 10.77113530506373174 ) ) ;
#4267 = CARTESIAN_POINT ( 'NONE',  ( -5.201816385338982940, 39.91668805191901015, -7.385261650507649378 ) ) ;
#4268 = FACE_OUTER_BOUND ( 'NONE', #2402, .T. ) ;
#4269 = CARTESIAN_POINT ( 'NONE',  ( 7.486543527724675684, 15.07558938913699187, 11.08850287227410547 ) ) ;
#4270 = ORIENTED_EDGE ( 'NONE', *, *, #330, .F. ) ;
#4271 = VERTEX_POINT ( 'NONE', #4237 ) ;
#4272 = EDGE_CURVE ( 'NONE', #6338, #5087, #6185, .T. ) ;
#4273 = VERTEX_POINT ( 'NONE', #9473 ) ;
#4274 = CARTESIAN_POINT ( 'NONE',  ( 10.68143667493202109, 35.88803391499870798, 8.252525077670400222 ) ) ;
#4275 = CARTESIAN_POINT ( 'NONE',  ( 6.320907588372533858, 3.133490479507111015, -11.25824792397325425 ) ) ;
#4276 = DIRECTION ( 'NONE',  ( 0.7071067811865474617, 0.000000000000000000, 0.7071067811865474617 ) ) ;
#4277 = DIRECTION ( 'NONE',  ( -0.000000000000000000, 1.000000000000000000, 0.000000000000000000 ) ) ;
#4278 = CARTESIAN_POINT ( 'NONE',  ( 9.989785485155010747, 11.78303391499870045, 8.642747263108683242 ) ) ;
#4279 = CARTESIAN_POINT ( 'NONE',  ( 0.3000000000000001554, 25.10000000000000497, -10.49999999999999822 ) ) ;
#4280 = EDGE_CURVE ( 'NONE', #7115, #7043, #7485, .T. ) ;
#4281 = ORIENTED_EDGE ( 'NONE', *, *, #8972, .T. ) ;
#4282 = ADVANCED_FACE ( 'NONE', ( #3598 ), #8327, .T. ) ;
#4283 = ORIENTED_EDGE ( 'NONE', *, *, #2360, .F. ) ;
#4284 = LINE ( 'NONE', #9375, #9249 ) ;
#4285 = CARTESIAN_POINT ( 'NONE',  ( 9.251170160085960603, 6.083033914998696723, 9.219350551046591846 ) ) ;
#4286 = LINE ( 'NONE', #547, #4341 ) ;
#4287 = CARTESIAN_POINT ( 'NONE',  ( 7.305583171404793852, 33.78803391499870656, 10.83758173954575277 ) ) ;
#4288 = CARTESIAN_POINT ( 'NONE',  ( 10.85952663875709057, 17.88803400285406298, 7.263888460309543937 ) ) ;
#4289 = CARTESIAN_POINT ( 'NONE',  ( 11.01805627706348467, 17.93303391499871680, 6.870875201518463982 ) ) ;
#4290 = CIRCLE ( 'NONE', #5219, 7.000000000000000000 ) ;
#4291 = CARTESIAN_POINT ( 'NONE',  ( 11.06580184239799358, 39.50303391499870287, 6.727701935932707045 ) ) ;
#4292 = B_SPLINE_SURFACE_WITH_KNOTS ( 'NONE', 2, 1, ( 
 ( #2671, #5664 ),
 ( #4934, #7904 ),
 ( #1201, #458 ) ),
 .UNSPECIFIED., .F., .F., .F.,
 ( 3, 3 ),
 ( 2, 2 ),
 ( 0.000000000000000000, 1.000000000000000000 ),
 ( 0.000000000000000000, 1.000000000000000000 ),
 .UNSPECIFIED. ) ;
#4293 = AXIS2_PLACEMENT_3D ( 'NONE', #3105, #2279, #8329 ) ;
#4294 = CARTESIAN_POINT ( 'NONE',  ( -6.239972215340996442, 0.9186684686755712814, 11.27809132662530978 ) ) ;
#4295 = CARTESIAN_POINT ( 'NONE',  ( 10.85946580987526211, 8.379957947189677014, 7.264218311837726816 ) ) ;
#4296 = ORIENTED_EDGE ( 'NONE', *, *, #5459, .F. ) ;
#4297 = VERTEX_POINT ( 'NONE', #8732 ) ;
#4298 = AXIS2_PLACEMENT_3D ( 'NONE', #3757, #4035, #942 ) ;
#4299 = CARTESIAN_POINT ( 'NONE',  ( -7.941472422937866149, 0.6186480743958427952, -10.58791781669404308 ) ) ;
#4300 = CARTESIAN_POINT ( 'NONE',  ( 0.000000000000000000, 37.39999999999999858, 0.000000000000000000 ) ) ;
#4301 = ORIENTED_EDGE ( 'NONE', *, *, #3810, .T. ) ;
#4302 = CARTESIAN_POINT ( 'NONE',  ( 11.06528606723837527, 32.91916865453197261, 7.537440971686891089 ) ) ;
#4303 = CARTESIAN_POINT ( 'NONE',  ( 4.449999999999999289, 20.00303400285405431, 4.450000000000001954 ) ) ;
#4304 = ADVANCED_FACE ( 'NONE', ( #6523 ), #5365, .T. ) ;
#4305 = CARTESIAN_POINT ( 'NONE',  ( 0.000000000000000000, 39.19999999999998153, 0.000000000000000000 ) ) ;
#4306 = ORIENTED_EDGE ( 'NONE', *, *, #5004, .T. ) ;
#4307 = AXIS2_PLACEMENT_3D ( 'NONE', #3475, #8556, #6448 ) ;
#4308 = ORIENTED_EDGE ( 'NONE', *, *, #3186, .F. ) ;
#4309 = CARTESIAN_POINT ( 'NONE',  ( 9.070019801569781492, 39.74999999999998579, -1.541019402581279785 ) ) ;
#4310 = LINE ( 'NONE', #6305, #5552 ) ;
#4311 = CARTESIAN_POINT ( 'NONE',  ( -1.531172702841401279, 39.18588294971093688, -8.990485450532764489 ) ) ;
#4312 = DIRECTION ( 'NONE',  ( 0.000000000000000000, 0.000000000000000000, -1.000000000000000000 ) ) ;
#4313 = CYLINDRICAL_SURFACE ( 'NONE', #1630, 0.2999999999999998779 ) ;
#4314 = FACE_OUTER_BOUND ( 'NONE', #880, .T. ) ;
#4315 = ADVANCED_FACE ( 'NONE', ( #3456 ), #7704, .T. ) ;
#4316 = EDGE_CURVE ( 'NONE', #4008, #4196, #6779, .T. ) ;
#4317 = DIRECTION ( 'NONE',  ( 0.000000000000000000, 0.000000000000000000, 1.000000000000000000 ) ) ;
#4318 = CARTESIAN_POINT ( 'NONE',  ( 8.173941186071301601, 35.65515796248620717, 10.72880488815726530 ) ) ;
#4319 = LINE ( 'NONE', #2162, #5924 ) ;
#4320 = VERTEX_POINT ( 'NONE', #8043 ) ;
#4321 = ORIENTED_EDGE ( 'NONE', *, *, #4212, .F. ) ;
#4322 = B_SPLINE_CURVE_WITH_KNOTS ( 'NONE', 3,
 ( #1544, #6831, #1452, #4396, #2191, #3114, #115, #5948, #3019, #2334, #6092, #1594, #4598, #750 ),
 .UNSPECIFIED., .F., .F.,
 ( 4, 2, 2, 2, 2, 2, 4 ),
 ( 1.734723475976807094E-18, 0.0005805060829401953492, 0.001161012165880388964, 0.001741518248820582686, 0.002031771290290678138, 0.002176897811025728033, 0.002322024331760778361 ),
 .UNSPECIFIED. ) ;
#4323 = VERTEX_POINT ( 'NONE', #3647 ) ;
#4324 = CARTESIAN_POINT ( 'NONE',  ( 11.44999999999999929, 44.64247392222173971, -4.449999999999993072 ) ) ;
#4325 = CARTESIAN_POINT ( 'NONE',  ( 10.42014920315960147, 16.28303391499870401, 7.948811199026685870 ) ) ;
#4326 = CARTESIAN_POINT ( 'NONE',  ( 9.627764984249473912, 42.80303400285406212, 9.595944982982246074 ) ) ;
#4327 = CARTESIAN_POINT ( 'NONE',  ( 7.442927211897864659, 36.00000000000000000, 0.3000000000000778710 ) ) ;
#4328 = CARTESIAN_POINT ( 'NONE',  ( 10.28264867440793751, 42.80303391499871424, 8.320427552729471543 ) ) ;
#4329 = EDGE_CURVE ( 'NONE', #2837, #5624, #6626, .T. ) ;
#4330 = CARTESIAN_POINT ( 'NONE',  ( 9.165123250174740832, 30.56030378111077894, 9.626570609724620198 ) ) ;
#4331 = VERTEX_POINT ( 'NONE', #1337 ) ;
#4332 = ORIENTED_EDGE ( 'NONE', *, *, #7176, .T. ) ;
#4333 = DIRECTION ( 'NONE',  ( 0.000000000000000000, 1.000000000000000000, 0.000000000000000000 ) ) ;
#4334 = CARTESIAN_POINT ( 'NONE',  ( 1.530649667146575910, 39.15591825482287192, 8.818141051064225522 ) ) ;
#4335 = CARTESIAN_POINT ( 'NONE',  ( -11.79571465388553619, 36.61303391499873783, -11.10628534611447549 ) ) ;
#4336 = CARTESIAN_POINT ( 'NONE',  ( 7.095871172172113717, 12.89303391499868567, 11.41275826743003208 ) ) ;
#4337 = CARTESIAN_POINT ( 'NONE',  ( 10.76063425281591535, 31.86803391499871196, 8.119590621198303992 ) ) ;
#4338 = CARTESIAN_POINT ( 'NONE',  ( 7.778174593051992325, 37.39999999999999858, 5.656854249492420550 ) ) ;
#4339 = ADVANCED_FACE ( 'NONE', ( #9622 ), #1936, .F. ) ;
#4340 = FACE_OUTER_BOUND ( 'NONE', #269, .T. ) ;
#4341 = VECTOR ( 'NONE', #3546, 1000.000000000000000 ) ;
#4342 = CARTESIAN_POINT ( 'NONE',  ( -4.450000000000001954, 7.197618960442568437, -10.30001269126617913 ) ) ;
#4343 = DIRECTION ( 'NONE',  ( 0.7071067811865474617, 0.000000000000000000, 0.7071067811865474617 ) ) ;
#4344 = ORIENTED_EDGE ( 'NONE', *, *, #2817, .T. ) ;
#4345 = ORIENTED_EDGE ( 'NONE', *, *, #6334, .T. ) ;
#4346 = CARTESIAN_POINT ( 'NONE',  ( -10.04766789441850605, 0.5941978216433906335, -8.751827042193163209 ) ) ;
#4347 = EDGE_CURVE ( 'NONE', #3840, #4323, #9424, .T. ) ;
#4348 = CARTESIAN_POINT ( 'NONE',  ( 8.147710425816759638, 28.02803391499868724, 10.08871873628796401 ) ) ;
#4349 = ORIENTED_EDGE ( 'NONE', *, *, #4347, .F. ) ;
#4350 = CARTESIAN_POINT ( 'NONE',  ( 11.07094704998785417, 12.84803391499870351, 6.711633940086841221 ) ) ;
#4351 = DIRECTION ( 'NONE',  ( 0.7071067811865474617, 0.000000000000000000, 0.7071067811865474617 ) ) ;
#4352 = CARTESIAN_POINT ( 'NONE',  ( 10.83886925070287255, 32.91865822355801896, 7.311241605926510623 ) ) ;
#4353 = ORIENTED_EDGE ( 'NONE', *, *, #4984, .F. ) ;
#4354 = ORIENTED_EDGE ( 'NONE', *, *, #2226, .T. ) ;
#4355 =( BOUNDED_SURFACE ( )  B_SPLINE_SURFACE ( 3, 2, ( 
 ( #4250, #2770, #1346 ),
 ( #1991, #610, #4198 ),
 ( #5759, #2046, #7909 ),
 ( #7955, #4299, #9584 ),
 ( #7128, #4938, #5859 ),
 ( #8690, #8746, #4346 ),
 ( #7309, #3607, #3512 ),
 ( #9536, #5029, #6589 ),
 ( #1204, #414, #2724 ),
 ( #8794, #3416, #8644 ) ),
 .UNSPECIFIED., .F., .F., .T. ) 
 B_SPLINE_SURFACE_WITH_KNOTS ( ( 4, 2, 2, 2, 4 ),
 ( 3, 3 ),
 ( 4.712388980384689674, 5.105088062083414258, 5.497787143782137953, 5.890486225480861648, 6.283185307179586232 ),
 ( 0.000000000000000000, 1.000000000000000000 ),
 .UNSPECIFIED. ) 
 GEOMETRIC_REPRESENTATION_ITEM ( )  RATIONAL_B_SPLINE_SURFACE ( (
 ( 1.000000000000000000, 0.7071067811865482389, 1.000000000000000000),
 ( 1.000000000000000000, 0.6990715671240267381, 1.000000000000000000),
 ( 1.000000000000000000, 0.6908929212743961656, 1.000000000000000000),
 ( 1.000000000000000000, 0.6755240863381976046, 1.000000000000000000),
 ( 1.000000000000000000, 0.6683407463770060231, 1.000000000000000000),
 ( 1.000000000000000000, 0.6562061165395359774, 1.000000000000000000),
 ( 1.000000000000000000, 0.6512645840727050439, 1.000000000000000000),
 ( 1.000000000000000000, 0.6445517630966243194, 1.000000000000000000),
 ( 1.000000000000000000, 0.6427771213555772967, 1.000000000000000000),
 ( 1.000000000000000000, 0.6427876096865403621, 1.000000000000000000) ) ) 
 REPRESENTATION_ITEM ( '' )  SURFACE ( )  );
#4356 = EDGE_CURVE ( 'NONE', #7472, #4879, #9297, .T. ) ;
#4357 = CARTESIAN_POINT ( 'NONE',  ( -10.18351119278014139, 10.68803391499870870, -12.71848880721987030 ) ) ;
#4358 = ORIENTED_EDGE ( 'NONE', *, *, #8181, .T. ) ;
#4359 = CARTESIAN_POINT ( 'NONE',  ( 10.92541286286664892, 16.71803391499870983, 6.947937414806391487 ) ) ;
#4360 = AXIS2_PLACEMENT_3D ( 'NONE', #3470, #5865, #2729 ) ;
#4361 = LINE ( 'NONE', #623, #5641 ) ;
#4362 = CARTESIAN_POINT ( 'NONE',  ( 9.070563457125842888, 39.56668310586243820, 1.537819594291732539 ) ) ;
#4363 = LINE ( 'NONE', #8762, #2351 ) ;
#4364 = CARTESIAN_POINT ( 'NONE',  ( 10.64161616146343370, 30.97020331922459846, 8.323191139369340519 ) ) ;
#4365 = CARTESIAN_POINT ( 'NONE',  ( 8.064519912151942194, 35.51610304147324371, 10.79264880668010207 ) ) ;
#4366 = CARTESIAN_POINT ( 'NONE',  ( 7.906240704439560396, 16.39247221230529306, 10.88215124359927621 ) ) ;
#4367 = ORIENTED_EDGE ( 'NONE', *, *, #448, .T. ) ;
#4368 = ORIENTED_EDGE ( 'NONE', *, *, #8507, .F. ) ;
#4369 = VECTOR ( 'NONE', #3384, 1000.000000000000114 ) ;
#4370 = ORIENTED_EDGE ( 'NONE', *, *, #1638, .F. ) ;
#4371 = EDGE_CURVE ( 'NONE', #307, #3577, #8505, .T. ) ;
#4372 = ADVANCED_FACE ( 'NONE', ( #841 ), #2326, .T. ) ;
#4373 = DIRECTION ( 'NONE',  ( -0.000000000000000000, 1.000000000000000000, -0.000000000000000000 ) ) ;
#4374 = LINE ( 'NONE', #7340, #7793 ) ;
#4375 = CARTESIAN_POINT ( 'NONE',  ( 9.632637137743223832, 26.75340119083468693, 9.155369112471344550 ) ) ;
#4376 = CARTESIAN_POINT ( 'NONE',  ( 10.44207925640566259, 20.58327928834407672, 8.576396523560344320 ) ) ;
#4377 = CARTESIAN_POINT ( 'NONE',  ( -7.317700093927303584, 39.15591825482287192, 5.153034575406643114 ) ) ;
#4378 = AXIS2_PLACEMENT_3D ( 'NONE', #5606, #5515, #3319 ) ;
#4379 = CARTESIAN_POINT ( 'NONE',  ( -9.281950046767290630, 8.708033914998699387, -13.62004995323272283 ) ) ;
#4380 = CIRCLE ( 'NONE', #7024, 7.000000000000000000 ) ;
#4381 = DIRECTION ( 'NONE',  ( 0.7071067811865474617, 0.000000000000000000, 0.7071067811865474617 ) ) ;
#4382 = ORIENTED_EDGE ( 'NONE', *, *, #1092, .T. ) ;
#4383 = EDGE_CURVE ( 'NONE', #384, #8643, #1992, .T. ) ;
#4384 = CARTESIAN_POINT ( 'NONE',  ( 9.356602772237684107, 16.70303391499869505, 9.855113249088274685 ) ) ;
#4385 = CARTESIAN_POINT ( 'NONE',  ( -5.656854249492285547, 37.39999999999999858, -7.778174593052090913 ) ) ;
#4386 = DIRECTION ( 'NONE',  ( -0.000000000000000000, 1.000000000000000000, -0.000000000000000000 ) ) ;
#4387 = CARTESIAN_POINT ( 'NONE',  ( 7.710981023085639485, 35.12303391499869321, 11.24297959122661972 ) ) ;
#4388 = DIRECTION ( 'NONE',  ( 0.7071067811865474617, 0.000000000000000000, 0.7071067811865474617 ) ) ;
#4389 = LINE ( 'NONE', #3504, #9689 ) ;
#4390 = DIRECTION ( 'NONE',  ( 1.000000000000000000, 0.000000000000000000, 0.000000000000000000 ) ) ;
#4391 = CARTESIAN_POINT ( 'NONE',  ( 9.608976087760519036, 5.483033914998699743, 9.619582885592336652 ) ) ;
#4392 = CARTESIAN_POINT ( 'NONE',  ( 10.83280125183795839, 8.028009047442109747, 7.324182467098866667 ) ) ;
#4393 = ORIENTED_EDGE ( 'NONE', *, *, #7182, .T. ) ;
#4394 = ORIENTED_EDGE ( 'NONE', *, *, #8628, .F. ) ;
#4395 = EDGE_CURVE ( 'NONE', #3221, #1918, #3882, .T. ) ;
#4396 = CARTESIAN_POINT ( 'NONE',  ( 7.343091665290351955, 9.490738495552639264, 10.82429491128199750 ) ) ;
#4397 = DIRECTION ( 'NONE',  ( -0.000000000000000000, -1.000000000000000000, -0.000000000000000000 ) ) ;
#4398 = EDGE_LOOP ( 'NONE', ( #4449, #1162, #1507, #6088 ) ) ;
#4399 = VECTOR ( 'NONE', #6737, 1000.000000000000114 ) ;
#4400 = DIRECTION ( 'NONE',  ( 0.000000000000000000, 0.000000000000000000, 1.000000000000000000 ) ) ;
#4401 = CARTESIAN_POINT ( 'NONE',  ( 9.205504228565212443, 42.74303391499869775, 10.02221275694988023 ) ) ;
#4402 = CARTESIAN_POINT ( 'NONE',  ( 7.293315274424631234, 17.25803391499868766, 10.84652704600111051 ) ) ;
#4403 = CARTESIAN_POINT ( 'NONE',  ( 7.974977772935513798, 16.61277483603272742, 10.49989876736665728 ) ) ;
#4404 = ORIENTED_EDGE ( 'NONE', *, *, #3692, .F. ) ;
#4405 = AXIS2_PLACEMENT_3D ( 'NONE', #2786, #8018, #7974 ) ;
#4406 = ORIENTED_EDGE ( 'NONE', *, *, #5015, .T. ) ;
#4407 = EDGE_CURVE ( 'NONE', #3214, #6061, #6789, .T. ) ;
#4408 = DIRECTION ( 'NONE',  ( 0.005235963831419591756, -0.9999862922474268556, 0.000000000000000000 ) ) ;
#4409 = VERTEX_POINT ( 'NONE', #7450 ) ;
#4410 = CARTESIAN_POINT ( 'NONE',  ( 10.33144316666994733, 16.65803391499870401, 7.541907111003092190 ) ) ;
#4411 = AXIS2_PLACEMENT_3D ( 'NONE', #7385, #8957, #8218 ) ;
#4412 = CARTESIAN_POINT ( 'NONE',  ( 7.418540818519369751, 15.86042267895160940, 10.78999902060231975 ) ) ;
#4413 = FACE_OUTER_BOUND ( 'NONE', #7261, .T. ) ;
#4414 = CARTESIAN_POINT ( 'NONE',  ( 10.50153187569670088, 42.80303391499871424, 8.539310754018234917 ) ) ;
#4415 = CARTESIAN_POINT ( 'NONE',  ( 10.75932980571016628, 10.91303391499870479, 7.481890071024566602 ) ) ;
#4416 = CARTESIAN_POINT ( 'NONE',  ( 10.08102398101671682, 36.66803391499870912, 8.330934893694182719 ) ) ;
#4417 = CARTESIAN_POINT ( 'NONE',  ( 7.051161439722303470, 27.41683657912524907, 11.27106611431873695 ) ) ;
#4418 = ORIENTED_EDGE ( 'NONE', *, *, #7514, .T. ) ;
#4419 =( BOUNDED_CURVE ( )  B_SPLINE_CURVE ( 3, ( #6910, #8885, #6124, #8838 ),
 .UNSPECIFIED., .F., .T. ) 
 B_SPLINE_CURVE_WITH_KNOTS ( ( 4, 4 ),
 ( 1.923479356422017394, 1.928319870431008276 ),
 .UNSPECIFIED. ) 
 CURVE ( )  GEOMETRIC_REPRESENTATION_ITEM ( )  RATIONAL_B_SPLINE_CURVE ( ( 1.000000000000000000, 0.9999980474529639451, 0.9999980474529639451, 1.000000000000000000 ) ) 
 REPRESENTATION_ITEM ( '' )  );
#4420 = ORIENTED_EDGE ( 'NONE', *, *, #9420, .T. ) ;
#4421 = CARTESIAN_POINT ( 'NONE',  ( 10.81463946968518997, 16.65803391499870401, 8.025103414018333936 ) ) ;
#4422 = EDGE_CURVE ( 'NONE', #6709, #3906, #969, .T. ) ;
#4423 = CONICAL_SURFACE ( 'NONE', #5666, 9.199999999999992184, 1.396263401595460696 ) ;
#4424 = B_SPLINE_CURVE_WITH_KNOTS ( 'NONE', 3,
 ( #519, #8802, #8057, #7132, #617, #1354, #2878, #1904, #420, #3423 ),
 .UNSPECIFIED., .F., .F.,
 ( 4, 2, 2, 2, 4 ),
 ( 0.000000000000000000, 0.0005397306538148796077, 0.001079461307629759215, 0.001619191961444638823, 0.002158922615259518431 ),
 .UNSPECIFIED. ) ;
#4425 = CARTESIAN_POINT ( 'NONE',  ( 10.55819974311047638, 17.19803391499871026, 8.447486197382698236 ) ) ;
#4426 = CARTESIAN_POINT ( 'NONE',  ( 10.13377095677904371, 16.49303391499870486, 8.235189445407243625 ) ) ;
#4427 =( LENGTH_UNIT ( ) NAMED_UNIT ( * ) SI_UNIT ( .MILLI., .METRE. ) );
#4428 = CARTESIAN_POINT ( 'NONE',  ( 6.995967103447775948, 33.77303391499870600, 11.29164099527020504 ) ) ;
#4429 = CARTESIAN_POINT ( 'NONE',  ( 8.653750030778279978, 28.65803391499869335, 10.57354513781388761 ) ) ;
#4430 = DIRECTION ( 'NONE',  ( 0.000000000000000000, 1.000000000000000000, 0.000000000000000000 ) ) ;
#4431 = ADVANCED_FACE ( 'NONE', ( #6082 ), #7403, .T. ) ;
#4432 = LINE ( 'NONE', #3146, #1717 ) ;
#4433 = ADVANCED_FACE ( 'NONE', ( #1535 ), #9081, .T. ) ;
#4434 = ORIENTED_EDGE ( 'NONE', *, *, #9397, .F. ) ;
#4435 = CARTESIAN_POINT ( 'NONE',  ( 10.38920444010473965, 36.48310167748234534, 8.156335422632643883 ) ) ;
#4436 = B_SPLINE_SURFACE_WITH_KNOTS ( 'NONE', 3, 1, ( 
 ( #1427, #7391 ),
 ( #5882, #7931 ),
 ( #8074, #8869 ),
 ( #1372, #685 ) ),
 .UNSPECIFIED., .F., .F., .F.,
 ( 4, 4 ),
 ( 2, 2 ),
 ( 0.000000000000000000, 1.000000000000000000 ),
 ( 0.000000000000000000, 1.000000000000000000 ),
 .UNSPECIFIED. ) ;
#4437 = CARTESIAN_POINT ( 'NONE',  ( 7.543747979930583547, 13.10624822682571811, 11.06215279243962968 ) ) ;
#4438 = CARTESIAN_POINT ( 'NONE',  ( 7.718165966550194490, 17.01969580221317813, 10.64037036603218134 ) ) ;
#4439 = CARTESIAN_POINT ( 'NONE',  ( 11.06823225953493228, 45.00000000000000000, 6.730131960841546856 ) ) ;
#4440 = CARTESIAN_POINT ( 'NONE',  ( 9.070019801569770834, 39.74999999999998579, 1.541019402581343067 ) ) ;
#4441 = CARTESIAN_POINT ( 'NONE',  ( 6.912918189318599360, 16.98803391499869520, 10.91160723304259506 ) ) ;
#4442 = DIRECTION ( 'NONE',  ( -1.000000000000000000, 0.000000000000000000, 3.898255002195073878E-16 ) ) ;
#4443 = EDGE_CURVE ( 'NONE', #6316, #3415, #9593, .T. ) ;
#4444 = EDGE_CURVE ( 'NONE', #8551, #6304, #3696, .T. ) ;
#4445 = ORIENTED_EDGE ( 'NONE', *, *, #4201, .T. ) ;
#4446 = CARTESIAN_POINT ( 'NONE',  ( 11.44999999999999751, 4.289617747577148421, -4.449999999999998401 ) ) ;
#4447 = CARTESIAN_POINT ( 'NONE',  ( 9.071105419317529339, 39.38334975541596350, -1.534619498756119027 ) ) ;
#4448 = ORIENTED_EDGE ( 'NONE', *, *, #45, .F. ) ;
#4449 = ORIENTED_EDGE ( 'NONE', *, *, #7000, .F. ) ;
#4450 = CARTESIAN_POINT ( 'NONE',  ( 8.319497862628439933, 36.39258917805715043, 10.65108769145679446 ) ) ;
#4451 = CARTESIAN_POINT ( 'NONE',  ( 11.25569861085079282, 9.699849406598866963, 7.091387638889375289 ) ) ;
#4452 = ORIENTED_EDGE ( 'NONE', *, *, #7538, .F. ) ;
#4453 = CIRCLE ( 'NONE', #8649, 8.249999999999998224 ) ;
#4454 = CARTESIAN_POINT ( 'NONE',  ( -11.15000000000000213, 40.71038225242285336, 4.450000000000001954 ) ) ;
#4455 = CARTESIAN_POINT ( 'NONE',  ( 5.275091619376921948, 43.91119704909331034, 11.15000000000077129 ) ) ;
#4456 = ADVANCED_FACE ( 'NONE', ( #1635 ), #6728, .T. ) ;
#4457 = LINE ( 'NONE', #7373, #5137 ) ;
#4458 = VERTEX_POINT ( 'NONE', #5302 ) ;
#4459 = VERTEX_POINT ( 'NONE', #8282 ) ;
#4460 = CARTESIAN_POINT ( 'NONE',  ( 10.86569850645069479, 10.60182545217664618, 7.250407591279706132 ) ) ;
#4461 = VERTEX_POINT ( 'NONE', #7502 ) ;
#4462 = CARTESIAN_POINT ( 'NONE',  ( -10.55474225290308254, 11.78303391499870045, -12.34725774709692914 ) ) ;
#4463 = CIRCLE ( 'NONE', #7110, 8.949999999999993960 ) ;
#4464 = DIRECTION ( 'NONE',  ( 0.7071067811865474617, 0.000000000000000000, 0.7071067811865474617 ) ) ;
#4465 = CARTESIAN_POINT ( 'NONE',  ( 7.956880552509348448, 41.93303391499870258, 10.85248301758246470 ) ) ;
#4466 = CARTESIAN_POINT ( 'NONE',  ( 11.31442065067651548, 20.58803400285406937, 6.933893945112351354 ) ) ;
#4467 = EDGE_CURVE ( 'NONE', #8617, #5569, #4588, .T. ) ;
#4469 = AXIS2_PLACEMENT_3D ( 'NONE', #1214, #7181, #2687 ) ;
#4468 = CARTESIAN_POINT ( 'NONE',  ( 7.703339513730228738, 33.47303391499869463, 11.23533808187118765 ) ) ;
#4470 = B_SPLINE_CURVE_WITH_KNOTS ( 'NONE', 3,
 ( #4663, #4017, #3188, #2454 ),
 .UNSPECIFIED., .F., .F.,
 ( 4, 4 ),
 ( 1.999999999988125302E-07, 0.005865200087855366312 ),
 .UNSPECIFIED. ) ;
#4471 = CARTESIAN_POINT ( 'NONE',  ( 10.93076636823581893, 32.05332236341965313, 7.097046347523638055 ) ) ;
#4472 = CARTESIAN_POINT ( 'NONE',  ( 7.392241868579395359, 11.58803391499868063, 10.64846879205749808 ) ) ;
#4473 = ORIENTED_EDGE ( 'NONE', *, *, #5174, .T. ) ;
#4474 = ORIENTED_EDGE ( 'NONE', *, *, #6905, .T. ) ;
#4475 = CARTESIAN_POINT ( 'NONE',  ( 8.715818302339034318, 36.09635701085270654, 10.00355820520740657 ) ) ;
#4476 = CARTESIAN_POINT ( 'NONE',  ( 11.09315374258438780, 8.919518885631244842, 7.476302752929227857 ) ) ;
#4477 = CARTESIAN_POINT ( 'NONE',  ( 11.07904093737232465, 20.58803400285406937, 6.698514231807727981 ) ) ;
#4478 = CARTESIAN_POINT ( 'NONE',  ( 10.34128709514628852, 17.19803391499871026, 8.230573549418508605 ) ) ;
#4479 = CARTESIAN_POINT ( 'NONE',  ( 9.259584718110083656, 13.52303391499869889, 9.524749957169095893 ) ) ;
#4480 = CARTESIAN_POINT ( 'NONE',  ( 9.415631703588319468, 30.54803391499869747, 9.383812094549067950 ) ) ;
#4481 = B_SPLINE_CURVE_WITH_KNOTS ( 'NONE', 3,
 ( #8462, #87, #3774, #1765, #4755, #3036, #6016, #9007 ),
 .UNSPECIFIED., .F., .F.,
 ( 4, 2, 2, 4 ),
 ( 0.000000000000000000, 0.0004962240715933899328, 0.0009924481431867798655, 0.001984896286373552792 ),
 .UNSPECIFIED. ) ;
#4482 = ORIENTED_EDGE ( 'NONE', *, *, #693, .T. ) ;
#4483 = DIRECTION ( 'NONE',  ( 0.000000000000000000, 1.486905836551549079E-15, -1.000000000000000000 ) ) ;
#4484 = EDGE_CURVE ( 'NONE', #6316, #5181, #4635, .T. ) ;
#4485 = DIRECTION ( 'NONE',  ( 0.000000000000000000, -1.000000000000000000, 0.000000000000000000 ) ) ;
#4486 = CARTESIAN_POINT ( 'NONE',  ( 10.47936334331031638, 31.46785326540263483, 8.567800583590045704 ) ) ;
#4487 = DIRECTION ( 'NONE',  ( 0.000000000000000000, 1.000000000000000000, 0.000000000000000000 ) ) ;
#4488 = CARTESIAN_POINT ( 'NONE',  ( -7.497499024879560992, 39.19999999999998153, -5.331745340123618782 ) ) ;
#4489 = CARTESIAN_POINT ( 'NONE',  ( 9.001137981205037164, 42.13378913294273076, 10.15982290730709003 ) ) ;
#4490 = CARTESIAN_POINT ( 'NONE',  ( 11.06823215902973878, 39.50303391499870287, 6.730132252564450468 ) ) ;
#4491 = ORIENTED_EDGE ( 'NONE', *, *, #5651, .F. ) ;
#4492 = VERTEX_POINT ( 'NONE', #2471 ) ;
#4493 = VERTEX_POINT ( 'NONE', #4031 ) ;
#4494 = CARTESIAN_POINT ( 'NONE',  ( 8.966580961956571727, 5.590563617507728011, 10.18733783976930063 ) ) ;
#4495 = ADVANCED_FACE ( 'NONE', ( #3303 ), #7166, .T. ) ;
#4496 = CARTESIAN_POINT ( 'NONE',  ( 7.621889577953283812, 11.01803391499869100, 10.68719767051100789 ) ) ;
#4497 = VERTEX_POINT ( 'NONE', #6180 ) ;
#4498 = EDGE_CURVE ( 'NONE', #2599, #1343, #1736, .T. ) ;
#4499 = DIRECTION ( 'NONE',  ( -0.000000000000000000, 1.000000000000000000, -0.000000000000000000 ) ) ;
#4500 = AXIS2_PLACEMENT_3D ( 'NONE', #4043, #9331, #6427 ) ;
#4501 = FACE_OUTER_BOUND ( 'NONE', #2184, .T. ) ;
#4502 = LINE ( 'NONE', #6098, #1545 ) ;
#4503 = DIRECTION ( 'NONE',  ( -1.950928704509022012E-16, -3.440013680435617659E-17, -1.000000000000000000 ) ) ;
#4504 = VERTEX_POINT ( 'NONE', #2562 ) ;
#4505 = ORIENTED_EDGE ( 'NONE', *, *, #7645, .F. ) ;
#4506 = CARTESIAN_POINT ( 'NONE',  ( 10.47313023493327755, 16.49303391499870486, 8.574548723561479235 ) ) ;
#4507 = ORIENTED_EDGE ( 'NONE', *, *, #2576, .T. ) ;
#4508 = EDGE_CURVE ( 'NONE', #7043, #6435, #9274, .T. ) ;
#4509 = CARTESIAN_POINT ( 'NONE',  ( 7.503137776691549909, 39.74999999999998579, -5.323807237680953541 ) ) ;
#4510 = CARTESIAN_POINT ( 'NONE',  ( 0.000000000000000000, 39.74999999999998579, 0.000000000000000000 ) ) ;
#4511 = CARTESIAN_POINT ( 'NONE',  ( 11.06823225953493228, 28.92951752022803547, 6.730131960841546856 ) ) ;
#4512 = DIRECTION ( 'NONE',  ( -0.000000000000000000, -1.000000000000000000, -0.000000000000000000 ) ) ;
#4513 = VECTOR ( 'NONE', #1586, 1000.000000000000000 ) ;
#4514 = CARTESIAN_POINT ( 'NONE',  ( 4.449999999999998401, 7.750000000000000000, -4.449999999999998401 ) ) ;
#4515 = CARTESIAN_POINT ( 'NONE',  ( 4.449999999999998401, 5.500000000000000000, -4.449999999999998401 ) ) ;
#4516 = DIRECTION ( 'NONE',  ( -0.7071067811865474617, 0.000000000000000000, -0.7071067811865474617 ) ) ;
#4517 = ORIENTED_EDGE ( 'NONE', *, *, #7160, .F. ) ;
#4518 = ORIENTED_EDGE ( 'NONE', *, *, #827, .T. ) ;
#4519 = CARTESIAN_POINT ( 'NONE',  ( 1.542474354229314004, 39.83335412408865750, -8.985223950274932037 ) ) ;
#4520 = ADVANCED_FACE ( 'NONE', ( #937 ), #6130, .T. ) ;
#4521 = CARTESIAN_POINT ( 'NONE',  ( 9.071645687993036944, 39.19999999999998153, -1.531419116870760044 ) ) ;
#4522 = CARTESIAN_POINT ( 'NONE',  ( 7.467548258320023002, 28.38803391499868667, 10.76620158866940358 ) ) ;
#4523 = CARTESIAN_POINT ( 'NONE',  ( 9.255641819932218795, 45.00000000000000000, 9.945071127703309699 ) ) ;
#4524 = CARTESIAN_POINT ( 'NONE',  ( 7.665890955519402361, 36.09803391499868042, 10.66755943777046944 ) ) ;
#4525 = CARTESIAN_POINT ( 'NONE',  ( 9.874465220330977289, 17.24955247800982150, 8.877267976931630500 ) ) ;
#4526 = CARTESIAN_POINT ( 'NONE',  ( -8.985223950274948024, 39.83335412408865750, 1.542474354229219635 ) ) ;
#4527 = CARTESIAN_POINT ( 'NONE',  ( -12.70788240161610894, 6.773033914998689120, -10.19411759838390452 ) ) ;
#4528 = VECTOR ( 'NONE', #8755, 1000.000000000000114 ) ;
#4529 = EDGE_CURVE ( 'NONE', #1554, #9433, #5546, .T. ) ;
#4530 = B_SPLINE_CURVE_WITH_KNOTS ( 'NONE', 3,
 ( #8693, #3287, #3233, #6211, #7958, #1258, #5486, #8467, #4018, #1771 ),
 .UNSPECIFIED., .F., .F.,
 ( 4, 2, 2, 2, 4 ),
 ( 0.000000000000000000, 0.0007364490398434502851, 0.001472898079686900570, 0.002209347119530350855, 0.002945796159373801140 ),
 .UNSPECIFIED. ) ;
#4531 = ORIENTED_EDGE ( 'NONE', *, *, #3650, .T. ) ;
#4532 = CARTESIAN_POINT ( 'NONE',  ( 10.82019289528263251, 37.37303391499870742, 7.351834329676795399 ) ) ;
#4533 = CARTESIAN_POINT ( 'NONE',  ( 7.476302483458828085, 39.09774928605529709, 11.09315386534220238 ) ) ;
#4534 = CARTESIAN_POINT ( 'NONE',  ( 10.12294066955138661, 36.76110762493798489, 9.047959981496003223 ) ) ;
#4535 = VECTOR ( 'NONE', #1291, 1000.000000000000114 ) ;
#4536 = AXIS2_PLACEMENT_3D ( 'NONE', #1551, #3711, #2342 ) ;
#4537 = CARTESIAN_POINT ( 'NONE',  ( 7.981788991257352528, 42.17779861631437655, 10.49569140402729417 ) ) ;
#4538 = AXIS2_PLACEMENT_3D ( 'NONE', #2761, #5561, #8734 ) ;
#4539 = CARTESIAN_POINT ( 'NONE',  ( 1.545383168813366126, 39.99999999999999289, -8.127065172579140295 ) ) ;
#4540 = CIRCLE ( 'NONE', #294, 5.599999999999979217 ) ;
#4541 = CARTESIAN_POINT ( 'NONE',  ( 8.205649646289105092, 16.50803391499869477, 10.95275968731291805 ) ) ;
#4542 = CARTESIAN_POINT ( 'NONE',  ( 8.871194579532753366, 13.41481009355255338, 9.877633498743499274 ) ) ;
#4543 = ORIENTED_EDGE ( 'NONE', *, *, #199, .T. ) ;
#4544 = ADVANCED_FACE ( 'NONE', ( #5594 ), #347, .T. ) ;
#4545 = DIRECTION ( 'NONE',  ( 1.000000000000000000, 0.000000000000000000, 0.000000000000000000 ) ) ;
#4546 = ORIENTED_EDGE ( 'NONE', *, *, #7406, .T. ) ;
#4547 = CIRCLE ( 'NONE', #4068, 0.2999999999999999334 ) ;
#4548 = VECTOR ( 'NONE', #9699, 1000.000000000000114 ) ;
#4549 = ORIENTED_EDGE ( 'NONE', *, *, #3578, .T. ) ;
#4550 = CARTESIAN_POINT ( 'NONE',  ( -11.45000000000000107, 0.3575260777782876542, -4.449999999999996625 ) ) ;
#4551 = CARTESIAN_POINT ( 'NONE',  ( -8.818141051064241509, 39.15591825482287192, 1.530649667146483539 ) ) ;
#4552 = EDGE_LOOP ( 'NONE', ( #5469, #1823, #2772, #3262 ) ) ;
#4553 = CARTESIAN_POINT ( 'NONE',  ( 11.45296964873844203, 12.05303391499870713, 7.242148962886597374 ) ) ;
#4554 = B_SPLINE_CURVE_WITH_KNOTS ( 'NONE', 3,
 ( #5892, #2908, #8879, #5159, #4438, #7402, #7636, #6821, #3202, #8978 ),
 .UNSPECIFIED., .F., .F.,
 ( 4, 3, 3, 4 ),
 ( 5.204170427930421283E-18, 0.0001373345802831590315, 0.0002746716979965626616, 0.0005308144461231986081 ),
 .UNSPECIFIED. ) ;
#4555 = LINE ( 'NONE', #3759, #8890 ) ;
#4556 = FACE_OUTER_BOUND ( 'NONE', #7484, .T. ) ;
#4557 = ADVANCED_FACE ( 'NONE', ( #1038 ), #5451, .T. ) ;
#4558 = ORIENTED_EDGE ( 'NONE', *, *, #7757, .T. ) ;
#4559 = EDGE_CURVE ( 'NONE', #3455, #5119, #4872, .T. ) ;
#4560 = ORIENTED_EDGE ( 'NONE', *, *, #4422, .T. ) ;
#4561 = ORIENTED_EDGE ( 'NONE', *, *, #3605, .F. ) ;
#4562 = CARTESIAN_POINT ( 'NONE',  ( 9.120715315958754843, 17.27303391499868823, 10.06606125497694393 ) ) ;
#4563 = ORIENTED_EDGE ( 'NONE', *, *, #7946, .F. ) ;
#4564 = LINE ( 'NONE', #9049, #1077 ) ;
#4565 = FACE_OUTER_BOUND ( 'NONE', #5052, .T. ) ;
#4566 = CARTESIAN_POINT ( 'NONE',  ( 10.64311019197418595, 20.58325720257407454, 8.789108973434732519 ) ) ;
#4567 = AXIS2_PLACEMENT_3D ( 'NONE', #5116, #1340, #4442 ) ;
#4568 = CARTESIAN_POINT ( 'NONE',  ( 7.305628747007300916, 33.47303391499869463, 10.83762731514826072 ) ) ;
#4569 = CARTESIAN_POINT ( 'NONE',  ( 6.876132920220637601, 16.43303391499870258, 10.89603516738022471 ) ) ;
#4570 = ORIENTED_EDGE ( 'NONE', *, *, #1609, .T. ) ;
#4571 = EDGE_CURVE ( 'NONE', #5761, #2487, #4103, .T. ) ;
#4572 = VERTEX_POINT ( 'NONE', #7787 ) ;
#4573 = CARTESIAN_POINT ( 'NONE',  ( 11.00164225282593478, 16.26045873593745128, 7.673326249204890814 ) ) ;
#4574 = VECTOR ( 'NONE', #5980, 1000.000000000000000 ) ;
#4575 = CARTESIAN_POINT ( 'NONE',  ( -7.317700093927303584, 39.15591825482287192, 5.153034575406643114 ) ) ;
#4576 = DIRECTION ( 'NONE',  ( 0.000000000000000000, 5.916472195555121101E-07, -0.9999999999998249178 ) ) ;
#4577 = DIRECTION ( 'NONE',  ( -0.7071067811865474617, 0.000000000000000000, -0.7071067811865474617 ) ) ;
#4578 = CARTESIAN_POINT ( 'NONE',  ( 7.915651612510992585, 41.12803391499871708, 10.87489368789088395 ) ) ;
#4579 = CARTESIAN_POINT ( 'NONE',  ( -13.22760568967424355, 22.41803400285404990, -9.674394310325769908 ) ) ;
#4580 = CARTESIAN_POINT ( 'NONE',  ( 9.404647954830540613, 14.21303391499869484, 9.818305617938728247 ) ) ;
#4581 = DIRECTION ( 'NONE',  ( -0.000000000000000000, 1.000000000000000000, -0.000000000000000000 ) ) ;
#4582 = EDGE_CURVE ( 'NONE', #2599, #4660, #1089, .T. ) ;
#4583 =( BOUNDED_CURVE ( )  B_SPLINE_CURVE ( 3, ( #7477, #3178, #3080, #7611 ),
 .UNSPECIFIED., .F., .T. ) 
 B_SPLINE_CURVE_WITH_KNOTS ( ( 4, 4 ),
 ( 4.880781441550309019, 4.884256152194948797 ),
 .UNSPECIFIED. ) 
 CURVE ( )  GEOMETRIC_REPRESENTATION_ITEM ( )  RATIONAL_B_SPLINE_CURVE ( ( 1.000000000000000000, 0.9999989938657476429, 0.9999989938657476429, 1.000000000000000000 ) ) 
 REPRESENTATION_ITEM ( '' )  );
#4584 = EDGE_LOOP ( 'NONE', ( #6747, #746, #6249, #8713 ) ) ;
#4585 = FACE_BOUND ( 'NONE', #2347, .T. ) ;
#4586 = DIRECTION ( 'NONE',  ( 0.1736481776669349664, -0.9848077530122072432, 0.000000000000000000 ) ) ;
#4587 = CARTESIAN_POINT ( 'NONE',  ( 8.161274987609557385, 27.94697803158712190, 10.73678610104022191 ) ) ;
#4588 = LINE ( 'NONE', #5988, #5363 ) ;
#4589 = DIRECTION ( 'NONE',  ( 0.000000000000000000, 0.000000000000000000, -1.000000000000000000 ) ) ;
#4590 = CARTESIAN_POINT ( 'NONE',  ( -4.450000000000001066, 45.00000000000000000, 11.44999999999999929 ) ) ;
#4591 = B_SPLINE_CURVE_WITH_KNOTS ( 'NONE', 3,
 ( #1053, #8346, #7754, #7078 ),
 .UNSPECIFIED., .F., .F.,
 ( 4, 4 ),
 ( 0.001946477426064012039, 0.002203787294076945541 ),
 .UNSPECIFIED. ) ;
#4592 = CARTESIAN_POINT ( 'NONE',  ( -10.05012740573152819, 5.475667520024554591, -0.1972462963967872018 ) ) ;
#4593 = ORIENTED_EDGE ( 'NONE', *, *, #4443, .F. ) ;
#4594 = EDGE_CURVE ( 'NONE', #4095, #2193, #3625, .T. ) ;
#4595 = B_SPLINE_CURVE_WITH_KNOTS ( 'NONE', 3,
 ( #728, #5974, #8965, #3824, #5242, #1521 ),
 .UNSPECIFIED., .F., .F.,
 ( 4, 2, 4 ),
 ( 0.000000000000000000, 0.0006127699290394482239, 0.001225539858078896448 ),
 .UNSPECIFIED. ) ;
#4596 = EDGE_LOOP ( 'NONE', ( #3208, #5428, #4630, #2874 ) ) ;
#4597 = ORIENTED_EDGE ( 'NONE', *, *, #5393, .F. ) ;
#4598 = CARTESIAN_POINT ( 'NONE',  ( 8.064613783042220874, 10.73605563225316040, 10.44468933537646471 ) ) ;
#4599 = CARTESIAN_POINT ( 'NONE',  ( -8.905983949639168173, 39.17118877711948954, 1.530916215104657585 ) ) ;
#4600 = ORIENTED_EDGE ( 'NONE', *, *, #5507, .F. ) ;
#4601 = CARTESIAN_POINT ( 'NONE',  ( -7.326300904425099070, 39.99999999999998579, -5.140799068026280949 ) ) ;
#4602 = DIRECTION ( 'NONE',  ( -0.000000000000000000, 1.000000000000000000, -0.000000000000000000 ) ) ;
#4603 = DIRECTION ( 'NONE',  ( -5.346750439654543884E-15, -1.425800117241211610E-15, 1.000000000000000000 ) ) ;
#4604 = ORIENTED_EDGE ( 'NONE', *, *, #2565, .T. ) ;
#4605 = ORIENTED_EDGE ( 'NONE', *, *, #4610, .F. ) ;
#4606 = ORIENTED_EDGE ( 'NONE', *, *, #4751, .T. ) ;
#4607 = CARTESIAN_POINT ( 'NONE',  ( 10.32811757685355403, 16.59123671481104978, 8.780719340857082500 ) ) ;
#4608 = VERTEX_POINT ( 'NONE', #2750 ) ;
#4609 = LINE ( 'NONE', #6287, #6545 ) ;
#4610 = EDGE_CURVE ( 'NONE', #8348, #3978, #9234, .T. ) ;
#4611 = CARTESIAN_POINT ( 'NONE',  ( 7.476302483458932002, 8.723033914998678640, 11.09315386534215619 ) ) ;
#4612 = CARTESIAN_POINT ( 'NONE',  ( 4.450000000000002842, 5.500000000000000000, -10.54999999999997939 ) ) ;
#4613 = LINE ( 'NONE', #773, #2998 ) ;
#4614 = CARTESIAN_POINT ( 'NONE',  ( 10.59393870791365799, 16.65803391499870401, 7.804402652246801964 ) ) ;
#4615 = CARTESIAN_POINT ( 'NONE',  ( 9.144212352862979287, 16.70303391499869505, 9.642722829713571642 ) ) ;
#4616 = ORIENTED_EDGE ( 'NONE', *, *, #1866, .F. ) ;
#4617 = ORIENTED_EDGE ( 'NONE', *, *, #6857, .T. ) ;
#4618 = DIRECTION ( 'NONE',  ( -0.005235963831419590889, -0.9999862922474268556, 0.000000000000000000 ) ) ;
#4619 = VECTOR ( 'NONE', #4351, 1000.000000000000114 ) ;
#4620 = CARTESIAN_POINT ( 'NONE',  ( 7.575165847318525714, 31.20803391499870472, 10.23742307460002721 ) ) ;
#4621 = EDGE_CURVE ( 'NONE', #5553, #9582, #7888, .T. ) ;
#4622 = DIRECTION ( 'NONE',  ( -0.9848077530122074652, -0.1736481776669347166, -1.919515874690163818E-16 ) ) ;
#4623 = EDGE_CURVE ( 'NONE', #1343, #8595, #2851, .T. ) ;
#4624 = CARTESIAN_POINT ( 'NONE',  ( 7.442927211897871764, 36.00000000000000000, -0.3570727881020535621 ) ) ;
#4625 = LINE ( 'NONE', #3143, #2714 ) ;
#4626 = DIRECTION ( 'NONE',  ( 1.028701378627274345E-14, 0.01745240643728355329, -0.9998476951563912696 ) ) ;
#4627 = CARTESIAN_POINT ( 'NONE',  ( 9.587268445952293661, 12.29303391499871090, 9.640301650655336729 ) ) ;
#4628 = CARTESIAN_POINT ( 'NONE',  ( -4.450000000000001066, 41.89177302316960549, 11.44999999999999929 ) ) ;
#4629 = CARTESIAN_POINT ( 'NONE',  ( -11.45000000000000107, 45.00000000000000000, -4.449999999999996625 ) ) ;
#4630 = ORIENTED_EDGE ( 'NONE', *, *, #5335, .T. ) ;
#4631 = CARTESIAN_POINT ( 'NONE',  ( 9.415631703588319468, 30.54803391499869747, 9.383812094549067950 ) ) ;
#4632 = CARTESIAN_POINT ( 'NONE',  ( 5.323656006879691205, 43.91976026090702589, -11.45689840984611507 ) ) ;
#4633 = CARTESIAN_POINT ( 'NONE',  ( 10.51856273033803646, 37.08678251590009012, 8.509864044934188243 ) ) ;
#4634 = ADVANCED_FACE ( 'NONE', ( #7243 ), #8570, .T. ) ;
#4635 = LINE ( 'NONE', #8979, #6613 ) ;
#4636 = DIRECTION ( 'NONE',  ( 2.533865751426797207E-15, -0.000000000000000000, 1.000000000000000000 ) ) ;
#4637 = CARTESIAN_POINT ( 'NONE',  ( 4.450000000000005507, 5.500000000000000000, 10.55000000000000249 ) ) ;
#4638 = CARTESIAN_POINT ( 'NONE',  ( 11.32004230891594077, 33.41207287759796429, 6.918302792143837365 ) ) ;
#4639 = ORIENTED_EDGE ( 'NONE', *, *, #1693, .T. ) ;
#4640 =( BOUNDED_SURFACE ( )  B_SPLINE_SURFACE ( 3, 2, ( 
 ( #8919, #5926, #4225 ),
 ( #2898, #7242, #8718 ),
 ( #538, #1230, #5006 ),
 ( #6511, #2795, #5787 ),
 ( #2749, #9609, #2166 ),
 ( #3636, #2071, #8821 ),
 ( #5055, #1281, #7982 ),
 ( #5738, #4275, #2020 ),
 ( #8027, #1325, #490 ),
 ( #6615, #3535, #7286 ) ),
 .UNSPECIFIED., .F., .F., .T. ) 
 B_SPLINE_SURFACE_WITH_KNOTS ( ( 4, 2, 2, 2, 4 ),
 ( 3, 3 ),
 ( 3.141592653589793116, 3.534291735288517255, 3.926990816987241395, 4.319689898685965090, 4.712388980384689674 ),
 ( 0.000000000000000000, 1.000000000000000000 ),
 .UNSPECIFIED. ) 
 GEOMETRIC_REPRESENTATION_ITEM ( )  RATIONAL_B_SPLINE_SURFACE ( (
 ( 1.000000000000000000, 0.7660444431189804559, 1.000000000000000000),
 ( 1.000000000000000000, 0.7660498913269504495, 1.000000000000000000),
 ( 1.000000000000000000, 0.7645733717320418732, 1.000000000000000000),
 ( 1.000000000000000000, 0.7588635302789125125, 1.000000000000000000),
 ( 1.000000000000000000, 0.7546251424891646797, 1.000000000000000000),
 ( 1.000000000000000000, 0.7438993344340379954, 1.000000000000000000),
 ( 1.000000000000000000, 0.7374130120238876485, 1.000000000000000000),
 ( 1.000000000000000000, 0.7230336872113344304, 1.000000000000000000),
 ( 1.000000000000000000, 0.7151467540056503092, 1.000000000000000000),
 ( 1.000000000000000000, 0.7071067811865477948, 1.000000000000000000) ) ) 
 REPRESENTATION_ITEM ( '' )  SURFACE ( )  );
#4641 = ORIENTED_EDGE ( 'NONE', *, *, #1910, .F. ) ;
#4642 = EDGE_LOOP ( 'NONE', ( #138, #1299, #2527, #9596 ) ) ;
#4643 = CARTESIAN_POINT ( 'NONE',  ( 10.72163896839919062, 35.94054297285430266, 8.186643054327849001 ) ) ;
#4644 = CARTESIAN_POINT ( 'NONE',  ( 10.98357402210328893, 10.91303391499870479, 7.706134287417688356 ) ) ;
#4645 = EDGE_LOOP ( 'NONE', ( #8883, #329, #4301, #3296, #4922, #358, #797, #647, #7820, #1108, #7034, #8038, #1309, #1153, #5733, #8620, #4382, #3468, #5143, #5183, #513 ) ) ;
#4646 = EDGE_CURVE ( 'NONE', #9328, #3617, #5481, .T. ) ;
#4647 = CARTESIAN_POINT ( 'NONE',  ( 10.42458087658278387, 36.50303391499869576, 7.741110838094004798 ) ) ;
#4648 = DIRECTION ( 'NONE',  ( 3.563712632514850700E-15, -0.005235963831419591756, -0.9999862922474268556 ) ) ;
#4649 = CARTESIAN_POINT ( 'NONE',  ( 8.446789452476108906, 11.32226862631843822, 10.56024533172085356 ) ) ;
#4650 = VERTEX_POINT ( 'NONE', #1925 ) ;
#4651 = VERTEX_POINT ( 'NONE', #1326 ) ;
#4652 = ORIENTED_EDGE ( 'NONE', *, *, #7469, .F. ) ;
#4653 = LINE ( 'NONE', #3128, #3620 ) ;
#4654 = ORIENTED_EDGE ( 'NONE', *, *, #9503, .T. ) ;
#4655 = CARTESIAN_POINT ( 'NONE',  ( 10.50998542499329957, 6.803033914998705356, 7.953794607117962379 ) ) ;
#4656 = CARTESIAN_POINT ( 'NONE',  ( 6.887534997139137971, 15.86218664976888171, 11.01212570798592338 ) ) ;
#4657 = CARTESIAN_POINT ( 'NONE',  ( 8.252524834083066807, 31.83803391499869662, 10.68143682357300683 ) ) ;
#4658 = DIRECTION ( 'NONE',  ( 0.000000000000000000, 0.000000000000000000, 1.000000000000000000 ) ) ;
#4659 = VERTEX_POINT ( 'NONE', #4960 ) ;
#4660 = VERTEX_POINT ( 'NONE', #6366 ) ;
#4661 = ADVANCED_FACE ( 'NONE', ( #6417 ), #9415, .T. ) ;
#4662 = CARTESIAN_POINT ( 'NONE',  ( 10.77103674239585374, 41.89974745032218806, 7.461245544672769014 ) ) ;
#4663 = CARTESIAN_POINT ( 'NONE',  ( 6.777324397912932064, 22.41803400285404990, 11.05178469407168862 ) ) ;
#4664 = CARTESIAN_POINT ( 'NONE',  ( -0.3000000000000001554, 25.10000000000000497, 10.49999999999999822 ) ) ;
#4665 = DIRECTION ( 'NONE',  ( 0.7071067811865474617, 0.000000000000000000, 0.7071067811865474617 ) ) ;
#4666 = CARTESIAN_POINT ( 'NONE',  ( 7.187744610406046064, 16.08222332840819746, 11.21801444634949974 ) ) ;
#4667 = CARTESIAN_POINT ( 'NONE',  ( -5.178430306807645600, 37.39999999999999858, 7.299750650367180071 ) ) ;
#4668 = CARTESIAN_POINT ( 'NONE',  ( 10.44979912617867157, 6.686869374714033754, 8.057889776640751123 ) ) ;
#4669 = CARTESIAN_POINT ( 'NONE',  ( 9.070019801569781492, 39.74999999999998579, -1.541019402581279785 ) ) ;
#4670 = LINE ( 'NONE', #9626, #3742 ) ;
#4671 = VERTEX_POINT ( 'NONE', #4326 ) ;
#4672 = EDGE_CURVE ( 'NONE', #8938, #5039, #8671, .T. ) ;
#4673 = EDGE_CURVE ( 'NONE', #4109, #3617, #1374, .T. ) ;
#4674 = ORIENTED_EDGE ( 'NONE', *, *, #188, .T. ) ;
#4675 = FACE_OUTER_BOUND ( 'NONE', #1394, .T. ) ;
#4676 =( BOUNDED_CURVE ( )  B_SPLINE_CURVE ( 3, ( #8473, #7832, #8616, #9407 ),
 .UNSPECIFIED., .F., .T. ) 
 B_SPLINE_CURVE_WITH_KNOTS ( ( 4, 4 ),
 ( 4.354865436748577068, 4.359705950757568615 ),
 .UNSPECIFIED. ) 
 CURVE ( )  GEOMETRIC_REPRESENTATION_ITEM ( )  RATIONAL_B_SPLINE_CURVE ( ( 1.000000000000000000, 0.9999980474529639451, 0.9999980474529639451, 1.000000000000000000 ) ) 
 REPRESENTATION_ITEM ( '' )  );
#4677 = CARTESIAN_POINT ( 'NONE',  ( -1.500000000000000000, 37.39999999999999858, -9.500000000000000000 ) ) ;
#4678 = CARTESIAN_POINT ( 'NONE',  ( -3.382249081800390744, 39.99999999999999289, -5.567750918199470433 ) ) ;
#4679 = CARTESIAN_POINT ( 'NONE',  ( 6.797057124571677988, 37.39999999999999858, 4.675736781012096444 ) ) ;
#4680 = DIRECTION ( 'NONE',  ( 0.005235963831419591756, -0.9999862922474268556, 0.000000000000000000 ) ) ;
#4681 = CARTESIAN_POINT ( 'NONE',  ( 6.239972215338323025, 44.08133153132491344, 11.27809132663064062 ) ) ;
#4682 = VECTOR ( 'NONE', #5278, 1000.000000000000114 ) ;
#4683 = CARTESIAN_POINT ( 'NONE',  ( 8.838799630805715069, 13.82770695678039274, 9.903370178464589557 ) ) ;
#4684 = ORIENTED_EDGE ( 'NONE', *, *, #3578, .F. ) ;
#4685 = VERTEX_POINT ( 'NONE', #5644 ) ;
#4686 = EDGE_CURVE ( 'NONE', #6198, #7846, #2099, .T. ) ;
#4687 = ORIENTED_EDGE ( 'NONE', *, *, #4529, .T. ) ;
#4688 = FACE_OUTER_BOUND ( 'NONE', #9702, .T. ) ;
#4689 = VECTOR ( 'NONE', #48, 1000.000000000000114 ) ;
#4690 = DIRECTION ( 'NONE',  ( -0.000000000000000000, -1.000000000000000000, -0.000000000000000000 ) ) ;
#4691 = ORIENTED_EDGE ( 'NONE', *, *, #9127, .F. ) ;
#4692 = CARTESIAN_POINT ( 'NONE',  ( -4.449999999999990408, 36.00000000000000000, -9.890300914026143531 ) ) ;
#4693 = LINE ( 'NONE', #363, #7640 ) ;
#4694 = CIRCLE ( 'NONE', #4854, 0.7136548544052906395 ) ;
#4695 = CARTESIAN_POINT ( 'NONE',  ( 8.105909838119147892, 11.47594752436128296, 10.76994836972770386 ) ) ;
#4696 = AXIS2_PLACEMENT_3D ( 'NONE', #5841, #786, #5106 ) ;
#4697 = ORIENTED_EDGE ( 'NONE', *, *, #542, .T. ) ;
#4698 = EDGE_CURVE ( 'NONE', #3272, #8349, #2980, .T. ) ;
#4699 = ORIENTED_EDGE ( 'NONE', *, *, #3976, .F. ) ;
#4700 = ORIENTED_EDGE ( 'NONE', *, *, #8055, .T. ) ;
#4701 = CARTESIAN_POINT ( 'NONE',  ( 10.38109626184521517, 5.696354740672621375, 8.711426476426249010 ) ) ;
#4702 = EDGE_LOOP ( 'NONE', ( #7662, #2722, #2706, #2249 ) ) ;
#4703 = FACE_OUTER_BOUND ( 'NONE', #7879, .T. ) ;
#4704 = CARTESIAN_POINT ( 'NONE',  ( -10.05623197216657871, 16.65803391499870401, -12.84576802783343474 ) ) ;
#4705 = LINE ( 'NONE', #276, #6074 ) ;
#4706 = CARTESIAN_POINT ( 'NONE',  ( 10.89948732692264066, 15.78351729132232784, 7.171752866929809400 ) ) ;
#4707 = ORIENTED_EDGE ( 'NONE', *, *, #1752, .F. ) ;
#4708 = VECTOR ( 'NONE', #3637, 1000.000000000000114 ) ;
#4709 = B_SPLINE_CURVE_WITH_KNOTS ( 'NONE', 3,
 ( #2650, #4913, #7884, #7321, #3618, #2882, #6599, #9595, #4460, #715, #6008, #9047, #8304, #6150 ),
 .UNSPECIFIED., .F., .F.,
 ( 4, 2, 2, 2, 2, 2, 4 ),
 ( 0.000000000000000000, 0.0006006893026148776632, 0.001201378605229755326, 0.001802067907844632881, 0.002102412559152073285, 0.002252584884805795655, 0.002402757210459518025 ),
 .UNSPECIFIED. ) ;
#4710 = ORIENTED_EDGE ( 'NONE', *, *, #5082, .F. ) ;
#4711 = CARTESIAN_POINT ( 'NONE',  ( -11.09790554669992169, 0.06208375187461410288, -8.374769132100261970 ) ) ;
#4712 = CARTESIAN_POINT ( 'NONE',  ( 11.02660595261452237, 34.89867201274745412, 6.849198645320380585 ) ) ;
#4713 = CARTESIAN_POINT ( 'NONE',  ( -5.326454266351435152, 39.56668310586260162, 7.501259593081742061 ) ) ;
#4714 = CONICAL_SURFACE ( 'NONE', #321, 8.949999999999993960, 0.7853981633974482790 ) ;
#4715 = CARTESIAN_POINT ( 'NONE',  ( -8.426863585400344192, 41.49517265803223864, 11.15000000000000391 ) ) ;
#4716 = CARTESIAN_POINT ( 'NONE',  ( 9.024909518535555009, 27.89303391499870699, 10.13860289501850076 ) ) ;
#4717 = CARTESIAN_POINT ( 'NONE',  ( -7.299750650367270666, 37.39999999999999858, 5.178430306807518591 ) ) ;
#4718 = CARTESIAN_POINT ( 'NONE',  ( -11.44999999999999751, 40.71038225242284625, 8.550505063388335714 ) ) ;
#4719 = DIRECTION ( 'NONE',  ( 1.949127501097536693E-16, -0.000000000000000000, 1.000000000000000000 ) ) ;
#4720 = ORIENTED_EDGE ( 'NONE', *, *, #1570, .F. ) ;
#4721 = VECTOR ( 'NONE', #6874, 1000.000000000000227 ) ;
#4722 = ORIENTED_EDGE ( 'NONE', *, *, #6335, .F. ) ;
#4723 = CARTESIAN_POINT ( 'NONE',  ( -11.26780873538224803, 40.74113069221245098, -6.282235193643691318 ) ) ;
#4724 = LINE ( 'NONE', #4677, #7926 ) ;
#4725 = DIRECTION ( 'NONE',  ( -0.000000000000000000, -1.000000000000000000, 0.000000000000000000 ) ) ;
#4726 = CARTESIAN_POINT ( 'NONE',  ( 5.656854249492393905, 37.39999999999999858, -7.778174593052012753 ) ) ;
#4727 = CARTESIAN_POINT ( 'NONE',  ( -9.250130241613955917, 33.77303391499871310, -13.65186975838605576 ) ) ;
#4728 = DIRECTION ( 'NONE',  ( 0.000000000000000000, 5.916472193120572652E-07, -0.9999999999998249178 ) ) ;
#4729 = EDGE_CURVE ( 'NONE', #385, #6009, #4084, .T. ) ;
#4730 = EDGE_CURVE ( 'NONE', #4935, #80, #3259, .T. ) ;
#4731 = CARTESIAN_POINT ( 'NONE',  ( 7.249132938131101156, 8.723033914998678640, 10.86598432001432535 ) ) ;
#4732 = CARTESIAN_POINT ( 'NONE',  ( 7.265727500737737543, 8.708033914998678071, 11.60382779943124554 ) ) ;
#4733 = ORIENTED_EDGE ( 'NONE', *, *, #3737, .F. ) ;
#4734 =( BOUNDED_CURVE ( )  B_SPLINE_CURVE ( 3, ( #9549, #7327, #9644, #4509 ),
 .UNSPECIFIED., .F., .F. ) 
 B_SPLINE_CURVE_WITH_KNOTS ( ( 4, 4 ),
 ( 4.879626044906771654, 4.880684413535594679 ),
 .UNSPECIFIED. ) 
 CURVE ( )  GEOMETRIC_REPRESENTATION_ITEM ( )  RATIONAL_B_SPLINE_CURVE ( ( 1.000000000000000000, 0.9999999066546558790, 0.9999999066546558790, 1.000000000000000000 ) ) 
 REPRESENTATION_ITEM ( '' )  );
#4735 = ORIENTED_EDGE ( 'NONE', *, *, #3330, .F. ) ;
#4736 = B_SPLINE_CURVE_WITH_KNOTS ( 'NONE', 3,
 ( #4847, #7815, #1113, #371 ),
 .UNSPECIFIED., .F., .F.,
 ( 4, 4 ),
 ( 0.002351916184660976950, 0.002708655804823799536 ),
 .UNSPECIFIED. ) ;
#4737 = CARTESIAN_POINT ( 'NONE',  ( 6.727098962792194214, 39.30803391499870258, 11.06519926148585853 ) ) ;
#4738 = CARTESIAN_POINT ( 'NONE',  ( 10.11581627822171647, 42.27017275043158406, 8.561182841741912242 ) ) ;
#4739 = ORIENTED_EDGE ( 'NONE', *, *, #5193, .F. ) ;
#4740 = CARTESIAN_POINT ( 'NONE',  ( 10.95887557708440241, 36.50303391499869576, 8.275405538595624222 ) ) ;
#4741 = FACE_OUTER_BOUND ( 'NONE', #7559, .T. ) ;
#4742 = ADVANCED_FACE ( 'NONE', ( #2364 ), #5341, .T. ) ;
#4743 = ADVANCED_FACE ( 'NONE', ( #94 ), #686, .T. ) ;
#4744 = FACE_BOUND ( 'NONE', #5063, .T. ) ;
#4745 = CARTESIAN_POINT ( 'NONE',  ( -8.720851822146521215, 0.4812224581069194929, 10.07094002680924127 ) ) ;
#4746 = ORIENTED_EDGE ( 'NONE', *, *, #6595, .T. ) ;
#4747 = EDGE_LOOP ( 'NONE', ( #7102, #5315, #4394, #112 ) ) ;
#4748 = ORIENTED_EDGE ( 'NONE', *, *, #8217, .T. ) ;
#4749 = CARTESIAN_POINT ( 'NONE',  ( 10.80314452799351166, 11.79803391499870813, 8.268166913553793407 ) ) ;
#4750 = ORIENTED_EDGE ( 'NONE', *, *, #2914, .T. ) ;
#4751 = EDGE_CURVE ( 'NONE', #9205, #6634, #2363, .T. ) ;
#4752 = CARTESIAN_POINT ( 'NONE',  ( 7.708154096046189174, 10.86885374396101689, 10.98443480972263764 ) ) ;
#4753 = CARTESIAN_POINT ( 'NONE',  ( 9.760878727716773895, 27.55364249519997699, 9.458706950418022785 ) ) ;
#4754 = CARTESIAN_POINT ( 'NONE',  ( 8.061973824587990833, 41.65042143503766425, 10.44724221845938672 ) ) ;
#4755 = CARTESIAN_POINT ( 'NONE',  ( 8.853298927371406890, 31.26727641749294762, 9.893787179523936715 ) ) ;
#4756 = VERTEX_POINT ( 'NONE', #1623 ) ;
#4757 = B_SPLINE_SURFACE_WITH_KNOTS ( 'NONE', 3, 1, ( 
 ( #4479, #3785 ),
 ( #6768, #4580 ),
 ( #7539, #7729 ),
 ( #4862, #2553 ) ),
 .UNSPECIFIED., .F., .F., .F.,
 ( 4, 4 ),
 ( 2, 2 ),
 ( 0.000000000000000000, 1.000000000000000000 ),
 ( 0.000000000000000000, 1.000000000000000000 ),
 .UNSPECIFIED. ) ;
#4758 = ORIENTED_EDGE ( 'NONE', *, *, #1011, .F. ) ;
#4759 = DIRECTION ( 'NONE',  ( -0.1736481776669347166, 0.9848077530122073542, 0.000000000000000000 ) ) ;
#4760 = MANIFOLD_SOLID_BREP ( 'CirPattern2', #2611 ) ;
#4761 = CARTESIAN_POINT ( 'NONE',  ( 8.109331894655698036, 31.20803391499870472, 10.77158912193719864 ) ) ;
#4762 = CARTESIAN_POINT ( 'NONE',  ( 6.730131960841464256, 8.708033914998678071, 11.06823225953497314 ) ) ;
#4763 = ADVANCED_FACE ( 'NONE', ( #8226 ), #828, .T. ) ;
#4764 = DIRECTION ( 'NONE',  ( -0.7071067811863933628, -6.603503848453119587E-07, 0.7071067811863933628 ) ) ;
#4765 = CARTESIAN_POINT ( 'NONE',  ( 8.899906195971221123, 27.83686536163246927, 9.854730912555327293 ) ) ;
#4766 = DIRECTION ( 'NONE',  ( 0.7071067811865474617, 0.000000000000000000, 0.7071067811865474617 ) ) ;
#4767 = CARTESIAN_POINT ( 'NONE',  ( 6.995967103447796376, 26.54303391499870202, 11.29164099527019616 ) ) ;
#4768 = CARTESIAN_POINT ( 'NONE',  ( 8.522417113501234098, 28.02803391499868724, 10.08158776213169361 ) ) ;
#4769 = CIRCLE ( 'NONE', #522, 8.272689856255970753 ) ;
#4770 = DIRECTION ( 'NONE',  ( -0.000000000000000000, -1.000000000000000000, -0.000000000000000000 ) ) ;
#4771 = ORIENTED_EDGE ( 'NONE', *, *, #1060, .F. ) ;
#4772 = VERTEX_POINT ( 'NONE', #3826 ) ;
#4773 = CYLINDRICAL_SURFACE ( 'NONE', #2581, 0.7136548544052906395 ) ;
#4774 = DIRECTION ( 'NONE',  ( -0.4733483187096661493, 0.7428881062107971500, 0.4733483187096662048 ) ) ;
#4775 = CARTESIAN_POINT ( 'NONE',  ( 8.259379876190315883, 12.01174672370906826, 10.67958061737145137 ) ) ;
#4776 = CARTESIAN_POINT ( 'NONE',  ( -7.468717497908755831, 39.19294086138773991, -5.303138069327538062 ) ) ;
#4777 = CARTESIAN_POINT ( 'NONE',  ( 8.199638009658359650, 6.773033914998689120, 10.71340281289056406 ) ) ;
#4778 = CARTESIAN_POINT ( 'NONE',  ( 4.449999999999999289, 16.70303420994103050, 4.450000000000001954 ) ) ;
#4779 = CARTESIAN_POINT ( 'NONE',  ( 10.28264867440793751, 42.80303391499871424, 8.320427552729471543 ) ) ;
#4780 = CARTESIAN_POINT ( 'NONE',  ( 7.265727500737737543, 8.258033914998682334, 11.60382779943124554 ) ) ;
#4781 = ORIENTED_EDGE ( 'NONE', *, *, #1256, .F. ) ;
#4782 = ORIENTED_EDGE ( 'NONE', *, *, #3227, .F. ) ;
#4783 = ADVANCED_FACE ( 'NONE', ( #8127 ), #8921, .F. ) ;
#4784 = DIRECTION ( 'NONE',  ( -0.9998476951563912696, 0.01745240643728355329, 1.238899477992210670E-16 ) ) ;
#4785 = VECTOR ( 'NONE', #863, 1000.000000000000114 ) ;
#4786 = FACE_OUTER_BOUND ( 'NONE', #4645, .T. ) ;
#4787 = ORIENTED_EDGE ( 'NONE', *, *, #8055, .F. ) ;
#4788 = CARTESIAN_POINT ( 'NONE',  ( 1.537819594291704117, 39.56668310586260162, 9.070563457125848217 ) ) ;
#4789 = LINE ( 'NONE', #7703, #9372 ) ;
#4790 = CARTESIAN_POINT ( 'NONE',  ( 8.818141051064218416, 39.15591825482287192, 1.530649667146606552 ) ) ;
#4791 = CARTESIAN_POINT ( 'NONE',  ( 4.450000000000004619, 7.750000000000000000, 10.03821891988717852 ) ) ;
#4792 = CARTESIAN_POINT ( 'NONE',  ( 8.561945966027233013, 11.28803391499868880, 10.48174107306275893 ) ) ;
#4793 = EDGE_LOOP ( 'NONE', ( #5855, #9162, #707, #8769 ) ) ;
#4794 = VERTEX_POINT ( 'NONE', #6068 ) ;
#4795 = EDGE_CURVE ( 'NONE', #2954, #6459, #9069, .T. ) ;
#4796 = EDGE_CURVE ( 'NONE', #8793, #959, #638, .T. ) ;
#4797 = ORIENTED_EDGE ( 'NONE', *, *, #2482, .T. ) ;
#4798 = LINE ( 'NONE', #4893, #475 ) ;
#4799 = ORIENTED_EDGE ( 'NONE', *, *, #6570, .T. ) ;
#4800 = CARTESIAN_POINT ( 'NONE',  ( 7.368164136360761951, 10.34462585032349757, 11.14241546964817964 ) ) ;
#4801 = CARTESIAN_POINT ( 'NONE',  ( -4.450000000000001066, 7.197618960442568437, 9.586357836860891268 ) ) ;
#4802 = ORIENTED_EDGE ( 'NONE', *, *, #1609, .F. ) ;
#4803 = ORIENTED_EDGE ( 'NONE', *, *, #5580, .F. ) ;
#4804 = EDGE_CURVE ( 'NONE', #7866, #8258, #9078, .T. ) ;
#4805 = DIRECTION ( 'NONE',  ( 0.9999862922474268556, -0.005235963831419591756, -1.949100782940017458E-16 ) ) ;
#4806 = CARTESIAN_POINT ( 'NONE',  ( -11.09790554669991991, 0.06208375187460272310, -11.44999999999999929 ) ) ;
#4807 = CARTESIAN_POINT ( 'NONE',  ( 10.76063425281591535, 31.86803391499871196, 8.119590621198303992 ) ) ;
#4808 = CARTESIAN_POINT ( 'NONE',  ( -11.26780873538227645, 40.74113069221250072, 6.282235193643628257 ) ) ;
#4809 = CARTESIAN_POINT ( 'NONE',  ( -8.818141051064241509, 39.15591825482287192, 1.530649667146483539 ) ) ;
#4810 = AXIS2_PLACEMENT_3D ( 'NONE', #204, #2375, #3010 ) ;
#4811 = CARTESIAN_POINT ( 'NONE',  ( 10.76135762908977789, 41.60382118686263908, 8.123457050034419424 ) ) ;
#4812 = CARTESIAN_POINT ( 'NONE',  ( 8.224286252227280158, 31.09991204638090068, 10.70007102464483495 ) ) ;
#4813 = CARTESIAN_POINT ( 'NONE',  ( 4.449999999999999289, 5.500000000000000000, 4.450000000000001954 ) ) ;
#4814 = ORIENTED_EDGE ( 'NONE', *, *, #655, .F. ) ;
#4815 = ADVANCED_FACE ( 'NONE', ( #5927 ), #1977, .T. ) ;
#4816 = ORIENTED_EDGE ( 'NONE', *, *, #1851, .F. ) ;
#4817 = CARTESIAN_POINT ( 'NONE',  ( -8.619557479399162503, 41.46119552550246112, -9.807767841799925890 ) ) ;
#4818 = CARTESIAN_POINT ( 'NONE',  ( -11.09790554669991991, 0.06208375187460272310, 4.450000000000001954 ) ) ;
#4819 = CARTESIAN_POINT ( 'NONE',  ( 9.585294791897535305, 28.02803391499868724, 9.638327996600654757 ) ) ;
#4820 = CARTESIAN_POINT ( 'NONE',  ( 8.810024292284964531, 27.89303391499870699, 9.923717668767910283 ) ) ;
#4821 = CARTESIAN_POINT ( 'NONE',  ( 10.54467679162611127, 11.31803391499870060, 7.691501125652440152 ) ) ;
#4822 = CARTESIAN_POINT ( 'NONE',  ( 8.886488710817927128, 42.62273606573996432, 10.24800249905976024 ) ) ;
#4823 = CARTESIAN_POINT ( 'NONE',  ( 8.020037922985679302, 27.97579258320146778, 10.47189397957739487 ) ) ;
#4824 = DIRECTION ( 'NONE',  ( 0.7071067811865474617, 0.000000000000000000, 0.7071067811865474617 ) ) ;
#4825 = ADVANCED_FACE ( 'NONE', ( #6213 ), #3288, .T. ) ;
#4826 = VERTEX_POINT ( 'NONE', #2409 ) ;
#4827 = B_SPLINE_CURVE_WITH_KNOTS ( 'NONE', 3,
 ( #1514, #2991, #5967, #8862, #2161, #2210, #3677 ),
 .UNSPECIFIED., .F., .F.,
 ( 4, 3, 4 ),
 ( 0.0005202666446342420594, 0.0006438354628984179926, 0.0007775765597507751196 ),
 .UNSPECIFIED. ) ;
#4828 = VERTEX_POINT ( 'NONE', #6167 ) ;
#4829 = CARTESIAN_POINT ( 'NONE',  ( -13.28063889437723155, 14.27303391499868468, -9.621361105622781906 ) ) ;
#4830 = DIRECTION ( 'NONE',  ( 0.000000000000000000, 0.000000000000000000, -1.000000000000000000 ) ) ;
#4831 = FACE_OUTER_BOUND ( 'NONE', #8687, .T. ) ;
#4832 = LINE ( 'NONE', #3857, #2025 ) ;
#4833 = CARTESIAN_POINT ( 'NONE',  ( 8.815570932250976099, 39.99999999999998579, -1.545383168813335040 ) ) ;
#4834 = CARTESIAN_POINT ( 'NONE',  ( 7.673628599206856471, 8.723033914998676863, 11.29047998109007978 ) ) ;
#4835 = B_SPLINE_SURFACE_WITH_KNOTS ( 'NONE', 3, 1, ( 
 ( #4285, #2861 ),
 ( #1933, #5701 ),
 ( #8679, #8040 ),
 ( #4969, #3545 ) ),
 .UNSPECIFIED., .F., .F., .F.,
 ( 4, 4 ),
 ( 2, 2 ),
 ( 0.000000000000000000, 1.000000000000000000 ),
 ( 0.000000000000000000, 1.000000000000000000 ),
 .UNSPECIFIED. ) ;
#4836 = ADVANCED_FACE ( 'NONE', ( #5390 ), #7050, .T. ) ;
#4837 = CARTESIAN_POINT ( 'NONE',  ( -10.30001269126618091, 7.197618960442568437, 4.450000000000001954 ) ) ;
#4838 = CARTESIAN_POINT ( 'NONE',  ( -11.44999999999999929, 1.174670596036454551E-14, 4.450000000000002842 ) ) ;
#4839 = ORIENTED_EDGE ( 'NONE', *, *, #4233, .F. ) ;
#4840 = VECTOR ( 'NONE', #879, 1000.000000000000000 ) ;
#4841 = AXIS2_PLACEMENT_3D ( 'NONE', #6853, #873, #7622 ) ;
#4842 = ORIENTED_EDGE ( 'NONE', *, *, #7300, .T. ) ;
#4843 = CARTESIAN_POINT ( 'NONE',  ( -7.499999999999999112, 25.10000000000000497, -0.3000000000000260791 ) ) ;
#4844 = EDGE_LOOP ( 'NONE', ( #4283, #8851, #1855, #9605 ) ) ;
#4845 = VECTOR ( 'NONE', #1567, 1000.000000000000114 ) ;
#4846 = AXIS2_PLACEMENT_3D ( 'NONE', #7120, #8589, #1983 ) ;
#4847 = CARTESIAN_POINT ( 'NONE',  ( -9.070019801569760176, 39.74999999999998579, -1.541019402581406350 ) ) ;
#4848 = VECTOR ( 'NONE', #183, 1000.000000000000114 ) ;
#4849 = ADVANCED_FACE ( 'NONE', ( #925 ), #5448, .F. ) ;
#4850 = ADVANCED_FACE ( 'NONE', ( #6119 ), #4074, .T. ) ;
#4851 = CARTESIAN_POINT ( 'NONE',  ( 7.396042655322090376, 12.82689862420896354, 10.80001533565308414 ) ) ;
#4852 = VERTEX_POINT ( 'NONE', #5436 ) ;
#4853 = ORIENTED_EDGE ( 'NONE', *, *, #8459, .T. ) ;
#4854 = AXIS2_PLACEMENT_3D ( 'NONE', #6354, #6999, #8369 ) ;
#4855 = CARTESIAN_POINT ( 'NONE',  ( 6.777324397912900977, 30.00803400285406042, 11.05178469407169928 ) ) ;
#4856 = CARTESIAN_POINT ( 'NONE',  ( 8.345882166233808519, 11.28803391499868880, 10.26567727326933266 ) ) ;
#4857 = DIRECTION ( 'NONE',  ( -0.000000000000000000, -1.000000000000000000, -0.000000000000000000 ) ) ;
#4858 = FACE_OUTER_BOUND ( 'NONE', #7005, .T. ) ;
#4859 = CARTESIAN_POINT ( 'NONE',  ( 7.693801618057197977, 37.67803391499873555, 10.65304369343708935 ) ) ;
#4860 = EDGE_CURVE ( 'NONE', #3214, #6188, #7726, .T. ) ;
#4861 = STYLED_ITEM ( 'NONE', ( #1477 ), #4760 ) ;
#4862 = CARTESIAN_POINT ( 'NONE',  ( 9.142912099214294486, 16.70303391499869505, 9.641422576064885064 ) ) ;
#4863 = FACE_OUTER_BOUND ( 'NONE', #6795, .T. ) ;
#4864 = LINE ( 'NONE', #7144, #5145 ) ;
#4865 = ORIENTED_EDGE ( 'NONE', *, *, #655, .T. ) ;
#4866 = ORIENTED_EDGE ( 'NONE', *, *, #4129, .F. ) ;
#4867 = ORIENTED_EDGE ( 'NONE', *, *, #4730, .F. ) ;
#4868 = CARTESIAN_POINT ( 'NONE',  ( -10.03821891988717852, 7.750000000000000000, 0.000000000000000000 ) ) ;
#4869 = AXIS2_PLACEMENT_3D ( 'NONE', #5210, #8837, #5022 ) ;
#4870 = CARTESIAN_POINT ( 'NONE',  ( 8.515368572798010405, 44.48254530094928327, -9.807767841800387743 ) ) ;
#4871 = CARTESIAN_POINT ( 'NONE',  ( 6.820236284670813554, 40.28667762753671866, 11.03904743657336596 ) ) ;
#4872 = LINE ( 'NONE', #3247, #6256 ) ;
#4873 = CARTESIAN_POINT ( 'NONE',  ( 11.30876943053507766, 13.61303391499872006, 6.949456320634076256 ) ) ;
#4874 = CARTESIAN_POINT ( 'NONE',  ( 9.627764984249473912, 42.80303400285406212, 9.595944982982246074 ) ) ;
#4875 = EDGE_CURVE ( 'NONE', #7778, #1164, #9308, .T. ) ;
#4876 = CARTESIAN_POINT ( 'NONE',  ( 7.293315545954916601, 20.00303400285404720, 10.84652692530337781 ) ) ;
#4877 = PLANE ( 'NONE',  #170 ) ;
#4878 = VECTOR ( 'NONE', #5231, 1000.000000000000114 ) ;
#4879 = VERTEX_POINT ( 'NONE', #1721 ) ;
#4880 = ORIENTED_EDGE ( 'NONE', *, *, #8667, .T. ) ;
#4881 = CARTESIAN_POINT ( 'NONE',  ( 5.331745340123539734, 39.19999999999998153, -7.497499024879617835 ) ) ;
#4882 = CARTESIAN_POINT ( 'NONE',  ( 10.34082223280060475, 16.41678025919495454, 8.234265595436548679 ) ) ;
#4883 = ORIENTED_EDGE ( 'NONE', *, *, #5312, .F. ) ;
#4884 = AXIS2_PLACEMENT_3D ( 'NONE', #5456, #2475, #3746 ) ;
#4885 = CARTESIAN_POINT ( 'NONE',  ( 7.734398030710939231, 12.56303391499868205, 10.96941175075344965 ) ) ;
#4886 = CARTESIAN_POINT ( 'NONE',  ( 9.499308729363661996, 23.43803400285404237, 9.722047169323499105 ) ) ;
#4887 = CARTESIAN_POINT ( 'NONE',  ( 7.893603859649936716, 10.76303391499868134, 10.21644983196179091 ) ) ;
#4888 = EDGE_CURVE ( 'NONE', #4772, #4109, #7039, .T. ) ;
#4889 = FACE_BOUND ( 'NONE', #5577, .T. ) ;
#4890 = CARTESIAN_POINT ( 'NONE',  ( 11.20209445329706455, 3.994175421672944815, 5.327186072629213065 ) ) ;
#4891 = EDGE_LOOP ( 'NONE', ( #9634, #3162, #2672, #9534 ) ) ;
#4892 = EDGE_LOOP ( 'NONE', ( #7707, #1631, #9236, #8804 ) ) ;
#4893 = CARTESIAN_POINT ( 'NONE',  ( 9.499999999999994671, 37.39999999999999858, 1.500000000000033307 ) ) ;
#4894 = ORIENTED_EDGE ( 'NONE', *, *, #1155, .T. ) ;
#4895 = CARTESIAN_POINT ( 'NONE',  ( 11.07049694626531178, 14.69303391499870237, 6.711183836364310373 ) ) ;
#4896 = VERTEX_POINT ( 'NONE', #4624 ) ;
#4897 = ORIENTED_EDGE ( 'NONE', *, *, #3703, .T. ) ;
#4898 = EDGE_CURVE ( 'NONE', #6161, #9009, #145, .T. ) ;
#4899 = DIRECTION ( 'NONE',  ( 0.000000000000000000, 0.000000000000000000, 1.000000000000000000 ) ) ;
#4900 = CARTESIAN_POINT ( 'NONE',  ( 7.774151669800113851, 11.54339037808353652, 10.61149360975653089 ) ) ;
#4901 = FACE_OUTER_BOUND ( 'NONE', #6591, .T. ) ;
#4902 = DIRECTION ( 'NONE',  ( -0.005235892060090554731, 0.9999725850585454712, 0.005235892060090543455 ) ) ;
#4903 = CARTESIAN_POINT ( 'NONE',  ( 11.21022450722461983, 7.307507380928798035, 7.206102091123228526 ) ) ;
#4904 = LINE ( 'NONE', #2595, #6108 ) ;
#4905 = CARTESIAN_POINT ( 'NONE',  ( 8.447703158707716042, 28.65803391499869335, 10.60084350353488425 ) ) ;
#4906 = LINE ( 'NONE', #1175, #758 ) ;
#4907 = VERTEX_POINT ( 'NONE', #426 ) ;
#4908 = ORIENTED_EDGE ( 'NONE', *, *, #8392, .T. ) ;
#4909 = B_SPLINE_CURVE_WITH_KNOTS ( 'NONE', 3,
 ( #3286, #6259, #3090, #1770, #4712, #5387, #8363, #1668, #3232, #9212, #2503, #4070, #8466, #9260 ),
 .UNSPECIFIED., .F., .F.,
 ( 4, 2, 2, 2, 2, 2, 4 ),
 ( 0.000000000000000000, 0.0006819896732949402331, 0.001363979346589880466, 0.002045969019884820699, 0.002386963856532291033, 0.002557461274856025982, 0.002727958693179760932 ),
 .UNSPECIFIED. ) ;
#4910 = ORIENTED_EDGE ( 'NONE', *, *, #6637, .F. ) ;
#4911 = ADVANCED_FACE ( 'NONE', ( #8015 ), #1313, .T. ) ;
#4912 = EDGE_CURVE ( 'NONE', #8474, #6006, #3525, .T. ) ;
#4913 = CARTESIAN_POINT ( 'NONE',  ( 11.06823215902978319, 8.909694014856684774, 6.730132252564347439 ) ) ;
#4914 = B_SPLINE_SURFACE_WITH_KNOTS ( 'NONE', 3, 1, ( 
 ( #4410, #3031 ),
 ( #9597, #2204 ),
 ( #4359, #1465 ),
 ( #718, #6010 ) ),
 .UNSPECIFIED., .F., .F., .F.,
 ( 4, 4 ),
 ( 2, 2 ),
 ( 0.000000000000000000, 1.000000000000000000 ),
 ( 0.000000000000000000, 1.000000000000000000 ),
 .UNSPECIFIED. ) ;
#4915 = CARTESIAN_POINT ( 'NONE',  ( 0.000000000000000000, 37.39999999999999858, 0.000000000000000000 ) ) ;
#4916 = DIRECTION ( 'NONE',  ( 0.000000000000000000, 0.000000000000000000, 1.000000000000000000 ) ) ;
#4917 = CARTESIAN_POINT ( 'NONE',  ( 9.415631833910723003, 40.75803397356894209, 9.383811963386163413 ) ) ;
#4918 = CARTESIAN_POINT ( 'NONE',  ( -10.50000000000000000, 36.00000000000000000, 0.3570727881020946959 ) ) ;
#4919 = CARTESIAN_POINT ( 'NONE',  ( 9.339363326682924793, 42.76043184742674441, 9.874314764290597068 ) ) ;
#4920 = CARTESIAN_POINT ( 'NONE',  ( -10.55000000000000426, 5.500000000000000000, -4.449999999999997513 ) ) ;
#4921 = CARTESIAN_POINT ( 'NONE',  ( -5.272175826430020251, 39.18530060916248203, -7.437566653937129679 ) ) ;
#4922 = ORIENTED_EDGE ( 'NONE', *, *, #8591, .T. ) ;
#4923 = ORIENTED_EDGE ( 'NONE', *, *, #8710, .F. ) ;
#4924 = EDGE_CURVE ( 'NONE', #6657, #2820, #1121, .T. ) ;
#4925 = CARTESIAN_POINT ( 'NONE',  ( 5.169975462124888566, 37.98548048166760083, -7.305748502354401985 ) ) ;
#4926 = FACE_OUTER_BOUND ( 'NONE', #7435, .T. ) ;
#4927 = CARTESIAN_POINT ( 'NONE',  ( 11.22400737245457947, 38.20501856657998729, 7.171374013290032323 ) ) ;
#4928 = DIRECTION ( 'NONE',  ( 1.949127501097536693E-16, 0.000000000000000000, -1.000000000000000000 ) ) ;
#4929 = CARTESIAN_POINT ( 'NONE',  ( 10.32266979110150729, 10.68803391499870870, 7.787692176661777488 ) ) ;
#4930 = DIRECTION ( 'NONE',  ( 0.7071067811865474617, 0.000000000000000000, 0.7071067811865474617 ) ) ;
#4931 = VECTOR ( 'NONE', #3200, 1000.000000000000000 ) ;
#4932 = LINE ( 'NONE', #8406, #3569 ) ;
#4933 = FACE_OUTER_BOUND ( 'NONE', #5667, .T. ) ;
#4934 = CARTESIAN_POINT ( 'NONE',  ( 10.88310500602762154, 12.57803391499870393, 7.202614406065696251 ) ) ;
#4935 = VERTEX_POINT ( 'NONE', #6497 ) ;
#4936 = ORIENTED_EDGE ( 'NONE', *, *, #366, .F. ) ;
#4937 = ADVANCED_FACE ( 'NONE', ( #378 ), #6551, .T. ) ;
#4938 = CARTESIAN_POINT ( 'NONE',  ( -8.720851822146626020, 0.4812224581070130847, -10.07094002680990918 ) ) ;
#4939 = CARTESIAN_POINT ( 'NONE',  ( 0.000000000000000000, 37.39999999999999858, 0.000000000000000000 ) ) ;
#4940 = ORIENTED_EDGE ( 'NONE', *, *, #6595, .F. ) ;
#4941 = DIRECTION ( 'NONE',  ( 0.000000000000000000, -0.9998476951563911586, 0.01745240643728354982 ) ) ;
#4942 = VERTEX_POINT ( 'NONE', #7276 ) ;
#4943 = EDGE_LOOP ( 'NONE', ( #4722, #200, #8845, #1944 ) ) ;
#4944 = ADVANCED_FACE ( 'NONE', ( #4901 ), #6733, .T. ) ;
#4945 = CARTESIAN_POINT ( 'NONE',  ( -9.653181106890304619, 39.57803391499871992, -13.24881889310970884 ) ) ;
#4946 = CARTESIAN_POINT ( 'NONE',  ( 7.282023476291917596, 11.99840735037368944, 10.85231862707341755 ) ) ;
#4947 = CARTESIAN_POINT ( 'NONE',  ( 6.722841390737536393, 39.08854276352057155, 11.07074402721776707 ) ) ;
#4948 = CARTESIAN_POINT ( 'NONE',  ( 8.387989553081839134, 11.94803391499870493, 10.66840911852249718 ) ) ;
#4949 = FACE_OUTER_BOUND ( 'NONE', #3275, .T. ) ;
#4950 = CARTESIAN_POINT ( 'NONE',  ( 11.22871260855047559, 38.84303391499870628, 7.633074822331060716 ) ) ;
#4951 = EDGE_CURVE ( 'NONE', #7818, #5213, #557, .T. ) ;
#4952 = CARTESIAN_POINT ( 'NONE',  ( 7.247106654004230819, 39.40303391499872987, 10.86395803588760423 ) ) ;
#4953 = CARTESIAN_POINT ( 'NONE',  ( 6.964988860911263124, 8.460668370669420568, 11.30308915960477023 ) ) ;
#4954 = ORIENTED_EDGE ( 'NONE', *, *, #9503, .F. ) ;
#4955 = AXIS2_PLACEMENT_3D ( 'NONE', #6416, #3302, #5692 ) ;
#4956 = ORIENTED_EDGE ( 'NONE', *, *, #8930, .F. ) ;
#4957 = VERTEX_POINT ( 'NONE', #3379 ) ;
#4958 = CARTESIAN_POINT ( 'NONE',  ( 6.151616374837827195, 44.06575201273996356, -10.97561693246377779 ) ) ;
#4959 = FACE_OUTER_BOUND ( 'NONE', #1806, .T. ) ;
#4960 = CARTESIAN_POINT ( 'NONE',  ( 1.545383168813365904, 39.99999999999998579, 8.815570932250970770 ) ) ;
#4961 = CARTESIAN_POINT ( 'NONE',  ( 0.000000000000000000, 39.15591825482287192, 0.000000000000000000 ) ) ;
#4962 = CARTESIAN_POINT ( 'NONE',  ( 7.749329952350849204, 35.94758454924411950, 10.96376596810267046 ) ) ;
#4963 = DIRECTION ( 'NONE',  ( 0.9999862922474268556, -0.005235963831419591756, 7.227915403402566384E-17 ) ) ;
#4964 = EDGE_CURVE ( 'NONE', #4273, #8539, #6352, .T. ) ;
#4965 = EDGE_CURVE ( 'NONE', #8915, #2893, #4081, .T. ) ;
#4966 = VERTEX_POINT ( 'NONE', #1959 ) ;
#4967 = VERTEX_POINT ( 'NONE', #2840 ) ;
#4968 = PLANE ( 'NONE',  #9562 ) ;
#4969 = CARTESIAN_POINT ( 'NONE',  ( 7.978377953950174017, 6.773033914998689120, 10.49214275718237843 ) ) ;
#4970 = EDGE_LOOP ( 'NONE', ( #498, #1847, #1795, #7859, #2142, #5599, #1822 ) ) ;
#4971 = CARTESIAN_POINT ( 'NONE',  ( 7.361036215117062298, 12.23303391499867843, 11.14759322448508172 ) ) ;
#4972 = FACE_OUTER_BOUND ( 'NONE', #3374, .T. ) ;
#4973 = CARTESIAN_POINT ( 'NONE',  ( 10.90742032957638941, 36.23303391499870685, 7.863325832682473759 ) ) ;
#4974 = CARTESIAN_POINT ( 'NONE',  ( 7.429852945691354016, 12.56303391499868205, 10.66486666573386444 ) ) ;
#4975 = EDGE_CURVE ( 'NONE', #8463, #619, #6404, .T. ) ;
#4976 = CARTESIAN_POINT ( 'NONE',  ( 5.407109157684809375, 2.972363161247843166, 11.44325610668876791 ) ) ;
#4977 = CARTESIAN_POINT ( 'NONE',  ( 10.86598420087329586, 8.738033914998714735, 7.249133211218135919 ) ) ;
#4978 = ORIENTED_EDGE ( 'NONE', *, *, #7060, .F. ) ;
#4979 = VERTEX_POINT ( 'NONE', #1859 ) ;
#4980 = DIRECTION ( 'NONE',  ( 0.000000000000000000, -0.000000000000000000, 1.000000000000000000 ) ) ;
#4981 = CARTESIAN_POINT ( 'NONE',  ( -5.567750918199553034, 39.99999999999999289, 3.382249081800500434 ) ) ;
#4982 = EDGE_LOOP ( 'NONE', ( #9142, #5319, #4354, #9419 ) ) ;
#4983 = CARTESIAN_POINT ( 'NONE',  ( 10.59947719366086893, 6.583306976375104647, 8.386163214312800207 ) ) ;
#4984 = EDGE_CURVE ( 'NONE', #3748, #4497, #2224, .T. ) ;
#4985 = CARTESIAN_POINT ( 'NONE',  ( 10.90691585864570889, 10.81525119643329980, 7.859952201894983226 ) ) ;
#4986 = VECTOR ( 'NONE', #9054, 1000.000000000000227 ) ;
#4987 = ORIENTED_EDGE ( 'NONE', *, *, #6269, .F. ) ;
#4988 = PRODUCT ( 'D260297-REV00', 'D260297-REV00', '', ( #2429 ) ) ;
#4989 = VERTEX_POINT ( 'NONE', #5726 ) ;
#4990 = CARTESIAN_POINT ( 'NONE',  ( 10.36148581526678392, 11.78303391499869690, 8.734681117858048793 ) ) ;
#4991 = VECTOR ( 'NONE', #1039, 1000.000000000000114 ) ;
#4992 = ADVANCED_FACE ( 'NONE', ( #2689 ), #4993, .F. ) ;
#4993 = CYLINDRICAL_SURFACE ( 'NONE', #9244, 0.7136548544052906395 ) ;
#4994 = CARTESIAN_POINT ( 'NONE',  ( 8.561945966027190380, 28.65803391499869335, 10.48174107306279801 ) ) ;
#4995 = CARTESIAN_POINT ( 'NONE',  ( 7.663400805634786650, 17.03303391499869690, 10.55900327070776790 ) ) ;
#4996 = DIRECTION ( 'NONE',  ( 0.000000000000000000, 0.000000000000000000, 1.000000000000000000 ) ) ;
#4997 = CARTESIAN_POINT ( 'NONE',  ( 1.499999999999999778, 37.39999999999999858, 8.112490369793974310 ) ) ;
#4998 = CARTESIAN_POINT ( 'NONE',  ( 8.079241426209621935, 6.143033914998687450, 10.78392506036218279 ) ) ;
#4999 = ORIENTED_EDGE ( 'NONE', *, *, #7779, .F. ) ;
#5000 = CONICAL_SURFACE ( 'NONE', #1867, 6.099999999999981881, 0.005235987755983000265 ) ;
#5001 = CONICAL_SURFACE ( 'NONE', #4696, 5.599999999999998757, 0.005235987755983000265 ) ;
#5002 = ORIENTED_EDGE ( 'NONE', *, *, #1825, .F. ) ;
#5003 = ORIENTED_EDGE ( 'NONE', *, *, #7795, .T. ) ;
#5004 = EDGE_CURVE ( 'NONE', #4608, #113, #7928, .T. ) ;
#5005 = DIRECTION ( 'NONE',  ( 0.000000000000000000, 0.000000000000000000, -1.000000000000000000 ) ) ;
#5006 = CARTESIAN_POINT ( 'NONE',  ( 11.26780873538239369, 4.258869307787115588, -6.282235193643335158 ) ) ;
#5007 = CARTESIAN_POINT ( 'NONE',  ( 7.618632803082510563, 27.42040594921754249, 11.02718209232420321 ) ) ;
#5008 = CARTESIAN_POINT ( 'NONE',  ( 7.196178040039287183, 32.56783430786554590, 11.21456619885100991 ) ) ;
#5009 = CARTESIAN_POINT ( 'NONE',  ( 6.995967103447775948, 33.77303391499870600, 11.29164099527020504 ) ) ;
#5010 = CARTESIAN_POINT ( 'NONE',  ( -5.323807237681030813, 39.74999999999998579, 7.503137776691493954 ) ) ;
#5011 = ORIENTED_EDGE ( 'NONE', *, *, #4795, .F. ) ;
#5012 = VECTOR ( 'NONE', #7093, 1000.000000000000114 ) ;
#5013 = EDGE_LOOP ( 'NONE', ( #1206, #1953, #114, #3367 ) ) ;
#5014 = CARTESIAN_POINT ( 'NONE',  ( 7.859083558773534151, 17.10803391499870330, 10.56376719292615185 ) ) ;
#5015 = EDGE_CURVE ( 'NONE', #3863, #2077, #7430, .T. ) ;
#5016 = CYLINDRICAL_SURFACE ( 'NONE', #2467, 8.949999999999999289 ) ;
#5017 = EDGE_CURVE ( 'NONE', #9538, #8325, #781, .T. ) ;
#5018 = CARTESIAN_POINT ( 'NONE',  ( 7.419222512612607900, 40.60371078487800389, 10.78954258237510544 ) ) ;
#5019 = DIRECTION ( 'NONE',  ( -3.898255002195072399E-16, -0.000000000000000000, -1.000000000000000000 ) ) ;
#5020 = CARTESIAN_POINT ( 'NONE',  ( 7.519298305386713288, 37.25268391986827510, 11.07443370790686643 ) ) ;
#5021 = VECTOR ( 'NONE', #5110, 1000.000000000000114 ) ;
#5022 = DIRECTION ( 'NONE',  ( 0.000000000000000000, 0.000000000000000000, 1.000000000000000000 ) ) ;
#5023 = CARTESIAN_POINT ( 'NONE',  ( 8.199638009658359650, 6.773033914998689120, 10.71340281289056406 ) ) ;
#5024 = LINE ( 'NONE', #2915, #3124 ) ;
#5025 = EDGE_LOOP ( 'NONE', ( #6723, #3161, #2382, #7087 ) ) ;
#5026 = B_SPLINE_CURVE_WITH_KNOTS ( 'NONE', 3,
 ( #3698, #9578, #1390, #6676, #2713, #1339, #1246, #5020, #7995, #7359 ),
 .UNSPECIFIED., .F., .F.,
 ( 4, 2, 2, 2, 4 ),
 ( 0.000000000000000000, 0.0006551775636251995234, 0.001310355127250399047, 0.001965532690875598787, 0.002620710254500798093 ),
 .UNSPECIFIED. ) ;
#5027 = EDGE_LOOP ( 'NONE', ( #7851, #7296, #3592, #8568 ) ) ;
#5028 = CONICAL_SURFACE ( 'NONE', #5338, 8.949999999999993960, 0.7853981633974482790 ) ;
#5029 = CARTESIAN_POINT ( 'NONE',  ( -11.26622637047732844, 0.03240424922734766455, -6.294219846510703320 ) ) ;
#5030 = B_SPLINE_CURVE_WITH_KNOTS ( 'NONE', 3,
 ( #6449, #9305, #4946, #9400, #3431, #4900, #1267, #7823, #2006, #4856 ),
 .UNSPECIFIED., .F., .F.,
 ( 4, 2, 2, 2, 4 ),
 ( 0.000000000000000000, 0.0004291468659555957915, 0.0008582937319111915830, 0.001287440597866787266, 0.001716587463822383166 ),
 .UNSPECIFIED. ) ;
#5031 = EDGE_CURVE ( 'NONE', #210, #8241, #3966, .T. ) ;
#5032 = DIRECTION ( 'NONE',  ( 0.005235963831419591756, 0.9999862922474268556, 0.000000000000000000 ) ) ;
#5033 = ORIENTED_EDGE ( 'NONE', *, *, #9545, .T. ) ;
#5034 = ADVANCED_FACE ( 'NONE', ( #5963 ), #674, .T. ) ;
#5035 = CARTESIAN_POINT ( 'NONE',  ( -13.59883694591120573, 26.54303391499870202, -9.303163054088805950 ) ) ;
#5036 = CARTESIAN_POINT ( 'NONE',  ( 0.000000000000000000, 39.74999999999998579, 0.000000000000000000 ) ) ;
#5037 = LINE ( 'NONE', #4255, #5287 ) ;
#5038 = ORIENTED_EDGE ( 'NONE', *, *, #6807, .F. ) ;
#5039 = VERTEX_POINT ( 'NONE', #9645 ) ;
#5040 = CARTESIAN_POINT ( 'NONE',  ( 8.100135664346913345, 10.76303391499868134, 10.42298163665876665 ) ) ;
#5041 = EDGE_CURVE ( 'NONE', #6889, #6410, #3623, .T. ) ;
#5042 = LINE ( 'NONE', #7970, #9490 ) ;
#5043 = B_SPLINE_CURVE_WITH_KNOTS ( 'NONE', 3,
 ( #7615, #3725, #1660, #1515, #6059, #4615 ),
 .UNSPECIFIED., .F., .F.,
 ( 4, 2, 4 ),
 ( 0.000000000000000000, 0.001592377476372377598, 0.003184754952744755195 ),
 .UNSPECIFIED. ) ;
#5044 = CARTESIAN_POINT ( 'NONE',  ( 9.297862769701687569, 6.083033914998697611, 9.502340555017063650 ) ) ;
#5045 = CARTESIAN_POINT ( 'NONE',  ( 9.534551205077761438, 35.99303391499870486, 9.693650426958912547 ) ) ;
#5046 = CARTESIAN_POINT ( 'NONE',  ( 4.450000000000002842, 7.197618960442568437, -9.586357836860866399 ) ) ;
#5047 = DIRECTION ( 'NONE',  ( -0.000000000000000000, 1.000000000000000000, -0.000000000000000000 ) ) ;
#5048 = CARTESIAN_POINT ( 'NONE',  ( 7.871935709269849646, 35.21386411956417106, 10.89918137702914969 ) ) ;
#5049 = FACE_OUTER_BOUND ( 'NONE', #5430, .T. ) ;
#5050 = ORIENTED_EDGE ( 'NONE', *, *, #2338, .F. ) ;
#5051 = ORIENTED_EDGE ( 'NONE', *, *, #2681, .T. ) ;
#5052 = EDGE_LOOP ( 'NONE', ( #7648, #8948, #5033, #6992 ) ) ;
#5053 = ADVANCED_FACE ( 'NONE', ( #3719 ), #6102, .T. ) ;
#5054 = CARTESIAN_POINT ( 'NONE',  ( -7.326300904425207428, 39.99999999999998579, 5.140799068026126406 ) ) ;
#5055 = CARTESIAN_POINT ( 'NONE',  ( 7.876341618854590720, 3.407755465793069316, -10.30436880318693049 ) ) ;
#5056 = CARTESIAN_POINT ( 'NONE',  ( -5.567750918199387833, 39.99999999999999289, -3.382249081800524859 ) ) ;
#5057 = LINE ( 'NONE', #2900, #695 ) ;
#5058 = CARTESIAN_POINT ( 'NONE',  ( 10.97625361710396952, 27.35651069166214455, 7.855582512476805945 ) ) ;
#5059 = CARTESIAN_POINT ( 'NONE',  ( 8.026435947080157618, 17.18303391499870969, 10.39170832626323637 ) ) ;
#5060 = PLANE ( 'NONE',  #7801 ) ;
#5061 = ORIENTED_EDGE ( 'NONE', *, *, #5322, .F. ) ;
#5062 = EDGE_CURVE ( 'NONE', #9606, #1255, #1277, .T. ) ;
#5063 = EDGE_LOOP ( 'NONE', ( #8475, #4733, #1211, #310, #4593, #5676, #4605, #6749, #749, #5688, #6587, #7283, #5796, #1400 ) ) ;
#5064 = CARTESIAN_POINT ( 'NONE',  ( 1.530916215104751066, 39.17118877711948954, 8.905983949639152186 ) ) ;
#5065 = CARTESIAN_POINT ( 'NONE',  ( 10.90442721895765210, 36.23303391499870685, 7.860332722063736455 ) ) ;
#5066 = CARTESIAN_POINT ( 'NONE',  ( 7.693801618057197977, 41.12803391499871708, 10.65304369343708935 ) ) ;
#5067 = CARTESIAN_POINT ( 'NONE',  ( -7.503137776691475302, 39.74999999999998579, -5.323807237681058346 ) ) ;
#5068 = CARTESIAN_POINT ( 'NONE',  ( 9.857980523489269231, 11.26672857190862054, 8.896466687800877793 ) ) ;
#5069 = AXIS2_PLACEMENT_3D ( 'NONE', #2109, #6498, #8859 ) ;
#5070 = DIRECTION ( 'NONE',  ( -3.898255002195072399E-16, -0.000000000000000000, -1.000000000000000000 ) ) ;
#5071 = CARTESIAN_POINT ( 'NONE',  ( 7.293315364934724876, 18.17303394428380514, 10.84652700576853235 ) ) ;
#5072 = EDGE_CURVE ( 'NONE', #7425, #3993, #2108, .T. ) ;
#5073 = CARTESIAN_POINT ( 'NONE',  ( 5.140799068026202789, 39.99999999999998579, -7.326300904425153249 ) ) ;
#5074 = ORIENTED_EDGE ( 'NONE', *, *, #645, .F. ) ;
#5075 = ORIENTED_EDGE ( 'NONE', *, *, #3758, .T. ) ;
#5076 = CARTESIAN_POINT ( 'NONE',  ( 10.30001269126615604, 7.197618960442568437, -4.449999999999999289 ) ) ;
#5077 = DIRECTION ( 'NONE',  ( 1.000000000000000000, -0.000000000000000000, 2.338953001317042059E-15 ) ) ;
#5078 = ORIENTED_EDGE ( 'NONE', *, *, #5257, .F. ) ;
#5079 = CARTESIAN_POINT ( 'NONE',  ( 10.71590634558969946, 15.48919055045786131, 7.576769889369715294 ) ) ;
#5080 = CARTESIAN_POINT ( 'NONE',  ( 8.596877562855068433, 42.58727025663169741, 10.09021450001674225 ) ) ;
#5081 = CARTESIAN_POINT ( 'NONE',  ( 7.227864209723610323, 27.95303391499869861, 11.45989849123923676 ) ) ;
#5082 = EDGE_CURVE ( 'NONE', #4458, #151, #1466, .T. ) ;
#5083 = ORIENTED_EDGE ( 'NONE', *, *, #407, .F. ) ;
#5084 = EDGE_CURVE ( 'NONE', #7571, #2451, #37, .T. ) ;
#5085 = ORIENTED_EDGE ( 'NONE', *, *, #2457, .T. ) ;
#5086 = CARTESIAN_POINT ( 'NONE',  ( 8.204475631888463738, 11.92505060139359685, 10.36138233997685987 ) ) ;
#5087 = VERTEX_POINT ( 'NONE', #1362 ) ;
#5088 = DIRECTION ( 'NONE',  ( -1.000000000000000000, 0.000000000000000000, 7.760627763719704444E-16 ) ) ;
#5089 = CARTESIAN_POINT ( 'NONE',  ( -11.58358261952951374, 13.52303391499869889, -11.31841738047049972 ) ) ;
#5090 = CARTESIAN_POINT ( 'NONE',  ( 7.921589783849363187, 36.32303391499869605, 10.35050177333932453 ) ) ;
#5091 = CARTESIAN_POINT ( 'NONE',  ( 10.97305271369894264, 12.32615504023127784, 7.727905410849454704 ) ) ;
#5092 = CARTESIAN_POINT ( 'NONE',  ( 10.65765599152940624, 31.76303391499870443, 7.104444612181158192 ) ) ;
#5093 = CARTESIAN_POINT ( 'NONE',  ( -11.70025523842530113, 16.70303391499869505, -11.20174476157471055 ) ) ;
#5094 = LINE ( 'NONE', #8069, #140 ) ;
#5095 = ORIENTED_EDGE ( 'NONE', *, *, #7365, .T. ) ;
#5096 = EDGE_CURVE ( 'NONE', #6971, #4005, #4361, .T. ) ;
#5097 =( BOUNDED_CURVE ( )  B_SPLINE_CURVE ( 3, ( #7076, #8590, #4047, #1004 ),
 .UNSPECIFIED., .F., .T. ) 
 B_SPLINE_CURVE_WITH_KNOTS ( ( 4, 4 ),
 ( 3.141592653589793116, 4.712388980384689674 ),
 .UNSPECIFIED. ) 
 CURVE ( )  GEOMETRIC_REPRESENTATION_ITEM ( )  RATIONAL_B_SPLINE_CURVE ( ( 1.000000000000000000, 0.8047378541243649375, 0.8047378541243649375, 1.000000000000000000 ) ) 
 REPRESENTATION_ITEM ( '' )  );
#5098 = ORIENTED_EDGE ( 'NONE', *, *, #1763, .T. ) ;
#5099 = VERTEX_POINT ( 'NONE', #6532 ) ;
#5100 = DIRECTION ( 'NONE',  ( 0.000000000000000000, -1.000000000000000000, 0.000000000000000000 ) ) ;
#5101 = CARTESIAN_POINT ( 'NONE',  ( 10.96305792555133785, 15.80303391499871069, 8.088669056142089531 ) ) ;
#5102 = CARTESIAN_POINT ( 'NONE',  ( 10.11302093517129741, 17.19803391499871026, 8.002307389443517494 ) ) ;
#5103 = CARTESIAN_POINT ( 'NONE',  ( 0.000000000000000000, 37.39999999999999858, 0.000000000000000000 ) ) ;
#5104 = CARTESIAN_POINT ( 'NONE',  ( 7.411696398965272436, 41.17679896616139956, 11.12360691685308289 ) ) ;
#5105 = CARTESIAN_POINT ( 'NONE',  ( 8.345882166233758781, 28.65803391499869335, 10.26567727326936641 ) ) ;
#5106 = DIRECTION ( 'NONE',  ( 0.000000000000000000, 0.000000000000000000, -1.000000000000000000 ) ) ;
#5107 = VERTEX_POINT ( 'NONE', #5076 ) ;
#5108 = ADVANCED_FACE ( 'NONE', ( #7862 ), #4355, .T. ) ;
#5109 = ORIENTED_EDGE ( 'NONE', *, *, #4101, .T. ) ;
#5110 = DIRECTION ( 'NONE',  ( 0.005235963831419591756, -0.9999862922474268556, 0.000000000000000000 ) ) ;
#5111 = CARTESIAN_POINT ( 'NONE',  ( 1.531295899136466465, 39.19294086072827810, 9.031065676136956100 ) ) ;
#5112 = CARTESIAN_POINT ( 'NONE',  ( 11.29828602952506245, 39.12532336154639978, 6.978188488639081477 ) ) ;
#5113 = CARTESIAN_POINT ( 'NONE',  ( 10.68456044406108951, 10.81529892578550367, 7.637484288148351119 ) ) ;
#5114 = CARTESIAN_POINT ( 'NONE',  ( -10.55000000000000249, 5.500000000000000000, -4.449999999999996625 ) ) ;
#5115 = CARTESIAN_POINT ( 'NONE',  ( -6.811202161234315433, 38.26588799871911561, -4.668507208294255584 ) ) ;
#5116 = CARTESIAN_POINT ( 'NONE',  ( -9.586357836860891268, 7.197618960442568437, 0.000000000000000000 ) ) ;
#5117 = CARTESIAN_POINT ( 'NONE',  ( -0.3570727881021312222, 36.00000000000000000, 9.890300914026147083 ) ) ;
#5118 = PLANE ( 'NONE',  #1396 ) ;
#5119 = VERTEX_POINT ( 'NONE', #2871 ) ;
#5120 = ORIENTED_EDGE ( 'NONE', *, *, #5768, .T. ) ;
#5121 = CARTESIAN_POINT ( 'NONE',  ( 10.31575408919966463, 11.19803391499870848, 8.797572364617918694 ) ) ;
#5122 = CARTESIAN_POINT ( 'NONE',  ( 11.32004230891593721, 33.77303391499871310, 6.918302792143838253 ) ) ;
#5123 = ORIENTED_EDGE ( 'NONE', *, *, #3109, .F. ) ;
#5124 = CARTESIAN_POINT ( 'NONE',  ( 5.326454266351329458, 39.56668310586265846, 7.501259593081818444 ) ) ;
#5125 = ADVANCED_FACE ( 'NONE', ( #7215 ), #1263, .F. ) ;
#5126 = CARTESIAN_POINT ( 'NONE',  ( 9.499308529017431724, 26.61803391499869420, 9.722047361205316207 ) ) ;
#5127 = VECTOR ( 'NONE', #7689, 1000.000000000000000 ) ;
#5128 = DIRECTION ( 'NONE',  ( -1.000000000000000000, 0.000000000000000000, -3.545691447467408577E-15 ) ) ;
#5129 = CYLINDRICAL_SURFACE ( 'NONE', #4061, 9.199999999999992184 ) ;
#5130 = ORIENTED_EDGE ( 'NONE', *, *, #2201, .T. ) ;
#5131 = VERTEX_POINT ( 'NONE', #9390 ) ;
#5132 = CARTESIAN_POINT ( 'NONE',  ( 4.450000000000003730, 5.500000000000000000, -10.04999999999997762 ) ) ;
#5133 = ORIENTED_EDGE ( 'NONE', *, *, #5591, .T. ) ;
#5134 = LINE ( 'NONE', #1412, #411 ) ;
#5135 = EDGE_CURVE ( 'NONE', #3496, #8202, #1416, .T. ) ;
#5136 = ADVANCED_FACE ( 'NONE', ( #5668 ), #2092, .T. ) ;
#5137 = VECTOR ( 'NONE', #5128, 1000.000000000000000 ) ;
#5138 = DIRECTION ( 'NONE',  ( 0.000000000000000000, -0.9999862922474268556, -0.005235963831419591756 ) ) ;
#5139 = DIRECTION ( 'NONE',  ( 0.000000000000000000, -1.000000000000000000, 0.000000000000000000 ) ) ;
#5140 = DIRECTION ( 'NONE',  ( 0.000000000000000000, 0.000000000000000000, 1.000000000000000000 ) ) ;
#5141 = CARTESIAN_POINT ( 'NONE',  ( 8.277620986637485245, 35.76664129728356301, 10.66607602811619593 ) ) ;
#5142 = CARTESIAN_POINT ( 'NONE',  ( 7.434128271243150010, 28.18223673829854903, 11.11314270892702361 ) ) ;
#5143 = ORIENTED_EDGE ( 'NONE', *, *, #3471, .T. ) ;
#5144 = ORIENTED_EDGE ( 'NONE', *, *, #8108, .F. ) ;
#5145 = VECTOR ( 'NONE', #432, 1000.000000000000000 ) ;
#5146 = B_SPLINE_CURVE_WITH_KNOTS ( 'NONE', 3,
 ( #2655, #393, #3250, #5453, #7741, #7013 ),
 .UNSPECIFIED., .F., .F.,
 ( 4, 2, 4 ),
 ( 0.000000000000000000, 0.0009139538728740999405, 0.001827907745748199881 ),
 .UNSPECIFIED. ) ;
#5147 = CARTESIAN_POINT ( 'NONE',  ( 10.98647684396603275, 17.32592266246706458, 7.702343422114454441 ) ) ;
#5148 = CARTESIAN_POINT ( 'NONE',  ( 10.76153249291317060, 16.28303391499870401, 8.290194488780255000 ) ) ;
#5149 = EDGE_CURVE ( 'NONE', #7223, #4572, #1946, .T. ) ;
#5150 = CARTESIAN_POINT ( 'NONE',  ( -10.01380556529538168, 15.80303391499871069, -12.88819443470463000 ) ) ;
#5151 = DIRECTION ( 'NONE',  ( -0.005235963831419591756, -0.9999862922474268556, 1.020556109857195187E-18 ) ) ;
#5152 = CIRCLE ( 'NONE', #2966, 7.299999999999998934 ) ;
#5153 = DIRECTION ( 'NONE',  ( 0.7069990853988181723, 0.01745240643728355329, 0.7069990853988303847 ) ) ;
#5154 = AXIS2_PLACEMENT_3D ( 'NONE', #7347, #7, #3006 ) ;
#5155 = DIRECTION ( 'NONE',  ( 0.000000000000000000, 0.000000000000000000, 1.000000000000000000 ) ) ;
#5156 = ORIENTED_EDGE ( 'NONE', *, *, #5004, .F. ) ;
#5157 = FACE_BOUND ( 'NONE', #1651, .T. ) ;
#5158 = DIRECTION ( 'NONE',  ( -0.000000000000000000, 1.000000000000000000, -0.000000000000000000 ) ) ;
#5159 = CARTESIAN_POINT ( 'NONE',  ( 7.753366252911255252, 17.04209302796334669, 10.62152909732482975 ) ) ;
#5160 = ADVANCED_FACE ( 'NONE', ( #1300 ), #7262, .T. ) ;
#5161 = CARTESIAN_POINT ( 'NONE',  ( 10.71442223518175574, 35.30333696758514606, 7.575879044831989262 ) ) ;
#5162 = DIRECTION ( 'NONE',  ( -0.7069990853988278312, 0.01745240643728355329, 0.7069990853988207258 ) ) ;
#5163 = B_SPLINE_CURVE_WITH_KNOTS ( 'NONE', 3,
 ( #5178, #4403, #5907, #6836, #3849, #9683 ),
 .UNSPECIFIED., .F., .F.,
 ( 4, 2, 4 ),
 ( 0.000000000000000000, 0.0005739320149876587715, 0.001147864029975317543 ),
 .UNSPECIFIED. ) ;
#5164 = DIRECTION ( 'NONE',  ( -0.000000000000000000, -1.000000000000000000, 0.000000000000000000 ) ) ;
#5165 = AXIS2_PLACEMENT_3D ( 'NONE', #539, #441, #3537 ) ;
#5166 = ORIENTED_EDGE ( 'NONE', *, *, #6007, .T. ) ;
#5167 = CARTESIAN_POINT ( 'NONE',  ( 11.24718511729164483, 17.23676997700230729, 7.112508903336213884 ) ) ;
#5168 = ORIENTED_EDGE ( 'NONE', *, *, #5972, .T. ) ;
#5169 = VERTEX_POINT ( 'NONE', #5811 ) ;
#5170 = CARTESIAN_POINT ( 'NONE',  ( 9.385556831152710444, 35.99303391499871196, 9.832539078206362859 ) ) ;
#5171 = CARTESIAN_POINT ( 'NONE',  ( -4.450000000000001954, 45.00000000000000000, -4.449999999999997513 ) ) ;
#5172 = ORIENTED_EDGE ( 'NONE', *, *, #5679, .T. ) ;
#5173 = AXIS2_PLACEMENT_3D ( 'NONE', #8927, #2906, #4483 ) ;
#5174 = EDGE_CURVE ( 'NONE', #3863, #4027, #463, .T. ) ;
#5175 = CARTESIAN_POINT ( 'NONE',  ( 7.311731656227618004, 38.57078715550549930, -5.161510209807395277 ) ) ;
#5176 = CARTESIAN_POINT ( 'NONE',  ( 10.56650471977601136, 44.49336632649919210, 7.975332859466981894 ) ) ;
#5177 = CARTESIAN_POINT ( 'NONE',  ( 10.81757858176231757, 10.74879466816654272, 8.024814923752712659 ) ) ;
#5178 = CARTESIAN_POINT ( 'NONE',  ( 7.831794241700766435, 16.50803391499869477, 10.57890428272457939 ) ) ;
#5179 = ORIENTED_EDGE ( 'NONE', *, *, #8481, .T. ) ;
#5180 = AXIS2_PLACEMENT_3D ( 'NONE', #7396, #2125, #493 ) ;
#5181 = VERTEX_POINT ( 'NONE', #9434 ) ;
#5182 = DIRECTION ( 'NONE',  ( 0.7071067811865474617, 0.000000000000000000, 0.7071067811865474617 ) ) ;
#5183 = ORIENTED_EDGE ( 'NONE', *, *, #7222, .T. ) ;
#5184 = DIRECTION ( 'NONE',  ( 0.7071067811865474617, 0.000000000000000000, 0.7071067811865474617 ) ) ;
#5185 = CARTESIAN_POINT ( 'NONE',  ( 7.275263521642144404, 12.38226256062151442, 11.18173028926833190 ) ) ;
#5186 = CARTESIAN_POINT ( 'NONE',  ( 10.41655381952661052, 5.918033914998718892, 7.733083781037685789 ) ) ;
#5187 = CARTESIAN_POINT ( 'NONE',  ( -4.661245592605400390, 39.13255635755341189, 6.825334418263420133 ) ) ;
#5188 = FACE_OUTER_BOUND ( 'NONE', #3360, .T. ) ;
#5189 = CARTESIAN_POINT ( 'NONE',  ( 7.549601692527407870, 34.16159232610385033, 11.05936501338132594 ) ) ;
#5190 = CARTESIAN_POINT ( 'NONE',  ( 8.060457776800683760, 11.28803391499868880, 9.980252883836209676 ) ) ;
#5191 = ORIENTED_EDGE ( 'NONE', *, *, #1853, .T. ) ;
#5192 = ORIENTED_EDGE ( 'NONE', *, *, #2091, .F. ) ;
#5193 = EDGE_CURVE ( 'NONE', #856, #2964, #8131, .T. ) ;
#5194 = VECTOR ( 'NONE', #6020, 1000.000000000000114 ) ;
#5195 = CARTESIAN_POINT ( 'NONE',  ( 11.09790554669991813, 44.93791624812539709, -4.449999999999998401 ) ) ;
#5196 = CARTESIAN_POINT ( 'NONE',  ( 11.11949769050476000, 33.80303391499872134, 7.417793887107343664 ) ) ;
#5197 = CARTESIAN_POINT ( 'NONE',  ( 0.000000000000000000, 37.39999999999999858, 0.000000000000000000 ) ) ;
#5198 = CARTESIAN_POINT ( 'NONE',  ( 9.105331002674583729, 20.57798275419728995, 10.04106924838485781 ) ) ;
#5199 = CARTESIAN_POINT ( 'NONE',  ( 9.248019458806526316, 13.52303391499869889, 9.513184697865540329 ) ) ;
#5200 = LINE ( 'NONE', #3591, #3751 ) ;
#5201 = EDGE_CURVE ( 'NONE', #2225, #2539, #4322, .T. ) ;
#5202 = EDGE_CURVE ( 'NONE', #6797, #716, #215, .T. ) ;
#5203 = ORIENTED_EDGE ( 'NONE', *, *, #4247, .T. ) ;
#5204 = DIRECTION ( 'NONE',  ( -0.000000000000000000, -1.000000000000000000, -0.000000000000000000 ) ) ;
#5205 = CARTESIAN_POINT ( 'NONE',  ( 7.476302483458829862, 39.40303391499872987, 11.09315386534220238 ) ) ;
#5206 = CARTESIAN_POINT ( 'NONE',  ( 11.30308905430572253, 39.50303391499870287, 6.964989147840435102 ) ) ;
#5207 = DIRECTION ( 'NONE',  ( 0.000000000000000000, 0.9998476951563911586, 0.01745240643728354982 ) ) ;
#5208 = DIRECTION ( 'NONE',  ( -0.000000000000000000, -1.000000000000000000, -0.000000000000000000 ) ) ;
#5209 = CARTESIAN_POINT ( 'NONE',  ( 4.449999999999999289, 20.00303400285405431, 4.450000000000001954 ) ) ;
#5210 = CARTESIAN_POINT ( 'NONE',  ( 0.000000000000000000, 39.99999999999999289, 0.000000000000000000 ) ) ;
#5211 = ORIENTED_EDGE ( 'NONE', *, *, #2804, .T. ) ;
#5212 =( NAMED_UNIT ( * ) SI_UNIT ( $, .STERADIAN. ) SOLID_ANGLE_UNIT ( ) );
#5213 = VERTEX_POINT ( 'NONE', #3657 ) ;
#5214 = EDGE_CURVE ( 'NONE', #465, #8582, #5939, .T. ) ;
#5215 = EDGE_LOOP ( 'NONE', ( #8000, #4080, #4797, #510 ) ) ;
#5216 = CARTESIAN_POINT ( 'NONE',  ( 8.418265116612177579, 28.02803391499868013, 10.21743728779297378 ) ) ;
#5217 = CARTESIAN_POINT ( 'NONE',  ( 9.466703882967035355, 11.85803391499869797, 9.753082325461637225 ) ) ;
#5218 = EDGE_LOOP ( 'NONE', ( #5820, #322, #2686, #3211, #3809, #2445 ) ) ;
#5219 = AXIS2_PLACEMENT_3D ( 'NONE', #6120, #3093, #9120 ) ;
#5220 = CARTESIAN_POINT ( 'NONE',  ( -9.600148098301298560, 33.80303391499872134, -13.30185190169871312 ) ) ;
#5221 = FACE_OUTER_BOUND ( 'NONE', #2968, .T. ) ;
#5222 = CARTESIAN_POINT ( 'NONE',  ( -6.811202161235113905, 38.26588799867665358, 4.668507208295858746 ) ) ;
#5223 = CARTESIAN_POINT ( 'NONE',  ( 11.44999999999999751, 44.64247392222173261, 4.450000000000001066 ) ) ;
#5224 = AXIS2_PLACEMENT_3D ( 'NONE', #6537, #5864, #5763 ) ;
#5225 = EDGE_LOOP ( 'NONE', ( #5038, #5909, #2490, #1190 ) ) ;
#5226 = EDGE_CURVE ( 'NONE', #6842, #1055, #8889, .T. ) ;
#5227 = VERTEX_POINT ( 'NONE', #9675 ) ;
#5228 = DIRECTION ( 'NONE',  ( 0.7071067811865474617, 0.000000000000000000, 0.7071067811865474617 ) ) ;
#5229 = ORIENTED_EDGE ( 'NONE', *, *, #6156, .T. ) ;
#5230 = DIRECTION ( 'NONE',  ( -0.000000000000000000, -1.000000000000000000, -0.000000000000000000 ) ) ;
#5231 = DIRECTION ( 'NONE',  ( 0.7071067811865474617, 0.000000000000000000, 0.7071067811865474617 ) ) ;
#5232 = CARTESIAN_POINT ( 'NONE',  ( 7.984054039698535554, 7.036347076085795571, 10.83833419813483800 ) ) ;
#5233 = LINE ( 'NONE', #4612, #2329 ) ;
#5234 = EDGE_CURVE ( 'NONE', #8052, #8582, #3800, .T. ) ;
#5236 = VECTOR ( 'NONE', #423, 1000.000000000000114 ) ;
#5235 = CARTESIAN_POINT ( 'NONE',  ( 10.29911468421851062, 42.30803400285406468, 8.824796849330722281 ) ) ;
#5237 = CARTESIAN_POINT ( 'NONE',  ( 11.01707179770401801, 32.53900258703116322, 6.874123261312907296 ) ) ;
#5238 = DIRECTION ( 'NONE',  ( -0.000000000000000000, -1.000000000000000000, -0.000000000000000000 ) ) ;
#5239 = VERTEX_POINT ( 'NONE', #5262 ) ;
#5240 = ORIENTED_EDGE ( 'NONE', *, *, #1557, .F. ) ;
#5241 = CIRCLE ( 'NONE', #1015, 0.7136548544052906395 ) ;
#5242 = CARTESIAN_POINT ( 'NONE',  ( 10.91070567344775633, 11.43410251343566308, 7.852347774880115594 ) ) ;
#5243 = DIRECTION ( 'NONE',  ( 0.000000000000000000, 0.000000000000000000, 1.000000000000000000 ) ) ;
#5244 = DIRECTION ( 'NONE',  ( 0.7071067811865475727, 1.153246330496892661E-14, -0.7071067811865475727 ) ) ;
#5245 = CARTESIAN_POINT ( 'NONE',  ( 6.984365954355941319, 15.17400174414078329, 11.29598294014031623 ) ) ;
#5246 = DIRECTION ( 'NONE',  ( 2.430759722670705684E-15, 0.000000000000000000, -1.000000000000000000 ) ) ;
#5247 = DIRECTION ( 'NONE',  ( 0.000000000000000000, 0.000000000000000000, 1.000000000000000000 ) ) ;
#5248 = CARTESIAN_POINT ( 'NONE',  ( 0.000000000000000000, 39.19999999999998153, 0.000000000000000000 ) ) ;
#5249 = ORIENTED_EDGE ( 'NONE', *, *, #6764, .F. ) ;
#5250 = CARTESIAN_POINT ( 'NONE',  ( 9.477593913206437293, 13.52303391499869889, 9.742759152265449529 ) ) ;
#5251 = CARTESIAN_POINT ( 'NONE',  ( 9.064619147464583193, 28.55597045466356576, 10.10760940659359797 ) ) ;
#5252 = CARTESIAN_POINT ( 'NONE',  ( 10.73561585061779766, 37.46362006320754290, 8.164004205226660815 ) ) ;
#5253 = CARTESIAN_POINT ( 'NONE',  ( -8.122238618328927018, 39.13255635751101380, 1.530241883712066597 ) ) ;
#5254 = CARTESIAN_POINT ( 'NONE',  ( 8.426863585400342416, 3.504827341967771126, -11.14999999999999858 ) ) ;
#5255 = CARTESIAN_POINT ( 'NONE',  ( 10.40854296302026682, 17.18166517788194270, 8.124203748525539837 ) ) ;
#5256 = EDGE_CURVE ( 'NONE', #4907, #3738, #5476, .T. ) ;
#5257 = EDGE_CURVE ( 'NONE', #7068, #2442, #28, .T. ) ;
#5258 = CARTESIAN_POINT ( 'NONE',  ( 9.254486682338004755, 11.85803391499869797, 9.540865124832604849 ) ) ;
#5259 = ORIENTED_EDGE ( 'NONE', *, *, #1061, .F. ) ;
#5260 = ORIENTED_EDGE ( 'NONE', *, *, #1143, .F. ) ;
#5261 = VERTEX_POINT ( 'NONE', #5900 ) ;
#5262 = CARTESIAN_POINT ( 'NONE',  ( -0.2999999999999999334, 25.10000000000000497, 7.500000000000000000 ) ) ;
#5263 = B_SPLINE_CURVE_WITH_KNOTS ( 'NONE', 3,
 ( #3014, #9028, #939, #7591, #843, #4489, #3936, #5305 ),
 .UNSPECIFIED., .F., .F.,
 ( 4, 2, 2, 4 ),
 ( 0.000000000000000000, 0.001012697610520447034, 0.001519046415780671852, 0.002025395221040896671 ),
 .UNSPECIFIED. ) ;
#5264 = DIRECTION ( 'NONE',  ( -0.000000000000000000, -1.000000000000000000, -0.000000000000000000 ) ) ;
#5265 = VERTEX_POINT ( 'NONE', #6685 ) ;
#5266 = DIRECTION ( 'NONE',  ( 0.7071067811865474617, 0.000000000000000000, 0.7071067811865474617 ) ) ;
#5267 = EDGE_CURVE ( 'NONE', #1767, #1494, #9576, .T. ) ;
#5268 = CARTESIAN_POINT ( 'NONE',  ( 7.846440350709808165, 11.01803391499869100, 10.91174844326753224 ) ) ;
#5269 = LINE ( 'NONE', #5953, #8743 ) ;
#5270 = EDGE_LOOP ( 'NONE', ( #3210, #7719, #7936, #577 ) ) ;
#5271 = VERTEX_POINT ( 'NONE', #6040 ) ;
#5272 = ORIENTED_EDGE ( 'NONE', *, *, #2817, .F. ) ;
#5273 = CARTESIAN_POINT ( 'NONE',  ( 0.000000000000000000, 37.39999999999999858, 0.000000000000000000 ) ) ;
#5274 = ORIENTED_EDGE ( 'NONE', *, *, #9420, .F. ) ;
#5275 = CARTESIAN_POINT ( 'NONE',  ( 8.083684278707316651, 36.74803391499872163, 10.25803782697012068 ) ) ;
#5276 = ADVANCED_FACE ( 'NONE', ( #2433 ), #4133, .T. ) ;
#5277 = CARTESIAN_POINT ( 'NONE',  ( -11.45630339891591554, 5.483033914998699743, -11.44569660108409792 ) ) ;
#5278 = DIRECTION ( 'NONE',  ( 0.7071067811865474617, 0.000000000000000000, 0.7071067811865474617 ) ) ;
#5279 = DIRECTION ( 'NONE',  ( -0.000000000000000000, -0.000000000000000000, 1.000000000000000000 ) ) ;
#5280 = B_SPLINE_CURVE_WITH_KNOTS ( 'NONE', 3,
 ( #7831, #5585, #2554, #1863 ),
 .UNSPECIFIED., .F., .F.,
 ( 4, 4 ),
 ( 0.000000000000000000, 0.0005631952276786597296 ),
 .UNSPECIFIED. ) ;
#5281 = CARTESIAN_POINT ( 'NONE',  ( -12.80334181707628538, 6.143033914998687450, -10.09865818292372630 ) ) ;
#5282 = CARTESIAN_POINT ( 'NONE',  ( 7.631555998096934523, 12.23303391499867843, 11.41811300746495483 ) ) ;
#5283 = ORIENTED_EDGE ( 'NONE', *, *, #1450, .F. ) ;
#5284 = AXIS2_PLACEMENT_3D ( 'NONE', #8135, #9079, #6079 ) ;
#5285 = ORIENTED_EDGE ( 'NONE', *, *, #3728, .T. ) ;
#5286 = CARTESIAN_POINT ( 'NONE',  ( 11.12792600263625253, 15.78242745973799188, 7.399418907055714811 ) ) ;
#5287 = VECTOR ( 'NONE', #9542, 1000.000000000000000 ) ;
#5288 = CARTESIAN_POINT ( 'NONE',  ( 11.07365220103988079, 13.61303391499872006, 6.714339091138879390 ) ) ;
#5289 = CARTESIAN_POINT ( 'NONE',  ( 6.761624507423592334, 26.71908109709199763, 11.05729839924599389 ) ) ;
#5290 = FILL_AREA_STYLE_COLOUR ( '', #6407 ) ;
#5291 = DIRECTION ( 'NONE',  ( 0.000000000000000000, 0.000000000000000000, -1.000000000000000000 ) ) ;
#5292 = CARTESIAN_POINT ( 'NONE',  ( 10.31988740463119036, 17.20448590347897522, 8.263920796581873063 ) ) ;
#5293 = CARTESIAN_POINT ( 'NONE',  ( 10.38221867436319990, 6.583457202195361013, 8.168639266404028376 ) ) ;
#5294 = CARTESIAN_POINT ( 'NONE',  ( 10.45280996672141427, 37.32758196744754997, 8.053648379556431536 ) ) ;
#5295 = AXIS2_PLACEMENT_3D ( 'NONE', #8994, #2295, #3123 ) ;
#5296 = AXIS2_PLACEMENT_3D ( 'NONE', #8991, #8204, #3611 ) ;
#5297 = EDGE_LOOP ( 'NONE', ( #365, #8288, #703, #2078 ) ) ;
#5298 = FACE_BOUND ( 'NONE', #8856, .T. ) ;
#5299 = CARTESIAN_POINT ( 'NONE',  ( 9.890300914026134649, 36.00000000000000000, 0.3570727881022353056 ) ) ;
#5300 = CARTESIAN_POINT ( 'NONE',  ( 7.755332536027697898, 27.63985143951366652, 10.95905511597922732 ) ) ;
#5301 = AXIS2_PLACEMENT_3D ( 'NONE', #7804, #6378, #7564 ) ;
#5302 = CARTESIAN_POINT ( 'NONE',  ( 6.730131960841464256, 8.708033914998678071, 11.06823225953497314 ) ) ;
#5303 = AXIS2_PLACEMENT_3D ( 'NONE', #600, #3013, #5894 ) ;
#5304 = AXIS2_PLACEMENT_3D ( 'NONE', #9020, #2368, #1776 ) ;
#5305 = CARTESIAN_POINT ( 'NONE',  ( 9.255641819932227676, 42.19303391499871481, 9.945071127703309699 ) ) ;
#5306 = DIRECTION ( 'NONE',  ( 1.239088197126291063E-16, 0.000000000000000000, 1.000000000000000000 ) ) ;
#5307 = EDGE_LOOP ( 'NONE', ( #3531, #6341, #2942, #1446, #164, #1397, #5867, #9456, #9685, #9010, #1462, #3451 ) ) ;
#5308 = APPLICATION_PROTOCOL_DEFINITION ( 'draft international standard', 'automotive_design', 1998, #8704 ) ;
#5309 = ORIENTED_EDGE ( 'NONE', *, *, #7645, .T. ) ;
#5310 = AXIS2_PLACEMENT_3D ( 'NONE', #9231, #2521, #8575 ) ;
#5311 = ORIENTED_EDGE ( 'NONE', *, *, #3682, .F. ) ;
#5312 = EDGE_CURVE ( 'NONE', #8247, #101, #1046, .T. ) ;
#5313 = CARTESIAN_POINT ( 'NONE',  ( 8.197758681694311989, 6.034939088873665369, 10.71601649983666427 ) ) ;
#5314 = CARTESIAN_POINT ( 'NONE',  ( 7.727955595131263955, 10.91303391499869235, 10.58113165333302952 ) ) ;
#5315 = ORIENTED_EDGE ( 'NONE', *, *, #120, .T. ) ;
#5316 = CARTESIAN_POINT ( 'NONE',  ( 10.84208495927055793, 16.75173256526117171, 7.304980742430148055 ) ) ;
#5317 = LINE ( 'NONE', #1892, #9359 ) ;
#5318 = LINE ( 'NONE', #8849, #6862 ) ;
#5319 = ORIENTED_EDGE ( 'NONE', *, *, #736, .F. ) ;
#5320 = EDGE_LOOP ( 'NONE', ( #9125, #3727, #3254, #3787, #3877, #6833, #2383, #5003, #8311, #8605, #3580, #5950, #4654, #422, #5285, #9187, #7192, #5947, #8631, #7294, #7563, #1262, #9640, #7710 ) ) ;
#5321 = EDGE_CURVE ( 'NONE', #129, #3464, #8380, .T. ) ;
#5322 = EDGE_CURVE ( 'NONE', #4608, #3199, #3258, .T. ) ;
#5323 = ORIENTED_EDGE ( 'NONE', *, *, #5983, .T. ) ;
#5324 = CARTESIAN_POINT ( 'NONE',  ( 10.08301785276669627, 16.66862226041774164, 9.095133494840967003 ) ) ;
#5325 = ORIENTED_EDGE ( 'NONE', *, *, #2804, .F. ) ;
#5326 = CARTESIAN_POINT ( 'NONE',  ( -15.24724830978584045, 39.98792682874544369, 11.14999999999999858 ) ) ;
#5327 = CARTESIAN_POINT ( 'NONE',  ( 7.828106620995013643, 10.98803391499870230, 10.93584112042393564 ) ) ;
#5328 = CARTESIAN_POINT ( 'NONE',  ( -4.450000000000001066, 5.500000000000000000, 4.450000000000002842 ) ) ;
#5329 = AXIS2_PLACEMENT_3D ( 'NONE', #2528, #3358, #260 ) ;
#5330 = CARTESIAN_POINT ( 'NONE',  ( 7.857172036332810805, 31.83803391499869662, 10.28608402582275083 ) ) ;
#5331 = CARTESIAN_POINT ( 'NONE',  ( -13.22760568967423822, 20.57303400285404749, -9.674394310325775237 ) ) ;
#5332 = CARTESIAN_POINT ( 'NONE',  ( 7.150131237525678252, 15.51803391499868212, 11.53065794309038239 ) ) ;
#5333 = EDGE_LOOP ( 'NONE', ( #1640, #1368, #5809, #7768, #1900, #5133, #421, #4055, #8256 ) ) ;
#5334 = ORIENTED_EDGE ( 'NONE', *, *, #3888, .T. ) ;
#5335 = EDGE_CURVE ( 'NONE', #1012, #3230, #434, .T. ) ;
#5336 = CARTESIAN_POINT ( 'NONE',  ( 0.000000000000000000, 44.20218114339339621, 0.000000000000000000 ) ) ;
#5337 = CARTESIAN_POINT ( 'NONE',  ( 9.800945255859117466, 11.96303391499870017, 8.963023916267111701 ) ) ;
#5338 = AXIS2_PLACEMENT_3D ( 'NONE', #1186, #3307, #9371 ) ;
#5339 = CARTESIAN_POINT ( 'NONE',  ( 7.356263172692027119, 32.07803391499869861, 11.52465784390086867 ) ) ;
#5340 = DIRECTION ( 'NONE',  ( -0.005235892060090554731, -0.9999725850585454712, 0.005235892060090554731 ) ) ;
#5341 = PLANE ( 'NONE',  #9554 ) ;
#5342 = CARTESIAN_POINT ( 'NONE',  ( 6.839453812875223804, 39.99999999999999289, -4.653951976476231600 ) ) ;
#5343 = CARTESIAN_POINT ( 'NONE',  ( 6.964988860911145885, 39.30803391499870258, 11.30308915960481109 ) ) ;
#5344 = CARTESIAN_POINT ( 'NONE',  ( 10.50998542499329957, 6.803033914998705356, 7.953794607117962379 ) ) ;
#5345 = CARTESIAN_POINT ( 'NONE',  ( 8.803839394006297780, 28.02803391499868724, 10.36301004263675729 ) ) ;
#5346 = DIRECTION ( 'NONE',  ( 1.000000000000000000, 0.000000000000000000, -1.949127501097536693E-16 ) ) ;
#5347 = EDGE_CURVE ( 'NONE', #4459, #501, #9283, .T. ) ;
#5348 = EDGE_LOOP ( 'NONE', ( #7319, #5946, #7019, #8841 ) ) ;
#5349 = CARTESIAN_POINT ( 'NONE',  ( -11.45000000000000284, 40.71038225242285336, -4.449999999999997513 ) ) ;
#5350 =( BOUNDED_CURVE ( )  B_SPLINE_CURVE ( 3, ( #7612, #6943, #231, #6204 ),
 .UNSPECIFIED., .F., .T. ) 
 B_SPLINE_CURVE_WITH_KNOTS ( ( 4, 4 ),
 ( 1.570796326794896780, 3.141592653589793116 ),
 .UNSPECIFIED. ) 
 CURVE ( )  GEOMETRIC_REPRESENTATION_ITEM ( )  RATIONAL_B_SPLINE_CURVE ( ( 1.000000000000000000, 0.8047378541243650485, 0.8047378541243650485, 1.000000000000000000 ) ) 
 REPRESENTATION_ITEM ( '' )  );
#5351 = CARTESIAN_POINT ( 'NONE',  ( 7.734398030710939231, 12.56303391499868205, 10.96941175075344965 ) ) ;
#5352 = DIRECTION ( 'NONE',  ( 0.7071067811865391350, 0.000000000000000000, 0.7071067811865560104 ) ) ;
#5353 = CARTESIAN_POINT ( 'NONE',  ( -8.117380341247857345, 38.26588799863373680, 1.515114131236632078 ) ) ;
#5354 = CARTESIAN_POINT ( 'NONE',  ( 9.434211468956446467, 31.16451410337627337, 9.786120496614460151 ) ) ;
#5355 = CARTESIAN_POINT ( 'NONE',  ( 7.829564487796664807, 16.50803391499869477, 10.57667452882047776 ) ) ;
#5356 = CARTESIAN_POINT ( 'NONE',  ( 11.30592940752688946, 33.05219813788953331, 6.959429700174982969 ) ) ;
#5357 = VERTEX_POINT ( 'NONE', #7598 ) ;
#5358 = ORIENTED_EDGE ( 'NONE', *, *, #1173, .T. ) ;
#5359 = VERTEX_POINT ( 'NONE', #2479 ) ;
#5360 = CARTESIAN_POINT ( 'NONE',  ( 0.000000000000000000, 39.99999999999999289, 0.000000000000000000 ) ) ;
#5361 = CARTESIAN_POINT ( 'NONE',  ( 11.29745167725138444, 9.108967804479084052, 6.980521025593239060 ) ) ;
#5362 = ORIENTED_EDGE ( 'NONE', *, *, #1461, .F. ) ;
#5363 = VECTOR ( 'NONE', #7545, 1000.000000000000114 ) ;
#5364 = CARTESIAN_POINT ( 'NONE',  ( -7.503137776691475302, 39.74999999999998579, -5.323807237681058346 ) ) ;
#5365 = B_SPLINE_SURFACE_WITH_KNOTS ( 'NONE', 3, 1, ( 
 ( #4287, #9522 ),
 ( #8785, #4387 ),
 ( #7943, #7899 ),
 ( #3502, #9575 ) ),
 .UNSPECIFIED., .F., .F., .F.,
 ( 4, 4 ),
 ( 2, 2 ),
 ( 0.000000000000000000, 1.000000000000000000 ),
 ( 0.000000000000000000, 1.000000000000000000 ),
 .UNSPECIFIED. ) ;
#5366 = EDGE_CURVE ( 'NONE', #1164, #5399, #6400, .T. ) ;
#5367 = CARTESIAN_POINT ( 'NONE',  ( 8.102549780945784264, 5.939145777703455309, 10.42343730683009539 ) ) ;
#5368 = CARTESIAN_POINT ( 'NONE',  ( 7.358856073157546973, 12.23303391499867843, 11.14541308252556640 ) ) ;
#5369 = B_SPLINE_CURVE_WITH_KNOTS ( 'NONE', 3,
 ( #5979, #6812, #2949, #96, #8969, #2269, #7493, #3828 ),
 .UNSPECIFIED., .F., .F.,
 ( 4, 2, 2, 4 ),
 ( 0.000000000000000000, 0.0005006407017733731412, 0.0007509610526600606333, 0.001001281403546748234 ),
 .UNSPECIFIED. ) ;
#5370 = ORIENTED_EDGE ( 'NONE', *, *, #8183, .F. ) ;
#5371 = ORIENTED_EDGE ( 'NONE', *, *, #642, .F. ) ;
#5372 = ORIENTED_EDGE ( 'NONE', *, *, #5815, .F. ) ;
#5373 = CARTESIAN_POINT ( 'NONE',  ( 8.079241426209586407, 17.10803391499870330, 10.78392506036220411 ) ) ;
#5374 = ORIENTED_EDGE ( 'NONE', *, *, #8217, .F. ) ;
#5375 = CARTESIAN_POINT ( 'NONE',  ( 7.605121046320122424, 7.830479413008493594, 11.03330202600547949 ) ) ;
#5376 = CARTESIAN_POINT ( 'NONE',  ( 4.450000000000001954, 7.750000000000000000, 10.03821891988717674 ) ) ;
#5377 = EDGE_CURVE ( 'NONE', #7468, #7848, #2524, .T. ) ;
#5378 = ADVANCED_FACE ( 'NONE', ( #4688 ), #5460, .T. ) ;
#5379 = CARTESIAN_POINT ( 'NONE',  ( 10.85654293177493557, 41.45303391499871992, 7.260905145555541118 ) ) ;
#5380 = FACE_OUTER_BOUND ( 'NONE', #6018, .T. ) ;
#5381 = DIRECTION ( 'NONE',  ( 0.000000000000000000, 1.607383761961275067E-15, -1.000000000000000000 ) ) ;
#5382 = EDGE_LOOP ( 'NONE', ( #1369, #6286, #3643, #2556 ) ) ;
#5383 = EDGE_LOOP ( 'NONE', ( #5458, #6529, #1955, #7284 ) ) ;
#5384 = CIRCLE ( 'NONE', #1159, 0.7136548544052906395 ) ;
#5385 = CARTESIAN_POINT ( 'NONE',  ( 4.449999999999999289, 45.00000000000000000, 11.45000000000000107 ) ) ;
#5386 = CIRCLE ( 'NONE', #1002, 6.999999999999999112 ) ;
#5387 = CARTESIAN_POINT ( 'NONE',  ( 10.96356824521753204, 35.31975836535792013, 7.015410047256728454 ) ) ;
#5388 = CARTESIAN_POINT ( 'NONE',  ( -4.450000000000001954, 7.750000000000000000, -10.03821891988717496 ) ) ;
#5389 = CIRCLE ( 'NONE', #225, 9.199999999999993960 ) ;
#5390 = FACE_OUTER_BOUND ( 'NONE', #5878, .T. ) ;
#5391 = CARTESIAN_POINT ( 'NONE',  ( 7.939170760547749950, 10.83356286992571427, 10.52134854481389858 ) ) ;
#5392 = CARTESIAN_POINT ( 'NONE',  ( 6.964988860911140556, 39.79827686964640066, 11.30308915960480576 ) ) ;
#5393 = EDGE_CURVE ( 'NONE', #6530, #2451, #6505, .T. ) ;
#5394 = CARTESIAN_POINT ( 'NONE',  ( 10.03274571809981808, 11.96303391499870017, 9.194824378507812312 ) ) ;
#5395 = CARTESIAN_POINT ( 'NONE',  ( 10.88913578650798719, 33.80303391499872134, 7.187431983110571743 ) ) ;
#5396 = CIRCLE ( 'NONE', #8042, 8.949999999999999289 ) ;
#5397 = CARTESIAN_POINT ( 'NONE',  ( 9.287125998753785083, 24.49803397356972923, 9.509862851123607186 ) ) ;
#5398 = VERTEX_POINT ( 'NONE', #214 ) ;
#5399 = VERTEX_POINT ( 'NONE', #7071 ) ;
#5400 = CARTESIAN_POINT ( 'NONE',  ( 10.64813046827694798, 36.17146903154301185, 7.703395241813393746 ) ) ;
#5401 = CARTESIAN_POINT ( 'NONE',  ( -5.567750918199494414, 39.99999999999999289, 3.382249081800510648 ) ) ;
#5402 = FACE_OUTER_BOUND ( 'NONE', #1560, .T. ) ;
#5403 = CARTESIAN_POINT ( 'NONE',  ( 0.000000000000000000, 39.99999999999999289, 0.000000000000000000 ) ) ;
#5404 = CARTESIAN_POINT ( 'NONE',  ( 7.497499024879635598, 39.19999999999998153, -5.331745340123512200 ) ) ;
#5405 = EDGE_CURVE ( 'NONE', #9076, #1255, #6329, .T. ) ;
#5406 = CARTESIAN_POINT ( 'NONE',  ( 10.08170657074474974, 42.30803400285406468, 8.607388735856963180 ) ) ;
#5407 = CARTESIAN_POINT ( 'NONE',  ( -7.497499024879560992, 39.19999999999998153, -5.331745340123618782 ) ) ;
#5408 = ORIENTED_EDGE ( 'NONE', *, *, #180, .T. ) ;
#5409 = ORIENTED_EDGE ( 'NONE', *, *, #8183, .T. ) ;
#5410 =( BOUNDED_CURVE ( )  B_SPLINE_CURVE ( 3, ( #3169, #8345, #5222, #2294 ),
 .UNSPECIFIED., .F., .T. ) 
 B_SPLINE_CURVE_WITH_KNOTS ( ( 4, 4 ),
 ( 1.923479356421936570, 1.928319870430928340 ),
 .UNSPECIFIED. ) 
 CURVE ( )  GEOMETRIC_REPRESENTATION_ITEM ( )  RATIONAL_B_SPLINE_CURVE ( ( 1.000000000000000000, 0.9999980474529639451, 0.9999980474529639451, 1.000000000000000000 ) ) 
 REPRESENTATION_ITEM ( '' )  );
#5411 = ORIENTED_EDGE ( 'NONE', *, *, #5214, .F. ) ;
#5412 = CARTESIAN_POINT ( 'NONE',  ( -5.656854249492448083, 37.39999999999999858, 7.778174593051973673 ) ) ;
#5413 = EDGE_CURVE ( 'NONE', #5553, #2927, #3772, .T. ) ;
#5414 = CARTESIAN_POINT ( 'NONE',  ( 10.50409233816787768, 16.14091229786033921, 7.964477488141278094 ) ) ;
#5415 = VERTEX_POINT ( 'NONE', #6137 ) ;
#5416 = CARTESIAN_POINT ( 'NONE',  ( 10.91974160289820972, 16.86665070761788243, 7.124342677726247963 ) ) ;
#5417 = DIRECTION ( 'NONE',  ( -0.000000000000000000, -1.000000000000000000, -0.000000000000000000 ) ) ;
#5418 = CARTESIAN_POINT ( 'NONE',  ( -11.26780873538213434, 0.3882745175683510186, 6.282235193643964877 ) ) ;
#5419 = ORIENTED_EDGE ( 'NONE', *, *, #8012, .T. ) ;
#5420 = ORIENTED_EDGE ( 'NONE', *, *, #6873, .T. ) ;
#5421 = EDGE_LOOP ( 'NONE', ( #3068, #9389, #2979, #3438 ) ) ;
#5422 = EDGE_CURVE ( 'NONE', #8058, #1988, #7558, .T. ) ;
#5423 = CARTESIAN_POINT ( 'NONE',  ( 10.43539557061837009, 11.79803391499870813, 7.900417956178651835 ) ) ;
#5424 = VERTEX_POINT ( 'NONE', #8678 ) ;
#5425 = CARTESIAN_POINT ( 'NONE',  ( 10.30325240269869269, 11.79188346454312430, 8.289982593683483003 ) ) ;
#5426 = DIRECTION ( 'NONE',  ( 1.000000000000000000, 0.000000000000000000, 0.000000000000000000 ) ) ;
#5427 = FACE_OUTER_BOUND ( 'NONE', #217, .T. ) ;
#5428 = ORIENTED_EDGE ( 'NONE', *, *, #1853, .F. ) ;
#5429 = B_SPLINE_CURVE_WITH_KNOTS ( 'NONE', 3,
 ( #1481, #9019, #4526, #1527 ),
 .UNSPECIFIED., .F., .F.,
 ( 4, 4 ),
 ( 0.002351919300914685155, 0.002708658409309414559 ),
 .UNSPECIFIED. ) ;
#5430 = EDGE_LOOP ( 'NONE', ( #7512, #7550, #8676, #8059 ) ) ;
#5431 = EDGE_CURVE ( 'NONE', #90, #8715, #897, .T. ) ;
#5432 = FACE_OUTER_BOUND ( 'NONE', #1307, .T. ) ;
#5433 = EDGE_CURVE ( 'NONE', #5935, #3915, #1238, .T. ) ;
#5434 = CARTESIAN_POINT ( 'NONE',  ( 9.627764788739950674, 30.54803391499869747, 9.595945179700699157 ) ) ;
#5435 = CARTESIAN_POINT ( 'NONE',  ( 6.829405119246130695, 9.555468044881664014, 11.03332809060913178 ) ) ;
#5436 = CARTESIAN_POINT ( 'NONE',  ( -1.545383168813365904, 39.99999999999999289, -8.127065172579140295 ) ) ;
#5437 = CARTESIAN_POINT ( 'NONE',  ( -4.653951976476160546, 39.99999999999999289, -6.839453812875272654 ) ) ;
#5438 = LINE ( 'NONE', #3922, #7808 ) ;
#5439 = DIRECTION ( 'NONE',  ( -0.1736481776669352717, 0.9848077530122072432, 0.000000000000000000 ) ) ;
#5440 = CIRCLE ( 'NONE', #2004, 0.2999999999999999334 ) ;
#5441 = CARTESIAN_POINT ( 'NONE',  ( 10.51632780116398891, 37.46369041849785475, 7.944643506873419803 ) ) ;
#5442 = CARTESIAN_POINT ( 'NONE',  ( 8.792267755490060566, 5.528033914998689902, 10.43629121786279512 ) ) ;
#5443 = ORIENTED_EDGE ( 'NONE', *, *, #2170, .F. ) ;
#5444 = ORIENTED_EDGE ( 'NONE', *, *, #3823, .F. ) ;
#5445 = ADVANCED_FACE ( 'NONE', ( #8781 ), #4968, .T. ) ;
#5446 = EDGE_CURVE ( 'NONE', #9205, #2743, #9325, .T. ) ;
#5447 = CARTESIAN_POINT ( 'NONE',  ( 0.000000000000000000, 39.15591825482287192, 0.000000000000000000 ) ) ;
#5448 = B_SPLINE_SURFACE_WITH_KNOTS ( 'NONE', 2, 1, ( 
 ( #1816, #5488 ),
 ( #1670, #4019 ),
 ( #8416, #8468 ) ),
 .UNSPECIFIED., .F., .F., .F.,
 ( 3, 3 ),
 ( 2, 2 ),
 ( 0.000000000000000000, 1.000000000000000000 ),
 ( 0.000000000000000000, 1.000000000000000000 ),
 .UNSPECIFIED. ) ;
#5449 = CARTESIAN_POINT ( 'NONE',  ( -13.22760568967423822, 20.00303400285404720, -9.674394310325775237 ) ) ;
#5450 = CARTESIAN_POINT ( 'NONE',  ( 4.450000000000003730, 5.500000000000000000, -10.04999999999997762 ) ) ;
#5451 = CYLINDRICAL_SURFACE ( 'NONE', #1409, 0.2999999999999999334 ) ;
#5452 = LINE ( 'NONE', #4727, #270 ) ;
#5453 = CARTESIAN_POINT ( 'NONE',  ( 7.644071274595018117, 40.60329003938532111, 11.01459553720352780 ) ) ;
#5454 = CARTESIAN_POINT ( 'NONE',  ( 11.09790554669991991, 44.93791624812540419, 4.450000000000001066 ) ) ;
#5455 = AXIS2_PLACEMENT_3D ( 'NONE', #8592, #7753, #7030 ) ;
#5456 = CARTESIAN_POINT ( 'NONE',  ( -4.450000000000000178, 5.500000000000000000, 10.55000000000000249 ) ) ;
#5457 = EDGE_LOOP ( 'NONE', ( #5689, #9088, #168, #2632, #2697, #9251, #7155, #3399 ) ) ;
#5458 = ORIENTED_EDGE ( 'NONE', *, *, #1893, .T. ) ;
#5459 = EDGE_CURVE ( 'NONE', #2044, #9592, #4094, .T. ) ;
#5460 = PLANE ( 'NONE',  #2990 ) ;
#5461 = VECTOR ( 'NONE', #7777, 1000.000000000000114 ) ;
#5462 = CARTESIAN_POINT ( 'NONE',  ( 11.06823225953492695, 28.11803400285407051, 6.730131960841557515 ) ) ;
#5463 = EDGE_LOOP ( 'NONE', ( #6331, #699, #6735, #2571 ) ) ;
#5464 = DIRECTION ( 'NONE',  ( 1.000000000000000000, 0.000000000000000000, 0.000000000000000000 ) ) ;
#5465 = CARTESIAN_POINT ( 'NONE',  ( 10.61691189863743112, 42.64215710326296005, 8.357677744708462697 ) ) ;
#5466 = CARTESIAN_POINT ( 'NONE',  ( -11.15000000000000391, 0.3575260777782643395, -4.449999999999996625 ) ) ;
#5467 = CARTESIAN_POINT ( 'NONE',  ( -10.55360501172061838, 0.1580586218044819080, 7.998395177879650930 ) ) ;
#5468 = CIRCLE ( 'NONE', #5932, 0.3000000000000027645 ) ;
#5469 = ORIENTED_EDGE ( 'NONE', *, *, #5483, .F. ) ;
#5470 = ORIENTED_EDGE ( 'NONE', *, *, #211, .T. ) ;
#5471 = EDGE_CURVE ( 'NONE', #1177, #5782, #400, .T. ) ;
#5472 = ORIENTED_EDGE ( 'NONE', *, *, #4038, .T. ) ;
#5473 = PLANE ( 'NONE',  #6893 ) ;
#5474 = ORIENTED_EDGE ( 'NONE', *, *, #9588, .F. ) ;
#5475 = CARTESIAN_POINT ( 'NONE',  ( 11.60268325157684188, 13.61303391499872006, 7.243370141675840479 ) ) ;
#5476 = B_SPLINE_CURVE_WITH_KNOTS ( 'NONE', 3,
 ( #8149, #70, #6636, #9091, #3844, #9632, #5121, #3066 ),
 .UNSPECIFIED., .F., .F.,
 ( 4, 2, 2, 4 ),
 ( 0.000000000000000000, 0.0008077818683288111269, 0.001211672802493218588, 0.001615563736657625940 ),
 .UNSPECIFIED. ) ;
#5477 = CARTESIAN_POINT ( 'NONE',  ( 7.524082368631430207, 13.46303391499868773, 11.18336015738588074 ) ) ;
#5478 = CARTESIAN_POINT ( 'NONE',  ( 6.956867020752577346, 16.08327214944688066, 10.98659354748581762 ) ) ;
#5479 = CARTESIAN_POINT ( 'NONE',  ( -9.070019801569792151, 39.74999999999998579, 1.541019402581216502 ) ) ;
#5480 = ORIENTED_EDGE ( 'NONE', *, *, #1155, .F. ) ;
#5481 = CIRCLE ( 'NONE', #5165, 0.3000000000000027645 ) ;
#5482 = EDGE_LOOP ( 'NONE', ( #2919, #4452, #8564, #6542, #2296, #8360, #7745, #2048 ) ) ;
#5483 = EDGE_CURVE ( 'NONE', #6469, #8803, #1932, .T. ) ;
#5484 = FACE_OUTER_BOUND ( 'NONE', #9301, .T. ) ;
#5485 = CARTESIAN_POINT ( 'NONE',  ( 7.503137776691511718, 39.74999999999998579, 5.323807237681005944 ) ) ;
#5486 = CARTESIAN_POINT ( 'NONE',  ( 7.282250332181039454, 31.91486502274133130, 10.85328215053454670 ) ) ;
#5487 = AXIS2_PLACEMENT_3D ( 'NONE', #8858, #6011, #9002 ) ;
#5488 = CARTESIAN_POINT ( 'NONE',  ( 7.588873243386021095, 39.40303391499872987, 11.20572462526939361 ) ) ;
#5489 = CARTESIAN_POINT ( 'NONE',  ( 5.178430306807594974, 37.39999999999999858, -7.299750650367215599 ) ) ;
#5490 = CARTESIAN_POINT ( 'NONE',  ( 10.54604952992053235, 36.41502505573318160, 8.467586456238077375 ) ) ;
#5491 = CARTESIAN_POINT ( 'NONE',  ( 4.449999999999999289, 3.108226976830389621, -11.15000000000000036 ) ) ;
#5492 = EDGE_CURVE ( 'NONE', #2743, #1706, #2981, .T. ) ;
#5493 = FACE_OUTER_BOUND ( 'NONE', #2569, .T. ) ;
#5494 = CARTESIAN_POINT ( 'NONE',  ( 7.249132938131101156, 8.723033914998678640, 10.86598432001432535 ) ) ;
#5495 = EDGE_LOOP ( 'NONE', ( #55, #7323, #4936, #1236 ) ) ;
#5496 = VECTOR ( 'NONE', #2609, 1000.000000000000114 ) ;
#5497 = VERTEX_POINT ( 'NONE', #7117 ) ;
#5498 = CARTESIAN_POINT ( 'NONE',  ( -4.502094453300082399, 42.18721534907326998, -11.44999999999999929 ) ) ;
#5499 = DIRECTION ( 'NONE',  ( 0.000000000000000000, 2.623817611436788400E-15, -1.000000000000000000 ) ) ;
#5500 = CARTESIAN_POINT ( 'NONE',  ( 7.767997960032653637, 10.03113620312639220, 10.95287155024248804 ) ) ;
#5501 = DIRECTION ( 'NONE',  ( -0.000000000000000000, -1.000000000000000000, -0.000000000000000000 ) ) ;
#5502 = CARTESIAN_POINT ( 'NONE',  ( 8.409928250940827965, 6.546122481661756254, 10.58751081690553519 ) ) ;
#5503 = CYLINDRICAL_SURFACE ( 'NONE', #7031, 0.7136548544052906395 ) ;
#5504 = CARTESIAN_POINT ( 'NONE',  ( 10.04766789441853980, 44.40580217835651666, 8.751827042193125905 ) ) ;
#5505 = CARTESIAN_POINT ( 'NONE',  ( 10.51507235350686997, 6.036776043050244844, 7.950105309430314016 ) ) ;
#5506 = EDGE_CURVE ( 'NONE', #7467, #5497, #1619, .T. ) ;
#5507 = EDGE_CURVE ( 'NONE', #1591, #1518, #8499, .T. ) ;
#5508 = ORIENTED_EDGE ( 'NONE', *, *, #2060, .F. ) ;
#5509 = ORIENTED_EDGE ( 'NONE', *, *, #2040, .T. ) ;
#5510 = CARTESIAN_POINT ( 'NONE',  ( 9.925792847284387932, 12.03401515773838426, 9.279511085809451387 ) ) ;
#5511 = CARTESIAN_POINT ( 'NONE',  ( 9.632639618515218771, 25.70303400285404294, 9.155342345100558887 ) ) ;
#5512 = VERTEX_POINT ( 'NONE', #5746 ) ;
#5513 = CARTESIAN_POINT ( 'NONE',  ( 7.323424891700213379, 34.16183841449976200, 10.83315616859598585 ) ) ;
#5514 = CARTESIAN_POINT ( 'NONE',  ( 6.692920820645060331, 37.88303391499870543, 11.09466072964549888 ) ) ;
#5515 = DIRECTION ( 'NONE',  ( 0.7071067811865475727, -7.557976884830649478E-16, -0.7071067811865475727 ) ) ;
#5516 = EDGE_CURVE ( 'NONE', #7250, #2193, #4284, .T. ) ;
#5517 = CARTESIAN_POINT ( 'NONE',  ( 10.97911278927736412, 7.306849940298250523, 6.975374422019018361 ) ) ;
#5518 = CARTESIAN_POINT ( 'NONE',  ( 10.42553970738386404, 6.143033914998693668, 8.802729840674761164 ) ) ;
#5519 = ORIENTED_EDGE ( 'NONE', *, *, #9559, .T. ) ;
#5520 = VERTEX_POINT ( 'NONE', #3453 ) ;
#5521 = ORIENTED_EDGE ( 'NONE', *, *, #3784, .T. ) ;
#5522 = CARTESIAN_POINT ( 'NONE',  ( 9.606573379346043495, 5.483033914998699743, 9.617180177177862888 ) ) ;
#5523 = EDGE_LOOP ( 'NONE', ( #386, #72, #4058, #2659 ) ) ;
#5524 = CARTESIAN_POINT ( 'NONE',  ( 8.345882166233758781, 28.65803391499869335, 10.26567727326936641 ) ) ;
#5525 = ADVANCED_FACE ( 'NONE', ( #9519 ), #2371, .F. ) ;
#5526 = CARTESIAN_POINT ( 'NONE',  ( 9.627764788740009294, 6.083033914998696723, 9.595945179700638761 ) ) ;
#5527 = VERTEX_POINT ( 'NONE', #9665 ) ;
#5528 = B_SPLINE_SURFACE_WITH_KNOTS ( 'NONE', 2, 1, ( 
 ( #6628, #9624 ),
 ( #4441, #653 ),
 ( #6476, #1984 ) ),
 .UNSPECIFIED., .F., .F., .F.,
 ( 3, 3 ),
 ( 2, 2 ),
 ( 0.000000000000000000, 1.000000000000000000 ),
 ( 0.000000000000000000, 1.000000000000000000 ),
 .UNSPECIFIED. ) ;
#5529 = ORIENTED_EDGE ( 'NONE', *, *, #354, .T. ) ;
#5530 = CARTESIAN_POINT ( 'NONE',  ( 0.000000000000000000, 39.19999999999998153, 0.000000000000000000 ) ) ;
#5531 = CARTESIAN_POINT ( 'NONE',  ( 11.20209445330008080, 3.994175421673473725, 4.450000000000001066 ) ) ;
#5532 = CARTESIAN_POINT ( 'NONE',  ( -5.329100300745951202, 39.38334975541596350, 7.499380008968988598 ) ) ;
#5533 = CARTESIAN_POINT ( 'NONE',  ( -7.975332859534488783, 41.29680220830044846, 10.56650471974805150 ) ) ;
#5534 = CARTESIAN_POINT ( 'NONE',  ( -4.450000000000001066, 41.89177302316960549, 11.44999999999999929 ) ) ;
#5535 = LINE ( 'NONE', #5583, #2341 ) ;
#5536 = AXIS2_PLACEMENT_3D ( 'NONE', #502, #3058, #6822 ) ;
#5537 = CARTESIAN_POINT ( 'NONE',  ( 10.46965872045344170, 17.21315644190296723, 8.579805848193545970 ) ) ;
#5538 = DIRECTION ( 'NONE',  ( 0.005235892060090554731, -0.9999725850585454712, 0.005235892060090554731 ) ) ;
#5539 = CARTESIAN_POINT ( 'NONE',  ( 7.379793681112889914, 7.829981524099796530, 10.80775240111486113 ) ) ;
#5540 = ORIENTED_EDGE ( 'NONE', *, *, #8852, .F. ) ;
#5541 = ORIENTED_EDGE ( 'NONE', *, *, #4673, .T. ) ;
#5542 = CARTESIAN_POINT ( 'NONE',  ( -8.751827042193610851, 41.16575319959859769, -10.04766789441805663 ) ) ;
#5543 = EDGE_CURVE ( 'NONE', #8052, #1744, #2440, .T. ) ;
#5544 = CARTESIAN_POINT ( 'NONE',  ( -9.281949850653319345, 28.92951752022803547, -13.62005014934669234 ) ) ;
#5545 = FACE_OUTER_BOUND ( 'NONE', #4257, .T. ) ;
#5546 = LINE ( 'NONE', #8432, #3300 ) ;
#5547 = DIRECTION ( 'NONE',  ( -0.000000000000000000, -1.000000000000000000, -0.000000000000000000 ) ) ;
#5548 = CARTESIAN_POINT ( 'NONE',  ( -4.449999999999999289, 36.00000000000000000, 9.890300914026147083 ) ) ;
#5549 = CARTESIAN_POINT ( 'NONE',  ( 6.758748019877948821, 35.24303391499870486, 11.05442191170039834 ) ) ;
#5550 = CARTESIAN_POINT ( 'NONE',  ( -5.331745340123434929, 39.19999999999998153, -7.497499024879690666 ) ) ;
#5551 = EDGE_LOOP ( 'NONE', ( #9518, #5945, #7520, #3851 ) ) ;
#5552 = VECTOR ( 'NONE', #2780, 999.9999999999998863 ) ;
#5553 = VERTEX_POINT ( 'NONE', #2227 ) ;
#5554 = CARTESIAN_POINT ( 'NONE',  ( 6.780131971381178957, 41.00303391499868866, 11.01216625289687379 ) ) ;
#5555 = EDGE_CURVE ( 'NONE', #3230, #7250, #4188, .T. ) ;
#5556 = DIRECTION ( 'NONE',  ( -0.000000000000000000, 1.000000000000000000, -0.000000000000000000 ) ) ;
#5557 = B_SPLINE_CURVE_WITH_KNOTS ( 'NONE', 3,
 ( #4440, #9623, #3549, #7358 ),
 .UNSPECIFIED., .F., .F.,
 ( 4, 4 ),
 ( 0.002351916184660976950, 0.002708655804823799536 ),
 .UNSPECIFIED. ) ;
#5558 = VERTEX_POINT ( 'NONE', #8975 ) ;
#5559 = EDGE_CURVE ( 'NONE', #1494, #950, #3055, .T. ) ;
#5560 = CARTESIAN_POINT ( 'NONE',  ( 8.059319566894510345, 35.76665328830765134, 10.44775765050430572 ) ) ;
#5561 = DIRECTION ( 'NONE',  ( 0.000000000000000000, 1.000000000000000000, 0.000000000000000000 ) ) ;
#5562 = DIRECTION ( 'NONE',  ( 0.9848077530122072432, 0.1736481776669346888, -1.919515874690163325E-16 ) ) ;
#5563 = CARTESIAN_POINT ( 'NONE',  ( 10.66031453647893912, 12.11303391499871829, 7.679859649891691120 ) ) ;
#5564 = CARTESIAN_POINT ( 'NONE',  ( 7.995273152491854773, 11.54329130644314105, 10.83239186435340251 ) ) ;
#5565 = ORIENTED_EDGE ( 'NONE', *, *, #6324, .F. ) ;
#5566 = ORIENTED_EDGE ( 'NONE', *, *, #6925, .F. ) ;
#5567 =( BOUNDED_CURVE ( )  B_SPLINE_CURVE ( 3, ( #9209, #4711, #6063, #7619 ),
 .UNSPECIFIED., .F., .T. ) 
 B_SPLINE_CURVE_WITH_KNOTS ( ( 4, 4 ),
 ( 0.000000000000000000, 1.570796326794896780 ),
 .UNSPECIFIED. ) 
 CURVE ( )  GEOMETRIC_REPRESENTATION_ITEM ( )  RATIONAL_B_SPLINE_CURVE ( ( 1.000000000000000000, 0.8047378541243649375, 0.8047378541243649375, 1.000000000000000000 ) ) 
 REPRESENTATION_ITEM ( '' )  );
#5568 = CARTESIAN_POINT ( 'NONE',  ( 11.02588316406727742, 12.11303391499871829, 8.045428277480029422 ) ) ;
#5569 = VERTEX_POINT ( 'NONE', #692 ) ;
#5570 = EDGE_CURVE ( 'NONE', #1343, #608, #8604, .T. ) ;
#5571 = AXIS2_PLACEMENT_3D ( 'NONE', #2652, #4916, #3445 ) ;
#5572 = CARTESIAN_POINT ( 'NONE',  ( 6.964988860911260460, 8.708033914998678071, 11.30308915960476845 ) ) ;
#5573 = CARTESIAN_POINT ( 'NONE',  ( 5.323807237680979298, 39.74999999999998579, -7.503137776691531258 ) ) ;
#5574 = B_SPLINE_CURVE_WITH_KNOTS ( 'NONE', 3,
 ( #360, #6379, #8637, #3362, #5605, #7900, #1889, #2666 ),
 .UNSPECIFIED., .F., .F.,
 ( 4, 2, 2, 4 ),
 ( 0.000000000000000000, 0.0004715639653478124679, 0.0007073459480217187019, 0.0009431279306956249359 ),
 .UNSPECIFIED. ) ;
#5575 = CARTESIAN_POINT ( 'NONE',  ( 9.785213254320439091, 11.19803391499871204, 8.862439100986041041 ) ) ;
#5576 = VERTEX_POINT ( 'NONE', #3008 ) ;
#5577 = EDGE_LOOP ( 'NONE', ( #8231, #2847, #9412, #777, #6848, #1020, #3370, #177, #1646, #2790, #7720, #4600, #1779, #7647 ) ) ;
#5578 = AXIS2_PLACEMENT_3D ( 'NONE', #2154, #5230, #5088 ) ;
#5579 = DIRECTION ( 'NONE',  ( 1.000000000000000000, 0.000000000000000000, 1.028858078696045690E-14 ) ) ;
#5580 = EDGE_CURVE ( 'NONE', #7866, #3702, #3693, .T. ) ;
#5581 = CARTESIAN_POINT ( 'NONE',  ( -11.20209445330008080, 41.00582457832652494, 4.450000000000001954 ) ) ;
#5582 = CARTESIAN_POINT ( 'NONE',  ( 4.449999999999999289, 45.00000000000000000, 4.450000000000001954 ) ) ;
#5583 = CARTESIAN_POINT ( 'NONE',  ( 0.3570727881021313332, 36.00000000000000000, 10.49999999999999822 ) ) ;
#5584 = DIRECTION ( 'NONE',  ( -3.898255002195072399E-16, -0.000000000000000000, -1.000000000000000000 ) ) ;
#5585 = CARTESIAN_POINT ( 'NONE',  ( 8.150749522702627203, 35.87119634912376398, 10.74460283694354956 ) ) ;
#5586 = DIRECTION ( 'NONE',  ( 0.000000000000000000, 0.000000000000000000, 1.000000000000000000 ) ) ;
#5587 = ORIENTED_EDGE ( 'NONE', *, *, #330, .T. ) ;
#5588 = ORIENTED_EDGE ( 'NONE', *, *, #3898, .F. ) ;
#5589 = ORIENTED_EDGE ( 'NONE', *, *, #4860, .T. ) ;
#5590 = DIRECTION ( 'NONE',  ( 0.000000000000000000, 0.000000000000000000, 1.000000000000000000 ) ) ;
#5591 = EDGE_CURVE ( 'NONE', #2451, #4082, #6495, .T. ) ;
#5592 = DIRECTION ( 'NONE',  ( 0.005235963831419591756, -0.9999862922474268556, 0.000000000000000000 ) ) ;
#5593 = CARTESIAN_POINT ( 'NONE',  ( 7.434904293994578417, 41.57983070915876311, 10.78318427162475679 ) ) ;
#5594 = FACE_OUTER_BOUND ( 'NONE', #5013, .T. ) ;
#5595 = CARTESIAN_POINT ( 'NONE',  ( 10.75680882598207511, 11.55803391499871857, 7.479369091296475425 ) ) ;
#5596 = DIRECTION ( 'NONE',  ( 1.000000000000000000, 0.000000000000000000, -2.430759722670705684E-15 ) ) ;
#5597 = CARTESIAN_POINT ( 'NONE',  ( 7.405750724663638707, 36.09803391499868042, 10.40741920691470668 ) ) ;
#5598 = DIRECTION ( 'NONE',  ( -2.144040251207290066E-15, 0.000000000000000000, -1.000000000000000000 ) ) ;
#5599 = ORIENTED_EDGE ( 'NONE', *, *, #7914, .F. ) ;
#5600 = ORIENTED_EDGE ( 'NONE', *, *, #1132, .F. ) ;
#5601 = DIRECTION ( 'NONE',  ( 0.7071067811865474617, 0.000000000000000000, 0.7071067811865474617 ) ) ;
#5602 = CARTESIAN_POINT ( 'NONE',  ( 10.39104013595261655, 41.89741778848809872, 8.153168986215785452 ) ) ;
#5603 = CARTESIAN_POINT ( 'NONE',  ( 11.06580184239803621, 7.658033914998699565, 6.727701935932594246 ) ) ;
#5604 = CARTESIAN_POINT ( 'NONE',  ( 7.998379407484295989, 35.70452021679008681, 10.48401084328543931 ) ) ;
#5605 = CARTESIAN_POINT ( 'NONE',  ( 10.60439411743645621, 11.82044487189946658, 8.376759130899648298 ) ) ;
#5606 = CARTESIAN_POINT ( 'NONE',  ( -9.281949850653321121, 28.11803400285407051, -13.62005014934669056 ) ) ;
#5607 = DIRECTION ( 'NONE',  ( 0.7071067811865474617, 0.000000000000000000, 0.7071067811865474617 ) ) ;
#5608 = ADVANCED_FACE ( 'NONE', ( #9022 ), #2055, .T. ) ;
#5609 = ORIENTED_EDGE ( 'NONE', *, *, #9068, .T. ) ;
#5610 = CONICAL_SURFACE ( 'NONE', #7022, 8.949999999999993960, 0.7853981633974482790 ) ;
#5611 = B_SPLINE_CURVE_WITH_KNOTS ( 'NONE', 3,
 ( #443, #4228, #9567, #5741, #8722, #2023, #8129, #1973, #8824, #1376 ),
 .UNSPECIFIED., .F., .F.,
 ( 4, 2, 2, 2, 4 ),
 ( 0.000000000000000000, 0.0007367199115776070645, 0.001473439823155216731, 0.002210159734732826398, 0.002946879646310436064 ),
 .UNSPECIFIED. ) ;
#5612 = AXIS2_PLACEMENT_3D ( 'NONE', #9306, #514, #8006 ) ;
#5613 = ORIENTED_EDGE ( 'NONE', *, *, #2682, .F. ) ;
#5614 = B_SPLINE_CURVE_WITH_KNOTS ( 'NONE', 3,
 ( #6606, #3628, #481, #3435, #1365, #4364, #7331, #9405, #2160, #8067 ),
 .UNSPECIFIED., .F., .F.,
 ( 4, 2, 2, 2, 4 ),
 ( 0.000000000000000000, 0.0007294565332540355095, 0.001458913066508071019, 0.002188369599762106637, 0.002917826133016135533 ),
 .UNSPECIFIED. ) ;
#5615 = CARTESIAN_POINT ( 'NONE',  ( 0.000000000000000000, 39.99999999999998579, 0.000000000000000000 ) ) ;
#5616 = ORIENTED_EDGE ( 'NONE', *, *, #5366, .F. ) ;
#5617 = VECTOR ( 'NONE', #7303, 1000.000000000000000 ) ;
#5618 = DIRECTION ( 'NONE',  ( -1.000000000000000000, 0.000000000000000000, 0.000000000000000000 ) ) ;
#5619 = AXIS2_PLACEMENT_3D ( 'NONE', #8144, #6631, #1249 ) ;
#5620 = ADVANCED_FACE ( 'NONE', ( #4585, #6724, #2322, #5157, #738, #5298, #7542, #789, #3739 ), #11, .T. ) ;
#5621 = ORIENTED_EDGE ( 'NONE', *, *, #8905, .F. ) ;
#5622 = ADVANCED_FACE ( 'NONE', ( #58 ), #4714, .T. ) ;
#5623 =( BOUNDED_CURVE ( )  B_SPLINE_CURVE ( 3, ( #118, #7652, #9188, #6141 ),
 .UNSPECIFIED., .F., .T. ) 
 B_SPLINE_CURVE_WITH_KNOTS ( ( 4, 4 ),
 ( 1.571719581275296429, 3.141592653589793116 ),
 .UNSPECIFIED. ) 
 CURVE ( )  GEOMETRIC_REPRESENTATION_ITEM ( )  RATIONAL_B_SPLINE_CURVE ( ( 1.000000000000000000, 0.8049554170565045297, 0.8049554170565045297, 1.000000000000000000 ) ) 
 REPRESENTATION_ITEM ( '' )  );
#5624 = VERTEX_POINT ( 'NONE', #9619 ) ;
#5625 = AXIS2_PLACEMENT_3D ( 'NONE', #7363, #5807, #701 ) ;
#5626 = CARTESIAN_POINT ( 'NONE',  ( 10.79164003301465335, 37.61303391499870941, 8.065743587654690572 ) ) ;
#5627 = CARTESIAN_POINT ( 'NONE',  ( 7.249132938130994575, 39.09758443951701423, 10.86598432001436976 ) ) ;
#5628 = B_SPLINE_CURVE_WITH_KNOTS ( 'NONE', 3,
 ( #3678, #2846, #7281, #1318, #2789, #5877, #5731, #9604 ),
 .UNSPECIFIED., .F., .F.,
 ( 4, 2, 2, 4 ),
 ( 0.000000000000000000, 0.0003736791828213807806, 0.0007473583656427615612, 0.001494716731285524423 ),
 .UNSPECIFIED. ) ;
#5629 = CARTESIAN_POINT ( 'NONE',  ( 7.293041537338474711, 37.25225922863844374, 10.84773317092501621 ) ) ;
#5630 = CARTESIAN_POINT ( 'NONE',  ( -8.821669015494807198, 37.98548048166745161, -1.510219599821801983 ) ) ;
#5631 = CARTESIAN_POINT ( 'NONE',  ( 4.450000000000004619, 7.197618960442568437, -10.30001269126615782 ) ) ;
#5632 =( GEOMETRIC_REPRESENTATION_CONTEXT ( 3 ) GLOBAL_UNCERTAINTY_ASSIGNED_CONTEXT ( ( #6438 ) ) GLOBAL_UNIT_ASSIGNED_CONTEXT ( ( #4427, #730, #7342 ) ) REPRESENTATION_CONTEXT ( 'NONE', 'WORKASPACE' ) );
#5633 = CARTESIAN_POINT ( 'NONE',  ( 10.55287745320875814, 41.98905323372370191, 8.457053066779485206 ) ) ;
#5634 = CARTESIAN_POINT ( 'NONE',  ( 8.037874939504822791, 28.65803391499869335, 10.19101528433199100 ) ) ;
#5635 = DIRECTION ( 'NONE',  ( 0.000000000000000000, 1.000000000000000000, 0.000000000000000000 ) ) ;
#5636 = ORIENTED_EDGE ( 'NONE', *, *, #8206, .F. ) ;
#5637 = EDGE_CURVE ( 'NONE', #68, #7472, #5890, .T. ) ;
#5638 = EDGE_LOOP ( 'NONE', ( #4691, #6146, #7154, #7758 ) ) ;
#5639 = ORIENTED_EDGE ( 'NONE', *, *, #9630, .T. ) ;
#5640 = CARTESIAN_POINT ( 'NONE',  ( 6.761624507423590558, 26.54303391499856346, 11.05729839924599212 ) ) ;
#5641 = VECTOR ( 'NONE', #3555, 1000.000000000000000 ) ;
#5642 = FACE_OUTER_BOUND ( 'NONE', #811, .T. ) ;
#5643 = LINE ( 'NONE', #8528, #8708 ) ;
#5644 = CARTESIAN_POINT ( 'NONE',  ( 5.140799068026202789, 39.99999999999998579, -7.326300904425153249 ) ) ;
#5645 = CARTESIAN_POINT ( 'NONE',  ( -13.22760568967424888, 23.43803400285404237, -9.674394310325764579 ) ) ;
#5646 = DIRECTION ( 'NONE',  ( -2.728778501536552356E-15, 0.000000000000000000, -1.000000000000000000 ) ) ;
#5647 = DIRECTION ( 'NONE',  ( 2.430759722670705684E-15, 0.000000000000000000, -1.000000000000000000 ) ) ;
#5648 = CARTESIAN_POINT ( 'NONE',  ( 9.586357836860887716, 7.197618960442568437, 4.450000000000002842 ) ) ;
#5649 = AXIS2_PLACEMENT_3D ( 'NONE', #7792, #305, #9233 ) ;
#5650 = ORIENTED_EDGE ( 'NONE', *, *, #6541, .F. ) ;
#5651 = EDGE_CURVE ( 'NONE', #1264, #1012, #9095, .T. ) ;
#5652 = ORIENTED_EDGE ( 'NONE', *, *, #473, .T. ) ;
#5653 = CARTESIAN_POINT ( 'NONE',  ( 8.393731231616456512, 17.23358293696096410, 10.23474914098116706 ) ) ;
#5654 = AXIS2_PLACEMENT_3D ( 'NONE', #35, #8999, #6748 ) ;
#5655 = CARTESIAN_POINT ( 'NONE',  ( -9.271343445049504695, 13.61303391499872006, -13.63065655495050699 ) ) ;
#5656 = CARTESIAN_POINT ( 'NONE',  ( 11.13274924780638031, 37.68888577310575982, 7.389011218942599157 ) ) ;
#5657 = CIRCLE ( 'NONE', #1903, 8.949999999999999289 ) ;
#5658 = LINE ( 'NONE', #1101, #4060 ) ;
#5659 = DIRECTION ( 'NONE',  ( 0.000000000000000000, 0.000000000000000000, -1.000000000000000000 ) ) ;
#5660 = FACE_OUTER_BOUND ( 'NONE', #6039, .T. ) ;
#5661 = ADVANCED_FACE ( 'NONE', ( #8046 ), #5850, .T. ) ;
#5662 = CARTESIAN_POINT ( 'NONE',  ( 7.217720911335383960, 14.27303391499868468, 10.87699870008983360 ) ) ;
#5663 = DIRECTION ( 'NONE',  ( 1.122611720842914147E-17, -0.9999862922474268556, -0.005235963831419591756 ) ) ;
#5664 = CARTESIAN_POINT ( 'NONE',  ( 11.23441498861017607, 13.70303391499870571, 7.553924388648250776 ) ) ;
#5665 = ORIENTED_EDGE ( 'NONE', *, *, #4582, .F. ) ;
#5666 = AXIS2_PLACEMENT_3D ( 'NONE', #2120, #4373, #47 ) ;
#5667 = EDGE_LOOP ( 'NONE', ( #9341, #1643, #9560, #5908 ) ) ;
#5668 = FACE_OUTER_BOUND ( 'NONE', #8489, .T. ) ;
#5669 = CARTESIAN_POINT ( 'NONE',  ( 11.06823215902973878, 39.50303391499870287, 6.730132252564450468 ) ) ;
#5670 = ORIENTED_EDGE ( 'NONE', *, *, #5918, .T. ) ;
#5671 =( BOUNDED_CURVE ( )  B_SPLINE_CURVE ( 3, ( #2135, #5115, #6824, #890 ),
 .UNSPECIFIED., .F., .T. ) 
 B_SPLINE_CURVE_WITH_KNOTS ( ( 4, 4 ),
 ( 4.354865436748736940, 4.359705950757730264 ),
 .UNSPECIFIED. ) 
 CURVE ( )  GEOMETRIC_REPRESENTATION_ITEM ( )  RATIONAL_B_SPLINE_CURVE ( ( 1.000000000000000000, 0.9999980474529639451, 0.9999980474529639451, 1.000000000000000000 ) ) 
 REPRESENTATION_ITEM ( '' )  );
#5672 = ADVANCED_FACE ( 'NONE', ( #4340 ), #2866, .F. ) ;
#5673 = CARTESIAN_POINT ( 'NONE',  ( 8.519706821279426023, 42.54803391499870457, 10.14251708021676279 ) ) ;
#5674 = LINE ( 'NONE', #5720, #3122 ) ;
#5675 = ORIENTED_EDGE ( 'NONE', *, *, #8829, .F. ) ;
#5676 = ORIENTED_EDGE ( 'NONE', *, *, #2182, .F. ) ;
#5677 = CARTESIAN_POINT ( 'NONE',  ( 10.28264867440793751, 42.80303391499871424, 8.320427552729471543 ) ) ;
#5678 = DIRECTION ( 'NONE',  ( 2.533865751426797602E-15, -0.000000000000000000, 1.000000000000000000 ) ) ;
#5679 = EDGE_CURVE ( 'NONE', #3054, #9199, #8770, .T. ) ;
#5680 = EDGE_CURVE ( 'NONE', #6435, #1129, #8788, .T. ) ;
#5681 = DIRECTION ( 'NONE',  ( -0.000000000000000000, 1.000000000000000000, -0.000000000000000000 ) ) ;
#5682 = CARTESIAN_POINT ( 'NONE',  ( -1.545383168813365904, 39.99999999999998579, -8.815570932250970770 ) ) ;
#5683 = DIRECTION ( 'NONE',  ( 0.000000000000000000, 0.000000000000000000, 1.000000000000000000 ) ) ;
#5684 = CARTESIAN_POINT ( 'NONE',  ( 4.653951976476204955, 39.99999999999999289, 6.839453812875238903 ) ) ;
#5685 = PLANE ( 'NONE',  #2501 ) ;
#5686 = CARTESIAN_POINT ( 'NONE',  ( 7.289165574309072859, 7.478033914998679421, 10.82116414244991454 ) ) ;
#5687 = ORIENTED_EDGE ( 'NONE', *, *, #3547, .T. ) ;
#5688 = ORIENTED_EDGE ( 'NONE', *, *, #3311, .F. ) ;
#5689 = ORIENTED_EDGE ( 'NONE', *, *, #7088, .F. ) ;
#5690 = B_SPLINE_SURFACE_WITH_KNOTS ( 'NONE', 3, 1, ( 
 ( #816, #5235 ),
 ( #6846, #3816 ),
 ( #5379, #865 ),
 ( #6801, #8308 ) ),
 .UNSPECIFIED., .F., .F., .F.,
 ( 4, 4 ),
 ( 2, 2 ),
 ( 0.000000000000000000, 1.000000000000000000 ),
 ( 0.000000000000000000, 1.000000000000000000 ),
 .UNSPECIFIED. ) ;
#5691 = CARTESIAN_POINT ( 'NONE',  ( 10.82571460768717309, 35.61543163014124502, 8.007283836832899127 ) ) ;
#5692 = DIRECTION ( 'NONE',  ( -3.909068654769655614E-14, 0.000000000000000000, 1.000000000000000000 ) ) ;
#5693 = ADVANCED_FACE ( 'NONE', ( #2137 ), #6381, .T. ) ;
#5694 = DIRECTION ( 'NONE',  ( -2.664535259100375697E-15, 0.000000000000000000, 1.000000000000000000 ) ) ;
#5695 = CARTESIAN_POINT ( 'NONE',  ( 7.217277684798286685, 14.27303391499868468, 10.87655547355273633 ) ) ;
#5696 = FACE_OUTER_BOUND ( 'NONE', #2349, .T. ) ;
#5697 = EDGE_LOOP ( 'NONE', ( #249, #8303, #8745, #2199 ) ) ;
#5698 = B_SPLINE_CURVE_WITH_KNOTS ( 'NONE', 3,
 ( #9484, #4253, #3559, #3515 ),
 .UNSPECIFIED., .F., .F.,
 ( 4, 4 ),
 ( 0.000000000000000000, 0.0005644278182052129417 ),
 .UNSPECIFIED. ) ;
#5699 = ORIENTED_EDGE ( 'NONE', *, *, #506, .F. ) ;
#5700 = CARTESIAN_POINT ( 'NONE',  ( -1.543928953350315991, 39.91668805191901015, 8.900408234471422375 ) ) ;
#5701 = CARTESIAN_POINT ( 'NONE',  ( 9.418383531439257439, 6.083033914998696723, 9.810827991111809254 ) ) ;
#5702 = CARTESIAN_POINT ( 'NONE',  ( 11.09355783334966716, 37.52699812090725118, 7.477448300093779920 ) ) ;
#5703 = ADVANCED_FACE ( 'NONE', ( #3505 ), #3699, .T. ) ;
#5704 = CARTESIAN_POINT ( 'NONE',  ( 8.112490369793979639, 37.39999999999999858, -1.499999999999971356 ) ) ;
#5705 = CARTESIAN_POINT ( 'NONE',  ( 10.49999999999999467, 36.00000000000000000, 0.3570727881022416339 ) ) ;
#5706 = CARTESIAN_POINT ( 'NONE',  ( 10.46622194885980228, 36.12803391499869576, 7.294848231352309753 ) ) ;
#5707 = LINE ( 'NONE', #182, #6230 ) ;
#5708 = CARTESIAN_POINT ( 'NONE',  ( -5.275091619377319851, 1.088802950906634370, 11.15000000000077307 ) ) ;
#5709 = CARTESIAN_POINT ( 'NONE',  ( 10.72133454061057556, 10.68803391499870870, 8.186356926170846648 ) ) ;
#5710 = AXIS2_PLACEMENT_3D ( 'NONE', #5103, #6617, #7289 ) ;
#5711 = ORIENTED_EDGE ( 'NONE', *, *, #7203, .T. ) ;
#5712 = ORIENTED_EDGE ( 'NONE', *, *, #2002, .F. ) ;
#5713 = ADVANCED_FACE ( 'NONE', ( #8736 ), #3346, .T. ) ;
#5714 = CARTESIAN_POINT ( 'NONE',  ( 11.15000000000000036, 44.64247392222173971, -4.449999999999998401 ) ) ;
#5715 = DIRECTION ( 'NONE',  ( -0.000000000000000000, 1.000000000000000000, -0.000000000000000000 ) ) ;
#5716 = VERTEX_POINT ( 'NONE', #654 ) ;
#5717 = DIRECTION ( 'NONE',  ( -1.000000000000000000, 0.000000000000000000, 0.000000000000000000 ) ) ;
#5718 = CARTESIAN_POINT ( 'NONE',  ( 8.802453363288877952, 42.54803391499870457, 10.42526362222621472 ) ) ;
#5719 = CARTESIAN_POINT ( 'NONE',  ( 1.531162538049317678, 39.18530060916248203, -8.987145095002357920 ) ) ;
#5720 = CARTESIAN_POINT ( 'NONE',  ( -12.93062103768995108, 41.12803391499871708, -9.971378962310060601 ) ) ;
#5721 = ORIENTED_EDGE ( 'NONE', *, *, #7971, .T. ) ;
#5722 = ORIENTED_EDGE ( 'NONE', *, *, #1807, .T. ) ;
#5723 = EDGE_CURVE ( 'NONE', #8082, #2791, #3652, .T. ) ;
#5724 = FACE_OUTER_BOUND ( 'NONE', #8665, .T. ) ;
#5725 = CARTESIAN_POINT ( 'NONE',  ( 7.532543326174260478, 37.92451296067010702, 10.73737163532929806 ) ) ;
#5726 = CARTESIAN_POINT ( 'NONE',  ( 11.09315374258439491, 8.738033914998714735, 7.476302752929233186 ) ) ;
#5727 = DIRECTION ( 'NONE',  ( 8.673617379884035472E-16, -1.486905836551548882E-15, 1.000000000000000000 ) ) ;
#5728 = DIRECTION ( 'NONE',  ( -1.000000000000000000, 0.000000000000000000, -2.728778501536549200E-15 ) ) ;
#5729 = DIRECTION ( 'NONE',  ( 0.000000000000000000, 0.9999862922474268556, -0.005235963831419591756 ) ) ;
#5730 = CARTESIAN_POINT ( 'NONE',  ( 10.95206488133370826, 7.359125244375599451, 7.771180599122017973 ) ) ;
#5731 = CARTESIAN_POINT ( 'NONE',  ( 9.488670717278777644, 26.86838165423299429, 9.732235735827519107 ) ) ;
#5732 = ORIENTED_EDGE ( 'NONE', *, *, #3547, .F. ) ;
#5733 = ORIENTED_EDGE ( 'NONE', *, *, #5062, .T. ) ;
#5734 = ADVANCED_FACE ( 'NONE', ( #9625 ), #7057, .T. ) ;
#5735 = EDGE_CURVE ( 'NONE', #7551, #4174, #5943, .T. ) ;
#5736 = VERTEX_POINT ( 'NONE', #6825 ) ;
#5737 = LINE ( 'NONE', #684, #3165 ) ;
#5738 = CARTESIAN_POINT ( 'NONE',  ( 6.255805281437787357, 3.122011186288002893, -10.97561693246430714 ) ) ;
#5739 = CARTESIAN_POINT ( 'NONE',  ( 10.56085488510614034, 17.19803391499871026, 8.450141339378362204 ) ) ;
#5740 = CARTESIAN_POINT ( 'NONE',  ( -5.140799068026253416, 39.99999999999998579, 7.326300904425116833 ) ) ;
#5741 = CARTESIAN_POINT ( 'NONE',  ( 6.859229925622604362, 7.735294221201661991, 11.02256036130733108 ) ) ;
#5742 = ORIENTED_EDGE ( 'NONE', *, *, #8123, .F. ) ;
#5743 = EDGE_CURVE ( 'NONE', #4896, #3993, #745, .T. ) ;
#5744 = ADVANCED_FACE ( 'NONE', ( #795 ), #8332, .T. ) ;
#5745 = ORIENTED_EDGE ( 'NONE', *, *, #3594, .F. ) ;
#5746 = CARTESIAN_POINT ( 'NONE',  ( 8.764063017700548741, 16.71803391499869562, 9.962609207925822830 ) ) ;
#5747 = DIRECTION ( 'NONE',  ( 0.000000000000000000, 0.000000000000000000, 1.000000000000000000 ) ) ;
#5748 = CARTESIAN_POINT ( 'NONE',  ( 11.30308905430571720, 39.31336492958788398, 6.964989147840431549 ) ) ;
#5749 = CARTESIAN_POINT ( 'NONE',  ( 8.122238618328914583, 39.13255635751101380, -1.530241883712123219 ) ) ;
#5750 = CARTESIAN_POINT ( 'NONE',  ( 0.000000000000000000, 39.19999999999998153, 0.000000000000000000 ) ) ;
#5751 = DIRECTION ( 'NONE',  ( -3.491481338843133355E-15, 0.000000000000000000, 1.000000000000000000 ) ) ;
#5752 = AXIS2_PLACEMENT_3D ( 'NONE', #5403, #8381, #3935 ) ;
#5753 = B_SPLINE_CURVE_WITH_KNOTS ( 'NONE', 3,
 ( #290, #5441, #5294, #3195, #6171, #8420, #6956, #245, #99, #8276 ),
 .UNSPECIFIED., .F., .F.,
 ( 4, 2, 2, 2, 4 ),
 ( 0.000000000000000000, 0.0005558774755815394045, 0.001111754951163078809, 0.001667632426744618214, 0.002223509902326157618 ),
 .UNSPECIFIED. ) ;
#5754 = CARTESIAN_POINT ( 'NONE',  ( 10.38609933081709791, 10.68803391499870870, 7.851121716377369886 ) ) ;
#5755 = CARTESIAN_POINT ( 'NONE',  ( 11.44999999999999929, 4.289617747576757623, 5.366463060956062847 ) ) ;
#5756 = ORIENTED_EDGE ( 'NONE', *, *, #827, .F. ) ;
#5757 = EDGE_CURVE ( 'NONE', #8255, #5970, #8437, .T. ) ;
#5758 = EDGE_LOOP ( 'NONE', ( #8196, #4185, #6782, #7671, #6252, #7696, #2754 ) ) ;
#5759 = CARTESIAN_POINT ( 'NONE',  ( -6.151616374837602486, 0.9342479872600930602, -10.97561693246431247 ) ) ;
#5760 = CARTESIAN_POINT ( 'NONE',  ( 0.2999999999999998779, 25.10000000000000497, 10.49999999999999822 ) ) ;
#5761 = VERTEX_POINT ( 'NONE', #5407 ) ;
#5762 = CARTESIAN_POINT ( 'NONE',  ( 10.98047489488940798, 32.42379503966085963, 7.714981419153174258 ) ) ;
#5763 = DIRECTION ( 'NONE',  ( 0.005235963831419591756, 0.9999862922474268556, 0.000000000000000000 ) ) ;
#5764 = CARTESIAN_POINT ( 'NONE',  ( 7.257543814618473199, 28.38803391499868667, 10.55619714496785555 ) ) ;
#5765 = AXIS2_PLACEMENT_3D ( 'NONE', #9097, #4648, #7421 ) ;
#5766 = AXIS2_PLACEMENT_3D ( 'NONE', #5035, #7677, #1024 ) ;
#5767 = ORIENTED_EDGE ( 'NONE', *, *, #9517, .T. ) ;
#5768 = EDGE_CURVE ( 'NONE', #3680, #4015, #3981, .T. ) ;
#5769 = B_SPLINE_SURFACE_WITH_KNOTS ( 'NONE', 2, 1, ( 
 ( #629, #3629 ),
 ( #4416, #6655 ),
 ( #2937, #5920 ) ),
 .UNSPECIFIED., .F., .F., .F.,
 ( 3, 3 ),
 ( 2, 2 ),
 ( 0.000000000000000000, 1.000000000000000000 ),
 ( 0.000000000000000000, 1.000000000000000000 ),
 .UNSPECIFIED. ) ;
#5770 = VERTEX_POINT ( 'NONE', #4490 ) ;
#5771 = CARTESIAN_POINT ( 'NONE',  ( 10.42973313808376368, 11.78303391499870045, 8.637217643889915308 ) ) ;
#5772 = CIRCLE ( 'NONE', #1067, 8.949999999999999289 ) ;
#5773 = CIRCLE ( 'NONE', #9532, 5.588218919887175673 ) ;
#5774 = AXIS2_PLACEMENT_3D ( 'NONE', #7443, #590, #735 ) ;
#5775 = CYLINDRICAL_SURFACE ( 'NONE', #1517, 0.7136548544052906395 ) ;
#5776 = CARTESIAN_POINT ( 'NONE',  ( 6.730131960841347905, 39.30803391499870258, 11.06823225953501222 ) ) ;
#5777 = LINE ( 'NONE', #3526, #8993 ) ;
#5778 = DIRECTION ( 'NONE',  ( 0.000000000000000000, -3.594534017133189266E-15, 1.000000000000000000 ) ) ;
#5779 = CARTESIAN_POINT ( 'NONE',  ( 10.79384193812074955, 37.61303391499870941, 8.067945492760786763 ) ) ;
#5780 = CARTESIAN_POINT ( 'NONE',  ( 11.08439795911081660, 33.77303391499871310, 6.682658442338716753 ) ) ;
#5781 = CARTESIAN_POINT ( 'NONE',  ( 7.091754371254308076, 7.736260563347692631, 11.25543969934170363 ) ) ;
#5782 = VERTEX_POINT ( 'NONE', #2282 ) ;
#5783 = AXIS2_PLACEMENT_3D ( 'NONE', #3156, #2233, #1685 ) ;
#5784 = VERTEX_POINT ( 'NONE', #7453 ) ;
#5785 = EDGE_LOOP ( 'NONE', ( #7630, #6535 ) ) ;
#5786 = CARTESIAN_POINT ( 'NONE',  ( -3.918461881947868708, 41.98549753465720613, -11.44999999999999751 ) ) ;
#5787 = CARTESIAN_POINT ( 'NONE',  ( 10.56650471977563122, 4.140510151854976506, -7.975332859467897606 ) ) ;
#5788 = CARTESIAN_POINT ( 'NONE',  ( 9.625554315679613282, 27.02485019811512501, 9.163415751323741532 ) ) ;
#5789 = FACE_OUTER_BOUND ( 'NONE', #7398, .T. ) ;
#5790 = CARTESIAN_POINT ( 'NONE',  ( 9.845008479483878361, 25.70303400285404294, 9.367711206069051499 ) ) ;
#5791 = EDGE_CURVE ( 'NONE', #5512, #8816, #9200, .T. ) ;
#5792 = CARTESIAN_POINT ( 'NONE',  ( -7.778174593052072261, 37.39999999999999858, 5.656854249492312192 ) ) ;
#5793 = FACE_BOUND ( 'NONE', #2105, .T. ) ;
#5794 = EDGE_LOOP ( 'NONE', ( #3488, #4066, #4674, #2298 ) ) ;
#5795 = AXIS2_PLACEMENT_3D ( 'NONE', #6226, #5501, #2605 ) ;
#5796 = ORIENTED_EDGE ( 'NONE', *, *, #3095, .F. ) ;
#5797 = CARTESIAN_POINT ( 'NONE',  ( 8.073696086342000200, 17.17485528932961714, 10.44039327968095243 ) ) ;
#5798 = FACE_OUTER_BOUND ( 'NONE', #3463, .T. ) ;
#5799 = CARTESIAN_POINT ( 'NONE',  ( 5.952236824577187058, 44.03059601862748451, 10.15786433482849382 ) ) ;
#5800 = DIRECTION ( 'NONE',  ( -1.607383761961275067E-15, 1.000000000000000000, 1.607383761961275067E-15 ) ) ;
#5801 = DIRECTION ( 'NONE',  ( 0.7071067811865474617, 0.000000000000000000, 0.7071067811865474617 ) ) ;
#5802 = CARTESIAN_POINT ( 'NONE',  ( 9.773982983532791380, 11.30860844216686090, 8.996449486139315610 ) ) ;
#5803 = EDGE_CURVE ( 'NONE', #8756, #2993, #2422, .T. ) ;
#5804 = EDGE_CURVE ( 'NONE', #3498, #5736, #4249, .T. ) ;
#5805 = AXIS2_PLACEMENT_3D ( 'NONE', #6479, #5164, #1492 ) ;
#5806 = CARTESIAN_POINT ( 'NONE',  ( 6.282235193577056620, 3.417453512191688247, 11.26780873540984906 ) ) ;
#5807 = DIRECTION ( 'NONE',  ( -0.7069990853988231683, 0.01745240643728355329, -0.7069990853988253887 ) ) ;
#5808 = ORIENTED_EDGE ( 'NONE', *, *, #3377, .T. ) ;
#5809 = ORIENTED_EDGE ( 'NONE', *, *, #1034, .T. ) ;
#5810 = AXIS2_PLACEMENT_3D ( 'NONE', #1673, #8229, #6071 ) ;
#5811 = CARTESIAN_POINT ( 'NONE',  ( 8.823406371691156380, 37.39999999999999858, -1.499999999999968914 ) ) ;
#5812 = CARTESIAN_POINT ( 'NONE',  ( 10.83341552196957736, 41.67803391499871424, 7.322630549492567198 ) ) ;
#5813 = VERTEX_POINT ( 'NONE', #944 ) ;
#5814 = CARTESIAN_POINT ( 'NONE',  ( 9.627764788739931134, 36.66803391499869491, 9.595945179700711591 ) ) ;
#5815 = EDGE_CURVE ( 'NONE', #6206, #6469, #6034, .T. ) ;
#5816 = CARTESIAN_POINT ( 'NONE',  ( 8.561945966027233013, 11.28803391499868880, 10.48174107306275893 ) ) ;
#5817 = CARTESIAN_POINT ( 'NONE',  ( 10.72133454061057556, 10.68803391499870870, 8.186356926170846648 ) ) ;
#5818 = CARTESIAN_POINT ( 'NONE',  ( -5.153034575406771900, 39.15591825482287192, 7.317700093927212990 ) ) ;
#5819 = ORIENTED_EDGE ( 'NONE', *, *, #7894, .F. ) ;
#5820 = ORIENTED_EDGE ( 'NONE', *, *, #2704, .T. ) ;
#5821 = LINE ( 'NONE', #6317, #2274 ) ;
#5822 = ORIENTED_EDGE ( 'NONE', *, *, #7376, .T. ) ;
#5823 = CARTESIAN_POINT ( 'NONE',  ( 7.249132938130997239, 39.40303391499872987, 10.86598432001437153 ) ) ;
#5824 = EDGE_CURVE ( 'NONE', #2726, #7115, #1950, .T. ) ;
#5825 = CARTESIAN_POINT ( 'NONE',  ( 11.30876953529381268, 45.00000000000003553, 6.949456033165107627 ) ) ;
#5826 = CARTESIAN_POINT ( 'NONE',  ( 10.78934504095537328, 35.99303391499871907, 8.148301409337792123 ) ) ;
#5827 = CARTESIAN_POINT ( 'NONE',  ( 10.93358555680065436, 12.21055404580858728, 7.806318682385703589 ) ) ;
#5828 = CARTESIAN_POINT ( 'NONE',  ( -4.450000000000001066, 5.500000000000000000, 4.450000000000002842 ) ) ;
#5829 = CARTESIAN_POINT ( 'NONE',  ( 7.534386940619531181, 33.78803391499870656, 11.06638550876049010 ) ) ;
#5830 = DIRECTION ( 'NONE',  ( 0.000000000000000000, 0.000000000000000000, 1.000000000000000000 ) ) ;
#5831 = ORIENTED_EDGE ( 'NONE', *, *, #5803, .T. ) ;
#5832 = VERTEX_POINT ( 'NONE', #1639 ) ;
#5833 = ORIENTED_EDGE ( 'NONE', *, *, #5335, .F. ) ;
#5834 = EDGE_CURVE ( 'NONE', #1355, #8422, #2425, .T. ) ;
#5835 = LINE ( 'NONE', #3730, #5194 ) ;
#5836 = CARTESIAN_POINT ( 'NONE',  ( 10.50000000000000178, 25.10000000000000497, -0.2999999999998898548 ) ) ;
#5837 = CARTESIAN_POINT ( 'NONE',  ( 9.432129762219586766, 27.91983607959130964, 9.367851584795776176 ) ) ;
#5838 = CARTESIAN_POINT ( 'NONE',  ( 7.508447592553887162, 31.91561167624305639, 11.08018473256136360 ) ) ;
#5839 = CYLINDRICAL_SURFACE ( 'NONE', #9540, 7.299999999999998934 ) ;
#5840 = DIRECTION ( 'NONE',  ( 0.000000000000000000, 0.000000000000000000, 1.000000000000000000 ) ) ;
#5841 = CARTESIAN_POINT ( 'NONE',  ( -4.450000000000001066, 5.500000000000000000, 4.450000000000002842 ) ) ;
#5842 = ORIENTED_EDGE ( 'NONE', *, *, #3616, .F. ) ;
#5843 = EDGE_LOOP ( 'NONE', ( #847, #5670, #8305, #9572 ) ) ;
#5844 = CARTESIAN_POINT ( 'NONE',  ( 7.293029714465555813, 26.91762710046639739, 10.84671032821095693 ) ) ;
#5845 = LINE ( 'NONE', #5655, #6002 ) ;
#5846 = LINE ( 'NONE', #8833, #9657 ) ;
#5847 = CARTESIAN_POINT ( 'NONE',  ( 6.696334089848158477, 14.24303391499869065, 11.07686079541284485 ) ) ;
#5848 = LINE ( 'NONE', #5114, #9063 ) ;
#5849 = CONICAL_SURFACE ( 'NONE', #6786, 9.199999999999992184, 1.396263401595460696 ) ;
#5850 = CYLINDRICAL_SURFACE ( 'NONE', #8925, 8.949999999999999289 ) ;
#5851 = CARTESIAN_POINT ( 'NONE',  ( 11.25066386930231843, 17.93303391499871680, 7.103482793757294189 ) ) ;
#5852 = CARTESIAN_POINT ( 'NONE',  ( 10.81244638194280405, 7.854015676846619165, 7.369520022052050479 ) ) ;
#5853 = AXIS2_PLACEMENT_3D ( 'NONE', #3467, #4397, #8004 ) ;
#5854 = ORIENTED_EDGE ( 'NONE', *, *, #2875, .T. ) ;
#5855 = ORIENTED_EDGE ( 'NONE', *, *, #9197, .F. ) ;
#5856 = ADVANCED_FACE ( 'NONE', ( #6133 ), #208, .T. ) ;
#5857 = AXIS2_PLACEMENT_3D ( 'NONE', #1951, #4202, #9589 ) ;
#5858 = EDGE_CURVE ( 'NONE', #2300, #2791, #6420, .T. ) ;
#5859 = CARTESIAN_POINT ( 'NONE',  ( -8.751827042193136563, 0.8128970249542052384, -10.04766789441852559 ) ) ;
#5860 = CARTESIAN_POINT ( 'NONE',  ( 9.669886064529952918, 31.14803391499869889, 9.553213641748319773 ) ) ;
#5861 = VERTEX_POINT ( 'NONE', #1789 ) ;
#5862 = VECTOR ( 'NONE', #3244, 1000.000000000000000 ) ;
#5863 = CARTESIAN_POINT ( 'NONE',  ( 9.627764984249473912, 42.80303400285406212, 9.595944982982246074 ) ) ;
#5864 = DIRECTION ( 'NONE',  ( 0.9999862922474268556, -0.005235963831419591756, -3.898201565880034423E-16 ) ) ;
#5865 = DIRECTION ( 'NONE',  ( -2.144010861234017626E-15, -0.005235963831419591756, 0.9999862922474268556 ) ) ;
#5866 = ORIENTED_EDGE ( 'NONE', *, *, #7882, .T. ) ;
#5867 = ORIENTED_EDGE ( 'NONE', *, *, #4686, .F. ) ;
#5868 = EDGE_CURVE ( 'NONE', #1767, #6095, #6280, .T. ) ;
#5869 = CARTESIAN_POINT ( 'NONE',  ( 8.362800453901636288, 11.67795092813307534, 10.25431705102741908 ) ) ;
#5870 = EDGE_LOOP ( 'NONE', ( #306, #2545, #2624, #6196 ) ) ;
#5871 = DIRECTION ( 'NONE',  ( -0.1736481776669352717, 0.9848077530122072432, 0.000000000000000000 ) ) ;
#5872 = DIRECTION ( 'NONE',  ( 0.000000000000000000, 0.000000000000000000, 1.000000000000000000 ) ) ;
#5873 = DIRECTION ( 'NONE',  ( -1.000000000000000000, 0.000000000000000000, -1.559302000878027974E-15 ) ) ;
#5874 = CARTESIAN_POINT ( 'NONE',  ( -13.62005014934683800, 39.30803391499870258, -9.281949850653173684 ) ) ;
#5875 = FACE_OUTER_BOUND ( 'NONE', #6151, .T. ) ;
#5876 = FACE_OUTER_BOUND ( 'NONE', #5523, .T. ) ;
#5877 = CARTESIAN_POINT ( 'NONE',  ( 9.469660934319154677, 27.12004631307858560, 9.751117188098533006 ) ) ;
#5878 = EDGE_LOOP ( 'NONE', ( #4296, #5311, #44, #295 ) ) ;
#5879 = EDGE_LOOP ( 'NONE', ( #9458, #766, #6101, #3160 ) ) ;
#5880 = EDGE_CURVE ( 'NONE', #3702, #5415, #1114, .T. ) ;
#5881 = VERTEX_POINT ( 'NONE', #4140 ) ;
#5882 = CARTESIAN_POINT ( 'NONE',  ( 10.86362267062365738, 8.423033914998704574, 7.246771680968495666 ) ) ;
#5883 = CARTESIAN_POINT ( 'NONE',  ( 4.449999999999999289, 36.00000000000000000, 4.450000000000001954 ) ) ;
#5884 = DIRECTION ( 'NONE',  ( 0.7071067811865474617, 0.000000000000000000, 0.7071067811865474617 ) ) ;
#5885 = CARTESIAN_POINT ( 'NONE',  ( 7.624715682620823998, 35.77814387613334901, 11.02462041257620129 ) ) ;
#5886 = FACE_OUTER_BOUND ( 'NONE', #3386, .T. ) ;
#5887 = CARTESIAN_POINT ( 'NONE',  ( 0.000000000000000000, 39.19999999999998153, 0.000000000000000000 ) ) ;
#5888 = ADVANCED_FACE ( 'NONE', ( #7067 ), #4100, .F. ) ;
#5889 = ORIENTED_EDGE ( 'NONE', *, *, #9697, .T. ) ;
#5890 = LINE ( 'NONE', #8877, #6414 ) ;
#5891 = CARTESIAN_POINT ( 'NONE',  ( 8.667812998274191827, 28.65803391499869690, 10.40956962025831878 ) ) ;
#5892 = CARTESIAN_POINT ( 'NONE',  ( 7.859083558773534151, 17.10803391499870330, 10.56376719292615185 ) ) ;
#5893 = DIRECTION ( 'NONE',  ( -8.881784197001252323E-16, 0.000000000000000000, 1.000000000000000000 ) ) ;
#5894 = DIRECTION ( 'NONE',  ( 0.000000000000000000, 0.000000000000000000, 1.000000000000000000 ) ) ;
#5895 = CARTESIAN_POINT ( 'NONE',  ( 11.58624283951547618, 35.33303391499872248, 7.184503322743387876 ) ) ;
#5896 = DIRECTION ( 'NONE',  ( 0.000000000000000000, 0.000000000000000000, -1.000000000000000000 ) ) ;
#5897 = CARTESIAN_POINT ( 'NONE',  ( 10.63980280853875016, 7.053592214437617969, 7.729269045431760965 ) ) ;
#5898 = VERTEX_POINT ( 'NONE', #1929 ) ;
#5899 = ORIENTED_EDGE ( 'NONE', *, *, #1989, .T. ) ;
#5900 = CARTESIAN_POINT ( 'NONE',  ( 4.449999999999999289, 3.108226976830399835, 11.45000000000000107 ) ) ;
#5901 = CARTESIAN_POINT ( 'NONE',  ( 9.376306322939239379, 12.02595986351844104, 9.838598212745679916 ) ) ;
#5902 = VERTEX_POINT ( 'NONE', #6370 ) ;
#5903 = CARTESIAN_POINT ( 'NONE',  ( 11.08650140183974564, 17.88803400285406298, 7.490863223392199011 ) ) ;
#5904 = DIRECTION ( 'NONE',  ( -1.000000000000000000, 0.000000000000000000, -2.728778501536549200E-15 ) ) ;
#5905 = ADVANCED_FACE ( 'NONE', ( #5696 ), #5028, .T. ) ;
#5906 = CARTESIAN_POINT ( 'NONE',  ( 10.66890155416277253, 32.11840532571234519, 7.673779277883453709 ) ) ;
#5907 = CARTESIAN_POINT ( 'NONE',  ( 8.136703710367891418, 16.66442398059246344, 10.40352597152016756 ) ) ;
#5908 = ORIENTED_EDGE ( 'NONE', *, *, #5506, .T. ) ;
#5909 = ORIENTED_EDGE ( 'NONE', *, *, #5405, .F. ) ;
#5910 = CARTESIAN_POINT ( 'NONE',  ( -13.64126335278234947, 14.24303391499869065, -9.260736647217663986 ) ) ;
#5911 = ORIENTED_EDGE ( 'NONE', *, *, #1945, .F. ) ;
#5912 = DIRECTION ( 'NONE',  ( 0.9848077530122072432, 0.1736481776669354937, -0.000000000000000000 ) ) ;
#5913 = AXIS2_PLACEMENT_3D ( 'NONE', #39, #6055, #1608 ) ;
#5914 = CARTESIAN_POINT ( 'NONE',  ( 4.450000000000001954, 6.649999999999999467, 10.04397855905344628 ) ) ;
#5915 = CARTESIAN_POINT ( 'NONE',  ( 9.609963113744745655, 5.483033914998699743, 9.620569911576563271 ) ) ;
#5916 = CARTESIAN_POINT ( 'NONE',  ( 7.476302483458829862, 39.40303391499872987, 11.09315386534220238 ) ) ;
#5917 = EDGE_CURVE ( 'NONE', #4006, #4005, #1425, .T. ) ;
#5918 = EDGE_CURVE ( 'NONE', #4409, #319, #2994, .T. ) ;
#5919 = CARTESIAN_POINT ( 'NONE',  ( 11.44999999999999751, 4.289617747577162632, 4.450000000000001066 ) ) ;
#5920 = CARTESIAN_POINT ( 'NONE',  ( 9.630185517647678495, 36.66803391499869491, 9.598365908608458952 ) ) ;
#5921 = DIRECTION ( 'NONE',  ( -0.000000000000000000, -1.000000000000000000, 0.000000000000000000 ) ) ;
#5922 = VERTEX_POINT ( 'NONE', #4183 ) ;
#5923 = ORIENTED_EDGE ( 'NONE', *, *, #8795, .T. ) ;
#5924 = VECTOR ( 'NONE', #7189, 1000.000000000000114 ) ;
#5925 = CARTESIAN_POINT ( 'NONE',  ( 11.09068575028536863, 17.76091546571114321, 7.481731134151367257 ) ) ;
#5926 = CARTESIAN_POINT ( 'NONE',  ( 11.44999999999999929, 4.037887858223955462, -4.449999999999997513 ) ) ;
#5927 = FACE_OUTER_BOUND ( 'NONE', #5495, .T. ) ;
#5928 = DIRECTION ( 'NONE',  ( 0.000000000000000000, 0.000000000000000000, 1.000000000000000000 ) ) ;
#5929 = CARTESIAN_POINT ( 'NONE',  ( 9.973988035761385262, 17.24240790411510815, 8.752447692572953741 ) ) ;
#5930 = EDGE_CURVE ( 'NONE', #4008, #8385, #6968, .T. ) ;
#5931 = LINE ( 'NONE', #8923, #635 ) ;
#5932 = AXIS2_PLACEMENT_3D ( 'NONE', #3293, #6217, #6123 ) ;
#5933 = CARTESIAN_POINT ( 'NONE',  ( 11.06823215902977786, 8.708033914998699387, 6.730132252564345663 ) ) ;
#5934 =( BOUNDED_CURVE ( )  B_SPLINE_CURVE ( 3, ( #5951, #8893, #6690, #7742 ),
 .UNSPECIFIED., .F., .T. ) 
 B_SPLINE_CURVE_WITH_KNOTS ( ( 4, 4 ),
 ( 1.570796326794896780, 3.141592653589793116 ),
 .UNSPECIFIED. ) 
 CURVE ( )  GEOMETRIC_REPRESENTATION_ITEM ( )  RATIONAL_B_SPLINE_CURVE ( ( 1.000000000000000000, 0.8047378541243650485, 0.8047378541243650485, 1.000000000000000000 ) ) 
 REPRESENTATION_ITEM ( '' )  );
#5935 = VERTEX_POINT ( 'NONE', #3353 ) ;
#5936 = CARTESIAN_POINT ( 'NONE',  ( 7.293315274424591266, 26.74502576487264704, 10.84652704600112294 ) ) ;
#5937 = CARTESIAN_POINT ( 'NONE',  ( 10.76063425281591535, 31.86803391499871196, 8.119590621198303992 ) ) ;
#5938 = CARTESIAN_POINT ( 'NONE',  ( 0.000000000000000000, 37.39999999999999858, 0.000000000000000000 ) ) ;
#5939 = B_SPLINE_CURVE_WITH_KNOTS ( 'NONE', 3,
 ( #8939, #849, #4450, #704, #5997, #8988, #5170, #2288 ),
 .UNSPECIFIED., .F., .F.,
 ( 4, 2, 2, 4 ),
 ( 0.000000000000000000, 0.001212140449456988560, 0.001818210674185480238, 0.002424280898913971916 ),
 .UNSPECIFIED. ) ;
#5940 = CARTESIAN_POINT ( 'NONE',  ( 4.449999999999999289, 7.750000000000000000, 4.450000000000001954 ) ) ;
#5941 = CARTESIAN_POINT ( 'NONE',  ( 4.450000000000003730, 36.00000000000000000, -9.890300914026123991 ) ) ;
#5942 = EDGE_CURVE ( 'NONE', #4979, #6161, #8581, .T. ) ;
#5943 = LINE ( 'NONE', #8935, #9255 ) ;
#5944 = PRESENTATION_LAYER_ASSIGNMENT (  '', '', ( #4861 ) ) ;
#5945 = ORIENTED_EDGE ( 'NONE', *, *, #9159, .F. ) ;
#5946 = ORIENTED_EDGE ( 'NONE', *, *, #9553, .F. ) ;
#5947 = ORIENTED_EDGE ( 'NONE', *, *, #894, .T. ) ;
#5948 = CARTESIAN_POINT ( 'NONE',  ( 7.791643431191881852, 10.42825245833067171, 10.60117623629603578 ) ) ;
#5949 = CARTESIAN_POINT ( 'NONE',  ( -8.112490369793960099, 37.39999999999999858, -1.500000000000085265 ) ) ;
#5950 = ORIENTED_EDGE ( 'NONE', *, *, #4129, .T. ) ;
#5951 = CARTESIAN_POINT ( 'NONE',  ( 4.397905546699918844, 43.75652547737865206, 11.15000000000000213 ) ) ;
#5952 = CARTESIAN_POINT ( 'NONE',  ( 11.07311703531415858, 31.76303391499870443, 7.519905655965911428 ) ) ;
#5953 = CARTESIAN_POINT ( 'NONE',  ( 4.450000000000002842, 5.500000000000000000, 10.05000000000000071 ) ) ;
#5954 = B_SPLINE_CURVE_WITH_KNOTS ( 'NONE', 3,
 ( #8683, #2762, #8090, #4289 ),
 .UNSPECIFIED., .F., .F.,
 ( 4, 4 ),
 ( 0.000000000000000000, 0.0005895135482694782714 ),
 .UNSPECIFIED. ) ;
#5955 = CONICAL_SURFACE ( 'NONE', #7822, 8.249999999999998224, 0.008726646259971666819 ) ;
#5956 = VERTEX_POINT ( 'NONE', #1740 ) ;
#5957 = AXIS2_PLACEMENT_3D ( 'NONE', #3573, #574, #430 ) ;
#5958 = ORIENTED_EDGE ( 'NONE', *, *, #3198, .F. ) ;
#5959 = ADVANCED_FACE ( 'NONE', ( #7695 ), #2404, .T. ) ;
#5960 = CARTESIAN_POINT ( 'NONE',  ( 10.84652692530331919, 31.76303391499870443, 7.293315545955070256 ) ) ;
#5961 = ORIENTED_EDGE ( 'NONE', *, *, #7736, .F. ) ;
#5962 = CARTESIAN_POINT ( 'NONE',  ( 1.530241883712151418, 39.13255635751101380, 8.122238618328907478 ) ) ;
#5963 = FACE_OUTER_BOUND ( 'NONE', #4642, .T. ) ;
#5964 = CARTESIAN_POINT ( 'NONE',  ( 7.476302483458924897, 8.540740373724242218, 11.09315386534215087 ) ) ;
#5965 = PLANE ( 'NONE',  #5913 ) ;
#5966 = CARTESIAN_POINT ( 'NONE',  ( 11.07904093737221096, 20.00303400285406852, 6.698514231808049502 ) ) ;
#5967 = CARTESIAN_POINT ( 'NONE',  ( -5.274530632228874083, 39.18588295102962604, 7.439935834955094585 ) ) ;
#5968 = FACE_OUTER_BOUND ( 'NONE', #453, .T. ) ;
#5969 = ORIENTED_EDGE ( 'NONE', *, *, #4672, .F. ) ;
#5970 = VERTEX_POINT ( 'NONE', #4036 ) ;
#5971 = AXIS2_PLACEMENT_3D ( 'NONE', #2361, #7723, #1069 ) ;
#5972 = EDGE_CURVE ( 'NONE', #5415, #7282, #6271, .T. ) ;
#5973 = ADVANCED_FACE ( 'NONE', ( #2567 ), #4877, .T. ) ;
#5974 = CARTESIAN_POINT ( 'NONE',  ( 10.51348898725875358, 11.19803391499871026, 8.520142130840032024 ) ) ;
#5975 = LINE ( 'NONE', #5388, #8733 ) ;
#5976 = CARTESIAN_POINT ( 'NONE',  ( 0.000000000000000000, 39.19999999999998153, 0.000000000000000000 ) ) ;
#5977 = CARTESIAN_POINT ( 'NONE',  ( 7.391269413882374018, 16.49673498774814107, 11.13161446285163336 ) ) ;
#5978 = B_SPLINE_CURVE_WITH_KNOTS ( 'NONE', 3,
 ( #3683, #8917, #2265, #3044, #4475, #2999, #9608, #8073 ),
 .UNSPECIFIED., .F., .F.,
 ( 4, 2, 2, 4 ),
 ( 0.000000000000000000, 0.001213604722522082600, 0.001820407083783126068, 0.002427209445044169536 ),
 .UNSPECIFIED. ) ;
#5979 = CARTESIAN_POINT ( 'NONE',  ( 10.47313023493327755, 16.49303391499870486, 8.574548723561479235 ) ) ;
#5980 = DIRECTION ( 'NONE',  ( -0.000000000000000000, -1.000000000000000000, -0.000000000000000000 ) ) ;
#5981 = CARTESIAN_POINT ( 'NONE',  ( 11.06823215902977964, 8.347831277398876537, 6.730132252564344775 ) ) ;
#5982 = VERTEX_POINT ( 'NONE', #5010 ) ;
#5983 = EDGE_CURVE ( 'NONE', #2297, #3532, #589, .T. ) ;
#5984 = CARTESIAN_POINT ( 'NONE',  ( 9.366241252343955992, 15.64065669246607015, 9.846387110042746471 ) ) ;
#5985 = B_SPLINE_SURFACE_WITH_KNOTS ( 'NONE', 3, 1, ( 
 ( #1122, #379 ),
 ( #3380, #6353 ),
 ( #9551, #5826 ),
 ( #2156, #8810 ) ),
 .UNSPECIFIED., .F., .F., .F.,
 ( 4, 4 ),
 ( 2, 2 ),
 ( 0.000000000000000000, 1.000000000000000000 ),
 ( 0.000000000000000000, 1.000000000000000000 ),
 .UNSPECIFIED. ) ;
#5986 = CARTESIAN_POINT ( 'NONE',  ( 9.323210148647158135, 28.38294131779538176, 9.886131487520531280 ) ) ;
#5987 = CARTESIAN_POINT ( 'NONE',  ( -1.520436165816472007, 38.57078715550549930, 8.819913906853308561 ) ) ;
#5988 = CARTESIAN_POINT ( 'NONE',  ( -13.22760588578824681, 17.25803391499868766, -9.674394114211766649 ) ) ;
#5989 = CARTESIAN_POINT ( 'NONE',  ( 8.976382260334242247, 30.54803391499869747, 9.453679533749305364 ) ) ;
#5990 = CARTESIAN_POINT ( 'NONE',  ( 10.86359854547607817, 17.76062400108720141, 7.254613396655109625 ) ) ;
#5991 = CARTESIAN_POINT ( 'NONE',  ( 11.12059174316028631, 31.90435932042910139, 7.417482135011389310 ) ) ;
#5992 = ORIENTED_EDGE ( 'NONE', *, *, #7825, .F. ) ;
#5993 =( BOUNDED_CURVE ( )  B_SPLINE_CURVE ( 3, ( #5067, #652, #3697, #4488 ),
 .UNSPECIFIED., .F., .T. ) 
 B_SPLINE_CURVE_WITH_KNOTS ( ( 4, 4 ),
 ( 1.402500893643991775, 1.403559262272814800 ),
 .UNSPECIFIED. ) 
 CURVE ( )  GEOMETRIC_REPRESENTATION_ITEM ( )  RATIONAL_B_SPLINE_CURVE ( ( 1.000000000000000000, 0.9999999066546558790, 0.9999999066546558790, 1.000000000000000000 ) ) 
 REPRESENTATION_ITEM ( '' )  );
#5994 = VERTEX_POINT ( 'NONE', #1431 ) ;
#5995 = ORIENTED_EDGE ( 'NONE', *, *, #3473, .F. ) ;
#5996 = EDGE_CURVE ( 'NONE', #8990, #5994, #2171, .T. ) ;
#5997 = CARTESIAN_POINT ( 'NONE',  ( 8.930143279545259105, 36.09617759645097834, 10.21692711185740876 ) ) ;
#5998 = CARTESIAN_POINT ( 'NONE',  ( 11.00135299987833370, 10.88063634446801409, 7.670460000954874680 ) ) ;
#5999 = EDGE_LOOP ( 'NONE', ( #2499, #9270, #4176, #222 ) ) ;
#6000 = CARTESIAN_POINT ( 'NONE',  ( 10.75966290759721566, 28.16222596608089290, 7.625774701862672700 ) ) ;
#6001 = CARTESIAN_POINT ( 'NONE',  ( 10.03126185595094455, 44.74983818664441060, 8.776078614592968563 ) ) ;
#6002 = VECTOR ( 'NONE', #2709, 1000.000000000000114 ) ;
#6003 = DIRECTION ( 'NONE',  ( 1.000000000000000000, 0.000000000000000000, 3.563761483675500055E-15 ) ) ;
#6004 = DIRECTION ( 'NONE',  ( 0.000000000000000000, 0.000000000000000000, 1.000000000000000000 ) ) ;
#6005 = ORIENTED_EDGE ( 'NONE', *, *, #7429, .F. ) ;
#6006 = VERTEX_POINT ( 'NONE', #6567 ) ;
#6007 = EDGE_CURVE ( 'NONE', #5558, #1897, #1329, .T. ) ;
#6008 = CARTESIAN_POINT ( 'NONE',  ( 10.81704455467555981, 10.76426777833991189, 7.358913005143618236 ) ) ;
#6009 = VERTEX_POINT ( 'NONE', #2855 ) ;
#6010 = CARTESIAN_POINT ( 'NONE',  ( 11.50695046784117181, 17.34803391499870173, 7.338556188860553497 ) ) ;
#6011 = DIRECTION ( 'NONE',  ( -0.000000000000000000, 1.000000000000000000, -0.000000000000000000 ) ) ;
#6012 = CARTESIAN_POINT ( 'NONE',  ( 7.982241897657730512, 35.78303391499868980, 10.34751427684089542 ) ) ;
#6013 = CARTESIAN_POINT ( 'NONE',  ( -13.59883694591121994, 33.77303391499870600, -9.303163054088791739 ) ) ;
#6015 = AXIS2_PLACEMENT_3D ( 'NONE', #1718, #4805, #3865 ) ;
#6014 = FACE_OUTER_BOUND ( 'NONE', #2978, .T. ) ;
#6016 = CARTESIAN_POINT ( 'NONE',  ( 8.244531397016507057, 31.61122354931131895, 10.33741088672921293 ) ) ;
#6017 = CARTESIAN_POINT ( 'NONE',  ( 10.04397855905344450, 6.649999999999999467, 4.450000000000001954 ) ) ;
#6018 = EDGE_LOOP ( 'NONE', ( #5722, #808, #7498, #3325 ) ) ;
#6019 = ORIENTED_EDGE ( 'NONE', *, *, #1306, .T. ) ;
#6020 = DIRECTION ( 'NONE',  ( 0.7071067811865474617, 0.000000000000000000, 0.7071067811865474617 ) ) ;
#6021 = CARTESIAN_POINT ( 'NONE',  ( 6.998766208911107789, 27.90916904339738380, 10.97046394551629156 ) ) ;
#6022 = CARTESIAN_POINT ( 'NONE',  ( -6.255805281437650578, 41.87798881371202242, 10.97561693246431602 ) ) ;
#6023 = CARTESIAN_POINT ( 'NONE',  ( 10.03821891988715187, 7.750000000000000000, -4.449999999999999289 ) ) ;
#6024 = CARTESIAN_POINT ( 'NONE',  ( 6.777324107917052309, 16.55303391499868937, 11.05178479630380828 ) ) ;
#6025 = CARTESIAN_POINT ( 'NONE',  ( 9.642722643487767087, 26.48303391499869619, 9.144212558865378426 ) ) ;
#6026 = ADVANCED_FACE ( 'NONE', ( #6467 ), #4229, .T. ) ;
#6027 = CARTESIAN_POINT ( 'NONE',  ( 8.515515623441041626, 30.76666757347638992, 10.15071465720772714 ) ) ;
#6028 = EDGE_LOOP ( 'NONE', ( #4563, #3113, #2489, #7134 ) ) ;
#6029 = DIRECTION ( 'NONE',  ( 0.000000000000000000, 0.000000000000000000, 1.000000000000000000 ) ) ;
#6030 = CARTESIAN_POINT ( 'NONE',  ( -8.815570932250986758, 39.99999999999998579, 1.545383168813273533 ) ) ;
#6031 = CARTESIAN_POINT ( 'NONE',  ( -8.818141051064207758, 39.15591825482287192, -1.530649667146668280 ) ) ;
#6032 = DIRECTION ( 'NONE',  ( 0.000000000000000000, 0.000000000000000000, 1.000000000000000000 ) ) ;
#6033 = CARTESIAN_POINT ( 'NONE',  ( 8.084122929023820348, 16.74803391499868965, 10.32211608759332222 ) ) ;
#6034 = LINE ( 'NONE', #4592, #4721 ) ;
#6035 = ADVANCED_FACE ( 'NONE', ( #5886 ), #3588, .T. ) ;
#6036 = ADVANCED_FACE ( 'NONE', ( #8826 ), #8873, .T. ) ;
#6037 = ORIENTED_EDGE ( 'NONE', *, *, #506, .T. ) ;
#6038 = VERTEX_POINT ( 'NONE', #5105 ) ;
#6039 = EDGE_LOOP ( 'NONE', ( #6806, #4232, #4246, #1655 ) ) ;
#6040 = CARTESIAN_POINT ( 'NONE',  ( 10.54999999999999893, 5.500000000000000000, 4.450000000000001066 ) ) ;
#6041 = CARTESIAN_POINT ( 'NONE',  ( -8.949905002693180123, 39.17882631641936797, 1.531049528849028452 ) ) ;
#6042 = VERTEX_POINT ( 'NONE', #2753 ) ;
#6043 = CARTESIAN_POINT ( 'NONE',  ( 11.30040901515320151, 12.84151501157172781, 6.975343462777276571 ) ) ;
#6044 = AXIS2_PLACEMENT_3D ( 'NONE', #6364, #9273, #2561 ) ;
#6045 = ADVANCED_FACE ( 'NONE', ( #8079 ), #1285, .T. ) ;
#6046 = CARTESIAN_POINT ( 'NONE',  ( 8.158584526542563609, 10.83352154974463488, 10.74061037835145704 ) ) ;
#6047 = CARTESIAN_POINT ( 'NONE',  ( -4.450000000000000178, 36.00000000000000000, 9.890300914026147083 ) ) ;
#6048 = VERTEX_POINT ( 'NONE', #9512 ) ;
#6049 = ORIENTED_EDGE ( 'NONE', *, *, #7469, .T. ) ;
#6050 = ORIENTED_EDGE ( 'NONE', *, *, #5017, .T. ) ;
#6051 = CARTESIAN_POINT ( 'NONE',  ( 9.433903061703867721, 16.70303400285405715, 9.783920722277258619 ) ) ;
#6052 = EDGE_LOOP ( 'NONE', ( #8603, #3271, #9150, #8485 ) ) ;
#6053 = DIRECTION ( 'NONE',  ( 1.020556109857194609E-18, -0.9999862922474268556, 0.005235963831419591756 ) ) ;
#6054 = FACE_OUTER_BOUND ( 'NONE', #3136, .T. ) ;
#6055 = DIRECTION ( 'NONE',  ( 0.7071067811865475727, 1.258086905996609774E-14, -0.7071067811865475727 ) ) ;
#6056 = EDGE_CURVE ( 'NONE', #2358, #2820, #7518, .T. ) ;
#6057 = CARTESIAN_POINT ( 'NONE',  ( -9.271343248935531633, 30.00803400285407463, -13.63065675106448182 ) ) ;
#6058 = LINE ( 'NONE', #967, #2344 ) ;
#6059 = CARTESIAN_POINT ( 'NONE',  ( 9.147899573089629754, 16.17186285848678295, 9.639389589079856435 ) ) ;
#6060 = ORIENTED_EDGE ( 'NONE', *, *, #1118, .F. ) ;
#6061 = VERTEX_POINT ( 'NONE', #7346 ) ;
#6062 = CARTESIAN_POINT ( 'NONE',  ( 11.30237508551188164, 14.17638566241410025, 6.967291294085433684 ) ) ;
#6063 = CARTESIAN_POINT ( 'NONE',  ( -8.322674678800185077, 0.5514318315803204973, -11.14999999999999503 ) ) ;
#6064 = VECTOR ( 'NONE', #2255, 1000.000000000000000 ) ;
#6065 = ADVANCED_FACE ( 'NONE', ( #8776 ), #543, .T. ) ;
#6066 = CARTESIAN_POINT ( 'NONE',  ( 7.468717497908792247, 39.19294086138773991, 5.303138069327486548 ) ) ;
#6067 = CARTESIAN_POINT ( 'NONE',  ( -4.675736781012121313, 37.39999999999999858, 6.797057124571662001 ) ) ;
#6068 = CARTESIAN_POINT ( 'NONE',  ( 10.98357402210328893, 11.55803391499871857, 7.706134287417688356 ) ) ;
#6069 = CARTESIAN_POINT ( 'NONE',  ( 8.252524834083066807, 31.83803391499869662, 10.68143682357300683 ) ) ;
#6070 = CARTESIAN_POINT ( 'NONE',  ( 7.053304934702127937, 40.28568032915445229, 11.27244932812062395 ) ) ;
#6071 = DIRECTION ( 'NONE',  ( 0.000000000000000000, -0.000000000000000000, -1.000000000000000000 ) ) ;
#6072 = CARTESIAN_POINT ( 'NONE',  ( 10.85731598135459919, 32.57303391499871026, 7.219251788263958858 ) ) ;
#6073 = CARTESIAN_POINT ( 'NONE',  ( 8.949160827292317322, 5.483033914998693525, 9.468884507578446019 ) ) ;
#6074 = VECTOR ( 'NONE', #1115, 1000.000000000000000 ) ;
#6075 = AXIS2_PLACEMENT_3D ( 'NONE', #4454, #4400, #3756 ) ;
#6076 = ORIENTED_EDGE ( 'NONE', *, *, #9115, .F. ) ;
#6077 = CARTESIAN_POINT ( 'NONE',  ( -6.282235193576998888, 41.58254648780850005, -11.26780873540987038 ) ) ;
#6078 = ADVANCED_FACE ( 'NONE', ( #3641 ), #3102, .T. ) ;
#6079 = DIRECTION ( 'NONE',  ( 0.000000000000000000, 0.000000000000000000, 1.000000000000000000 ) ) ;
#6080 = DIRECTION ( 'NONE',  ( 5.421010862427523403E-17, 0.000000000000000000, -1.000000000000000000 ) ) ;
#6081 = CIRCLE ( 'NONE', #9376, 7.299999999999998046 ) ;
#6082 = FACE_OUTER_BOUND ( 'NONE', #3257, .T. ) ;
#6083 = AXIS2_PLACEMENT_3D ( 'NONE', #4961, #1136, #8672 ) ;
#6084 = CARTESIAN_POINT ( 'NONE',  ( 11.20209445330007902, 3.994175421673473725, -4.449999999999998401 ) ) ;
#6085 = CIRCLE ( 'NONE', #5774, 9.199999999999992184 ) ;
#6086 = CARTESIAN_POINT ( 'NONE',  ( 7.317700093927267169, 39.15591825482287192, -5.153034575406695517 ) ) ;
#6087 = DIRECTION ( 'NONE',  ( 0.000000000000000000, 0.000000000000000000, 1.000000000000000000 ) ) ;
#6088 = ORIENTED_EDGE ( 'NONE', *, *, #4347, .T. ) ;
#6089 = ORIENTED_EDGE ( 'NONE', *, *, #7627, .F. ) ;
#6090 = AXIS2_PLACEMENT_3D ( 'NONE', #243, #3237, #6215 ) ;
#6091 = ORIENTED_EDGE ( 'NONE', *, *, #6240, .F. ) ;
#6092 = CARTESIAN_POINT ( 'NONE',  ( 7.969194493525092682, 10.64013534670215755, 10.50116759236030717 ) ) ;
#6093 = ADVANCED_FACE ( 'NONE', ( #6908 ), #9122, .T. ) ;
#6094 = CARTESIAN_POINT ( 'NONE',  ( 8.982708801359844841, 15.89143026357083421, 10.17229247873317455 ) ) ;
#6095 = VERTEX_POINT ( 'NONE', #2412 ) ;
#6096 = ADVANCED_FACE ( 'NONE', ( #8970 ), #1227, .T. ) ;
#6097 = CARTESIAN_POINT ( 'NONE',  ( 11.20139412614195429, 12.11831536215423988, 7.228806751785544549 ) ) ;
#6098 = CARTESIAN_POINT ( 'NONE',  ( 11.30308915960472760, 45.00000000000000000, 6.964988860911342172 ) ) ;
#6099 = CARTESIAN_POINT ( 'NONE',  ( -9.755673388500616383, 0.2987554957397102751, 8.567463026099810364 ) ) ;
#6100 = EDGE_LOOP ( 'NONE', ( #8768, #8222, #257, #2145, #5808, #2386, #9421, #447, #273, #6696, #3242, #5866, #8596, #3940 ) ) ;
#6101 = ORIENTED_EDGE ( 'NONE', *, *, #5072, .F. ) ;
#6102 = CONICAL_SURFACE ( 'NONE', #5487, 9.199999999999992184, 1.396263401595460696 ) ;
#6103 = ORIENTED_EDGE ( 'NONE', *, *, #5031, .F. ) ;
#6104 = CARTESIAN_POINT ( 'NONE',  ( 8.292152204778629354, 17.17493302816499323, 10.65836598659330825 ) ) ;
#6105 = ORIENTED_EDGE ( 'NONE', *, *, #6432, .T. ) ;
#6106 = EDGE_CURVE ( 'NONE', #5770, #1250, #2270, .T. ) ;
#6107 = DIRECTION ( 'NONE',  ( -1.000000000000000000, 0.000000000000000000, -2.347727539795986212E-16 ) ) ;
#6108 = VECTOR ( 'NONE', #5584, 1000.000000000000000 ) ;
#6109 = CARTESIAN_POINT ( 'NONE',  ( 8.254882803055737739, 31.83803391499869662, 10.68379479254567777 ) ) ;
#6110 = PLANE ( 'NONE',  #9064 ) ;
#6111 = FACE_OUTER_BOUND ( 'NONE', #277, .T. ) ;
#6112 = ORIENTED_EDGE ( 'NONE', *, *, #1703, .F. ) ;
#6113 = ORIENTED_EDGE ( 'NONE', *, *, #3728, .F. ) ;
#6114 = LINE ( 'NONE', #971, #9616 ) ;
#6115 = CIRCLE ( 'NONE', #326, 8.949999999999993960 ) ;
#6116 = EDGE_CURVE ( 'NONE', #4685, #8255, #6115, .T. ) ;
#6117 = CARTESIAN_POINT ( 'NONE',  ( 10.53061572718309868, 31.10186907249065769, 7.923043710771819015 ) ) ;
#6118 = DIRECTION ( 'NONE',  ( 0.1736481776669351607, -0.9848077530122072432, 0.000000000000000000 ) ) ;
#6119 = FACE_OUTER_BOUND ( 'NONE', #4892, .T. ) ;
#6120 = CARTESIAN_POINT ( 'NONE',  ( 4.449999999999999289, 17.93303391499871680, 4.450000000000001954 ) ) ;
#6121 = LINE ( 'NONE', #3783, #3439 ) ;
#6122 = DIRECTION ( 'NONE',  ( -2.144010861234017626E-15, -0.005235963831419591756, 0.9999862922474268556 ) ) ;
#6123 = DIRECTION ( 'NONE',  ( 0.1736481776669306920, -0.9848077530122079093, 0.000000000000000000 ) ) ;
#6124 = CARTESIAN_POINT ( 'NONE',  ( 8.117380341247836029, 38.26588799863403523, 1.515114131236750428 ) ) ;
#6125 = ORIENTED_EDGE ( 'NONE', *, *, #5543, .T. ) ;
#6126 = EDGE_LOOP ( 'NONE', ( #9196, #5636, #3956, #9138 ) ) ;
#6127 = CARTESIAN_POINT ( 'NONE',  ( -7.876341618854750593, 41.59224453420689827, -10.30436880318823256 ) ) ;
#6128 = CARTESIAN_POINT ( 'NONE',  ( 11.20209445330007902, 3.994175421673473725, -4.449999999999998401 ) ) ;
#6129 = PLANE ( 'NONE',  #6984 ) ;
#6130 = PLANE ( 'NONE',  #2825 ) ;
#6131 = CARTESIAN_POINT ( 'NONE',  ( 8.461376924362165042, 31.61104498215189906, 10.55399185663821982 ) ) ;
#6132 = CARTESIAN_POINT ( 'NONE',  ( 7.377633693642072998, 39.17060654087663352, -5.212605591996045895 ) ) ;
#6133 = FACE_OUTER_BOUND ( 'NONE', #5320, .T. ) ;
#6134 = ORIENTED_EDGE ( 'NONE', *, *, #4383, .T. ) ;
#6135 = EDGE_LOOP ( 'NONE', ( #8110, #4473, #6257, #3903 ) ) ;
#6136 = ORIENTED_EDGE ( 'NONE', *, *, #3419, .F. ) ;
#6137 = CARTESIAN_POINT ( 'NONE',  ( 10.30001269126617913, 7.197618960442568437, 4.450000000000001066 ) ) ;
#6138 = FACE_BOUND ( 'NONE', #5333, .T. ) ;
#6139 = B_SPLINE_CURVE_WITH_KNOTS ( 'NONE', 3,
 ( #2377, #3155, #5354, #6181, #6776, #6965, #6131, #793 ),
 .UNSPECIFIED., .F., .F.,
 ( 4, 2, 2, 4 ),
 ( 0.000000000000000000, 0.0004959395952591954876, 0.0009918791905183909751, 0.001983758381036778914 ),
 .UNSPECIFIED. ) ;
#6140 = ORIENTED_EDGE ( 'NONE', *, *, #7123, .F. ) ;
#6141 = CARTESIAN_POINT ( 'NONE',  ( 10.55847877208494801, 3.880688611868184257, -4.449999999999997513 ) ) ;
#6142 = B_SPLINE_SURFACE_WITH_KNOTS ( 'NONE', 3, 1, ( 
 ( #6172, #2415 ),
 ( #150, #5442 ),
 ( #6073, #2369 ),
 ( #1674, #4391 ) ),
 .UNSPECIFIED., .F., .F., .F.,
 ( 4, 4 ),
 ( 2, 2 ),
 ( 0.000000000000000000, 1.000000000000000000 ),
 ( 0.000000000000000000, 1.000000000000000000 ),
 .UNSPECIFIED. ) ;
#6143 = DIRECTION ( 'NONE',  ( 0.000000000000000000, 0.000000000000000000, -1.000000000000000000 ) ) ;
#6144 = FACE_OUTER_BOUND ( 'NONE', #2150, .T. ) ;
#6145 = EDGE_CURVE ( 'NONE', #2044, #5861, #3145, .T. ) ;
#6146 = ORIENTED_EDGE ( 'NONE', *, *, #4984, .T. ) ;
#6147 = ADVANCED_FACE ( 'NONE', ( #7442 ), #877, .T. ) ;
#6148 = ORIENTED_EDGE ( 'NONE', *, *, #1308, .T. ) ;
#6149 = ORIENTED_EDGE ( 'NONE', *, *, #9168, .F. ) ;
#6150 = CARTESIAN_POINT ( 'NONE',  ( 10.75932980571016628, 10.91303391499870479, 7.481890071024566602 ) ) ;
#6151 = EDGE_LOOP ( 'NONE', ( #3344, #7201, #6711, #8888 ) ) ;
#6152 = DIRECTION ( 'NONE',  ( 0.7071067811865474617, 0.000000000000000000, 0.7071067811865474617 ) ) ;
#6153 = CARTESIAN_POINT ( 'NONE',  ( 9.837902869913195403, 27.02484954302843789, 9.375764189773613921 ) ) ;
#6154 = VECTOR ( 'NONE', #8483, 999.9999999999998863 ) ;
#6155 = CARTESIAN_POINT ( 'NONE',  ( 7.446778032864052932, 12.69215987501655718, 10.77647929271264005 ) ) ;
#6156 = EDGE_CURVE ( 'NONE', #3496, #9538, #5429, .T. ) ;
#6157 = CARTESIAN_POINT ( 'NONE',  ( -10.49999999999999645, 36.00000000000000000, -0.3570727881021682482 ) ) ;
#6158 = CARTESIAN_POINT ( 'NONE',  ( 7.519905387961429710, 17.25803391499868766, 11.07311715953791165 ) ) ;
#6159 = ORIENTED_EDGE ( 'NONE', *, *, #120, .F. ) ;
#6160 = ADVANCED_FACE ( 'NONE', ( #1627 ), #3735, .T. ) ;
#6161 = VERTEX_POINT ( 'NONE', #148 ) ;
#6162 = CONICAL_SURFACE ( 'NONE', #5853, 5.599999999999998757, 0.005235987755983000265 ) ;
#6163 = CARTESIAN_POINT ( 'NONE',  ( 10.69426363767716204, 42.10392267917994502, 7.619604689934813102 ) ) ;
#6164 = CARTESIAN_POINT ( 'NONE',  ( 7.497499024879598295, 39.19999999999998153, 5.331745340123566379 ) ) ;
#6165 = CARTESIAN_POINT ( 'NONE',  ( 0.2999835512606010557, 25.09685855088895678, 7.500016448739398989 ) ) ;
#6166 = AXIS2_PLACEMENT_3D ( 'NONE', #2547, #9065, #7721 ) ;
#6167 = CARTESIAN_POINT ( 'NONE',  ( 11.07904093737232465, 20.58803400285406937, 6.698514231807727981 ) ) ;
#6168 = CARTESIAN_POINT ( 'NONE',  ( 4.449999999999999289, 43.46108315147498757, 11.45000000000000107 ) ) ;
#6169 = LINE ( 'NONE', #8418, #3597 ) ;
#6170 = CARTESIAN_POINT ( 'NONE',  ( 9.758252886510994983, 16.71803391499870273, 9.471874836244520424 ) ) ;
#6171 = CARTESIAN_POINT ( 'NONE',  ( 10.21422848796965255, 36.98252742746492316, 8.425084158709315929 ) ) ;
#6172 = CARTESIAN_POINT ( 'NONE',  ( 7.856680850359102131, 6.143033914998687450, 10.56136448451166210 ) ) ;
#6173 = VERTEX_POINT ( 'NONE', #7580 ) ;
#6174 = EDGE_CURVE ( 'NONE', #7308, #1223, #3097, .T. ) ;
#6175 = VERTEX_POINT ( 'NONE', #9073 ) ;
#6176 = LINE ( 'NONE', #3979, #5862 ) ;
#6177 = CARTESIAN_POINT ( 'NONE',  ( 11.30308915960481464, 22.83803400285406937, 6.964988860911413227 ) ) ;
#6178 = CARTESIAN_POINT ( 'NONE',  ( 1.541019402581311315, 39.74999999999998579, 9.070019801569776163 ) ) ;
#6179 = B_SPLINE_CURVE_WITH_KNOTS ( 'NONE', 3,
 ( #6024, #6666, #8922, #8179 ),
 .UNSPECIFIED., .F., .F.,
 ( 4, 4 ),
 ( 3.878959614448864246E-18, 0.0009056497007952815214 ),
 .UNSPECIFIED. ) ;
#6180 = CARTESIAN_POINT ( 'NONE',  ( 8.818141051064230851, 39.15591825482287192, -1.530649667146545045 ) ) ;
#6181 = CARTESIAN_POINT ( 'NONE',  ( 9.191172392468073937, 31.22348155190833552, 10.00318199472738989 ) ) ;
#6182 = LINE ( 'NONE', #5548, #1561 ) ;
#6183 = CARTESIAN_POINT ( 'NONE',  ( 10.25227434991364106, 44.78880865240319054, 7.824247165489736311 ) ) ;
#6184 = CARTESIAN_POINT ( 'NONE',  ( 1.545383168813367014, 39.99999999999999289, -1.300470540879456758E-15 ) ) ;
#6185 = B_SPLINE_CURVE_WITH_KNOTS ( 'NONE', 3,
 ( #454, #5113, #1982, #2814 ),
 .UNSPECIFIED., .F., .F.,
 ( 4, 4 ),
 ( 0.000000000000000000, 0.0005944380849766588235 ),
 .UNSPECIFIED. ) ;
#6186 = ORIENTED_EDGE ( 'NONE', *, *, #8601, .F. ) ;
#6187 = EDGE_CURVE ( 'NONE', #8474, #7818, #6610, .T. ) ;
#6188 = VERTEX_POINT ( 'NONE', #195 ) ;
#6189 = ORIENTED_EDGE ( 'NONE', *, *, #5559, .F. ) ;
#6190 = CARTESIAN_POINT ( 'NONE',  ( 10.88732604220356670, 36.20194194467156734, 7.892698567191887449 ) ) ;
#6191 = DIRECTION ( 'NONE',  ( 0.000000000000000000, 0.000000000000000000, -1.000000000000000000 ) ) ;
#6192 = ORIENTED_EDGE ( 'NONE', *, *, #495, .T. ) ;
#6193 = CARTESIAN_POINT ( 'NONE',  ( 10.64859740683963274, 16.65803391499870045, 7.704289537969788881 ) ) ;
#6194 = DIRECTION ( 'NONE',  ( 0.000000000000000000, 0.9999619230641713097, 0.008726535498373953759 ) ) ;
#6195 = CARTESIAN_POINT ( 'NONE',  ( -10.25227434991420949, 0.2111913475967281961, 7.824247165490350042 ) ) ;
#6196 = ORIENTED_EDGE ( 'NONE', *, *, #1241, .T. ) ;
#6197 = ORIENTED_EDGE ( 'NONE', *, *, #1911, .F. ) ;
#6198 = VERTEX_POINT ( 'NONE', #6025 ) ;
#6199 = B_SPLINE_CURVE_WITH_KNOTS ( 'NONE', 3,
 ( #8272, #5925, #1426, #6761, #5147, #6614, #1371, #8124, #636, #2897, #8224, #4425 ),
 .UNSPECIFIED., .F., .F.,
 ( 4, 2, 2, 2, 2, 4 ),
 ( 0.000000000000000000, 0.0003795569479831115210, 0.0007591138959662230420, 0.001138670843949334509, 0.001328449317940888453, 0.001518227791932442398 ),
 .UNSPECIFIED. ) ;
#6200 = CARTESIAN_POINT ( 'NONE',  ( 10.65813420669213585, 12.11303391499871829, 7.677679320104886962 ) ) ;
#6201 = ORIENTED_EDGE ( 'NONE', *, *, #7825, .T. ) ;
#6202 = EDGE_CURVE ( 'NONE', #3415, #1905, #5931, .T. ) ;
#6203 = CARTESIAN_POINT ( 'NONE',  ( 7.846440350709808165, 11.01803391499869100, 10.91174844326753224 ) ) ;
#6204 = CARTESIAN_POINT ( 'NONE',  ( 11.44999999999999751, 44.64247392222173971, -4.449999999999998401 ) ) ;
#6205 = CARTESIAN_POINT ( 'NONE',  ( 7.453179593575733897, 16.83803391499869662, 10.77304612736064371 ) ) ;
#6206 = VERTEX_POINT ( 'NONE', #2222 ) ;
#6207 = ORIENTED_EDGE ( 'NONE', *, *, #6444, .T. ) ;
#6208 = CARTESIAN_POINT ( 'NONE',  ( 10.54087003517110332, 31.86803391499871196, 7.899826403553491083 ) ) ;
#6209 = CARTESIAN_POINT ( 'NONE',  ( 10.18444039041711768, 30.76188358644752441, 8.470456122331119886 ) ) ;
#6210 = ADVANCED_FACE ( 'NONE', ( #3005 ), #4757, .T. ) ;
#6211 = CARTESIAN_POINT ( 'NONE',  ( 6.890131747918657013, 32.80060380607172732, 11.01114920936861630 ) ) ;
#6212 = EDGE_CURVE ( 'NONE', #460, #8333, #7360, .T. ) ;
#6213 = FACE_OUTER_BOUND ( 'NONE', #8941, .T. ) ;
#6214 = CARTESIAN_POINT ( 'NONE',  ( 7.667203953182835541, 12.15803391499869335, 10.58401962169139310 ) ) ;
#6215 = DIRECTION ( 'NONE',  ( 0.000000000000000000, 0.9999862922474268556, -0.005235963831419591756 ) ) ;
#6216 = CARTESIAN_POINT ( 'NONE',  ( 11.02974392180817453, 40.52527672607064346, 7.611979131313590941 ) ) ;
#6217 = DIRECTION ( 'NONE',  ( -0.9848077530122075762, -0.1736481776669335231, -1.169139057335205452E-15 ) ) ;
#6218 = CARTESIAN_POINT ( 'NONE',  ( 10.82019289528263251, 37.37303391499870742, 7.351834329676795399 ) ) ;
#6219 = ORIENTED_EDGE ( 'NONE', *, *, #5267, .T. ) ;
#6220 = B_SPLINE_CURVE_WITH_KNOTS ( 'NONE', 3,
 ( #616, #7220, #5719, #7317 ),
 .UNSPECIFIED., .F., .F.,
 ( 4, 4 ),
 ( 0.001946477426064012039, 0.002203787294076945541 ),
 .UNSPECIFIED. ) ;
#6221 = ORIENTED_EDGE ( 'NONE', *, *, #9145, .T. ) ;
#6222 = B_SPLINE_SURFACE_WITH_KNOTS ( 'NONE', 3, 1, ( 
 ( #7140, #9601 ),
 ( #7278, #8612 ),
 ( #1914, #4170 ),
 ( #428, #1961 ) ),
 .UNSPECIFIED., .F., .F., .F.,
 ( 4, 4 ),
 ( 2, 2 ),
 ( 0.000000000000000000, 1.000000000000000000 ),
 ( 0.000000000000000000, 1.000000000000000000 ),
 .UNSPECIFIED. ) ;
#6223 = CARTESIAN_POINT ( 'NONE',  ( 7.293315545954918377, 20.57303400285404749, 10.84652692530338136 ) ) ;
#6224 = DIRECTION ( 'NONE',  ( -0.1736481776669306920, 0.9848077530122079093, 0.000000000000000000 ) ) ;
#6225 = EDGE_CURVE ( 'NONE', #7977, #8081, #7681, .T. ) ;
#6226 = CARTESIAN_POINT ( 'NONE',  ( 4.449999999999999289, 45.00000000000000000, 4.450000000000001954 ) ) ;
#6227 = CARTESIAN_POINT ( 'NONE',  ( 7.974311130834375483, 17.04191448539823028, 10.84290474300039264 ) ) ;
#6228 = CARTESIAN_POINT ( 'NONE',  ( 9.586357836860866399, 7.197618960442568437, -4.449999999999997513 ) ) ;
#6229 = FACE_OUTER_BOUND ( 'NONE', #4398, .T. ) ;
#6230 = VECTOR ( 'NONE', #9157, 1000.000000000000114 ) ;
#6231 = CARTESIAN_POINT ( 'NONE',  ( 7.329367111044531313, 7.013033914998679563, 11.54018818912445177 ) ) ;
#6232 = AXIS2_PLACEMENT_3D ( 'NONE', #1621, #4622, #6118 ) ;
#6233 = ORIENTED_EDGE ( 'NONE', *, *, #6764, .T. ) ;
#6234 = ORIENTED_EDGE ( 'NONE', *, *, #4212, .T. ) ;
#6235 = CARTESIAN_POINT ( 'NONE',  ( 5.161510209807365968, 38.57078715550557035, 7.311731656227638432 ) ) ;
#6236 = CIRCLE ( 'NONE', #2958, 0.7136548544052906395 ) ;
#6237 = TOROIDAL_SURFACE ( 'NONE', #2802, 5.136357836860867110, 0.7136548544052909726 ) ;
#6238 = CARTESIAN_POINT ( 'NONE',  ( -7.299750650367162308, 37.39999999999999858, -5.178430306807672245 ) ) ;
#6239 = ORIENTED_EDGE ( 'NONE', *, *, #2215, .F. ) ;
#6240 = EDGE_CURVE ( 'NONE', #6946, #2391, #9126, .T. ) ;
#6241 = DIRECTION ( 'NONE',  ( -0.000000000000000000, 1.000000000000000000, -0.000000000000000000 ) ) ;
#6242 = CARTESIAN_POINT ( 'NONE',  ( 10.95163905877637767, 16.94306030442603728, 7.044814453267428611 ) ) ;
#6243 = CARTESIAN_POINT ( 'NONE',  ( -9.674394310325881818, 31.76303391499870443, -13.22760568967412986 ) ) ;
#6244 = FACE_OUTER_BOUND ( 'NONE', #7351, .T. ) ;
#6245 = CIRCLE ( 'NONE', #2188, 8.949999999999999289 ) ;
#6246 = CARTESIAN_POINT ( 'NONE',  ( -7.772152712254571938, 0.6485037077549971052, 10.30436880318823611 ) ) ;
#6247 = CONICAL_SURFACE ( 'NONE', #8744, 9.199999999999992184, 1.396263401595460696 ) ;
#6248 = ORIENTED_EDGE ( 'NONE', *, *, #9208, .T. ) ;
#6249 = ORIENTED_EDGE ( 'NONE', *, *, #7755, .T. ) ;
#6250 = EDGE_LOOP ( 'NONE', ( #7596, #4358, #4517, #5051 ) ) ;
#6251 = CARTESIAN_POINT ( 'NONE',  ( 9.255641819932227676, 42.19303391499871481, 9.945071127703309699 ) ) ;
#6252 = ORIENTED_EDGE ( 'NONE', *, *, #7644, .F. ) ;
#6253 = CARTESIAN_POINT ( 'NONE',  ( 11.07049694626531178, 13.61303391499872006, 6.711183836364310373 ) ) ;
#6254 = LINE ( 'NONE', #3228, #8268 ) ;
#6255 = ORIENTED_EDGE ( 'NONE', *, *, #6116, .T. ) ;
#6256 = VECTOR ( 'NONE', #9228, 1000.000000000000227 ) ;
#6257 = ORIENTED_EDGE ( 'NONE', *, *, #6669, .T. ) ;
#6258 = CARTESIAN_POINT ( 'NONE',  ( 11.00342914838096497, 15.14805657659930738, 7.667555255531310898 ) ) ;
#6259 = CARTESIAN_POINT ( 'NONE',  ( 11.08439795911081482, 34.00343447669999364, 6.682658442338716753 ) ) ;
#6260 = CYLINDRICAL_SURFACE ( 'NONE', #5612, 9.199999999999992184 ) ;
#6261 = AXIS2_PLACEMENT_3D ( 'NONE', #5360, #8338, #3892 ) ;
#6262 = DIRECTION ( 'NONE',  ( -0.000000000000000000, 1.000000000000000000, -0.000000000000000000 ) ) ;
#6263 = DIRECTION ( 'NONE',  ( 0.000000000000000000, 0.000000000000000000, -1.000000000000000000 ) ) ;
#6264 = CARTESIAN_POINT ( 'NONE',  ( 11.04603306660773576, 37.37303391499870742, 7.577674501001897767 ) ) ;
#6265 = CARTESIAN_POINT ( 'NONE',  ( 10.51437911336618924, 17.20668842007193078, 8.513852042566600886 ) ) ;
#6266 = CARTESIAN_POINT ( 'NONE',  ( -0.2999177563030051563, 25.08429275444475337, 7.500082243696994944 ) ) ;
#6267 = CARTESIAN_POINT ( 'NONE',  ( 7.798282456763391046, 6.773033914998689120, 10.31204725999559635 ) ) ;
#6268 = ORIENTED_EDGE ( 'NONE', *, *, #7644, .T. ) ;
#6269 = EDGE_CURVE ( 'NONE', #9643, #3799, #2926, .T. ) ;
#6270 = EDGE_CURVE ( 'NONE', #5716, #5861, #2839, .T. ) ;
#6271 = CIRCLE ( 'NONE', #6422, 0.7136548544052906395 ) ;
#6272 = VERTEX_POINT ( 'NONE', #1915 ) ;
#6273 = CARTESIAN_POINT ( 'NONE',  ( -11.26888491248236335, 40.99404761831964095, -6.273782617303186981 ) ) ;
#6274 = FACE_OUTER_BOUND ( 'NONE', #165, .T. ) ;
#6275 = CARTESIAN_POINT ( 'NONE',  ( -4.450000000000001954, 41.89177302316960549, 11.15000000000000213 ) ) ;
#6276 = CARTESIAN_POINT ( 'NONE',  ( 9.479549442666833414, 27.12803391499869221, 9.744714681725916705 ) ) ;
#6277 = CARTESIAN_POINT ( 'NONE',  ( 9.627764788740009294, 6.083033914998696723, 9.595945179700638761 ) ) ;
#6278 = DIRECTION ( 'NONE',  ( 2.726261468778349868E-15, 4.807134534115238901E-16, 1.000000000000000000 ) ) ;
#6279 = CARTESIAN_POINT ( 'NONE',  ( -13.22760568967424355, 22.41803400285404990, -9.674394310325769908 ) ) ;
#6280 = LINE ( 'NONE', #2705, #8300 ) ;
#6281 = ORIENTED_EDGE ( 'NONE', *, *, #7045, .F. ) ;
#6282 = EDGE_CURVE ( 'NONE', #228, #68, #7835, .T. ) ;
#6283 = ORIENTED_EDGE ( 'NONE', *, *, #6156, .F. ) ;
#6284 = CARTESIAN_POINT ( 'NONE',  ( 7.238664633748222776, 39.75803391499869122, 11.57676493244188798 ) ) ;
#6285 = CARTESIAN_POINT ( 'NONE',  ( 10.58235965159916248, 15.94617160301882386, 7.825917111476171861 ) ) ;
#6286 = ORIENTED_EDGE ( 'NONE', *, *, #5422, .T. ) ;
#6287 = CARTESIAN_POINT ( 'NONE',  ( 7.293315545954825119, 44.99999999999999289, 10.84652692530341866 ) ) ;
#6288 = DIRECTION ( 'NONE',  ( 0.7071067811865474617, 0.000000000000000000, 0.7071067811865474617 ) ) ;
#6289 = CYLINDRICAL_SURFACE ( 'NONE', #1080, 0.7136548544052906395 ) ;
#6290 = LINE ( 'NONE', #1753, #7161 ) ;
#6291 = LINE ( 'NONE', #220, #9370 ) ;
#6292 = EDGE_LOOP ( 'NONE', ( #4345, #7911, #1275, #9207 ) ) ;
#6293 = EDGE_CURVE ( 'NONE', #6206, #8410, #4904, .T. ) ;
#6294 = ORIENTED_EDGE ( 'NONE', *, *, #3758, .F. ) ;
#6295 = CARTESIAN_POINT ( 'NONE',  ( 11.09790554669991813, 44.93791624812539709, -4.449999999999998401 ) ) ;
#6296 = VERTEX_POINT ( 'NONE', #7830 ) ;
#6297 = B_SPLINE_CURVE_WITH_KNOTS ( 'NONE', 3,
 ( #7164, #8638, #2619, #4150, #456, #5465, #361, #9426 ),
 .UNSPECIFIED., .F., .F.,
 ( 4, 2, 2, 4 ),
 ( 0.000000000000000000, 0.0008030965352582063524, 0.001204644802887310396, 0.001606193070516414223 ),
 .UNSPECIFIED. ) ;
#6298 = CARTESIAN_POINT ( 'NONE',  ( 6.964988860911256019, 8.923927133534101941, 11.30308915960476490 ) ) ;
#6299 = CARTESIAN_POINT ( 'NONE',  ( 8.531189652729663564, 42.01999064839192499, 10.13940915073704652 ) ) ;
#6300 = ORIENTED_EDGE ( 'NONE', *, *, #7070, .T. ) ;
#6301 = ADVANCED_FACE ( 'NONE', ( #3194 ), #9130, .T. ) ;
#6302 =( BOUNDED_CURVE ( )  B_SPLINE_CURVE ( 3, ( #4075, #5630, #7051, #3338 ),
 .UNSPECIFIED., .F., .T. ) 
 B_SPLINE_CURVE_WITH_KNOTS ( ( 4, 4 ),
 ( 4.880781441550309019, 4.884256152194948797 ),
 .UNSPECIFIED. ) 
 CURVE ( )  GEOMETRIC_REPRESENTATION_ITEM ( )  RATIONAL_B_SPLINE_CURVE ( ( 1.000000000000000000, 0.9999989938657476429, 0.9999989938657476429, 1.000000000000000000 ) ) 
 REPRESENTATION_ITEM ( '' )  );
#6303 = B_SPLINE_SURFACE_WITH_KNOTS ( 'NONE', 2, 1, ( 
 ( #2932, #622 ),
 ( #5275, #6701 ),
 ( #3621, #6601 ) ),
 .UNSPECIFIED., .F., .F., .F.,
 ( 3, 3 ),
 ( 2, 2 ),
 ( 0.000000000000000000, 1.000000000000000000 ),
 ( 0.000000000000000000, 1.000000000000000000 ),
 .UNSPECIFIED. ) ;
#6304 = VERTEX_POINT ( 'NONE', #4717 ) ;
#6305 = CARTESIAN_POINT ( 'NONE',  ( -3.382249081800598134, 39.99999999999999289, 5.567750918199491750 ) ) ;
#6306 = CARTESIAN_POINT ( 'NONE',  ( 8.815570932250965441, 39.99999999999998579, 1.545383168813396546 ) ) ;
#6307 = FACE_OUTER_BOUND ( 'NONE', #1408, .T. ) ;
#6308 = DIRECTION ( 'NONE',  ( -1.000000000000000000, -0.000000000000000000, -1.035053519681677076E-14 ) ) ;
#6309 = FACE_OUTER_BOUND ( 'NONE', #3385, .T. ) ;
#6310 = CARTESIAN_POINT ( 'NONE',  ( 8.786316420820885043, 36.67260199788820785, 9.947439891854861216 ) ) ;
#6311 = CARTESIAN_POINT ( 'NONE',  ( 10.93784356770056121, 41.03264017707793698, 7.797021566428463224 ) ) ;
#6312 = FACE_OUTER_BOUND ( 'NONE', #77, .T. ) ;
#6313 = DIRECTION ( 'NONE',  ( -0.000000000000000000, 1.000000000000000000, -0.000000000000000000 ) ) ;
#6314 = EDGE_LOOP ( 'NONE', ( #6517, #2320, #3269, #8391 ) ) ;
#6315 = AXIS2_PLACEMENT_3D ( 'NONE', #6279, #8576, #7015 ) ;
#6316 = VERTEX_POINT ( 'NONE', #8472 ) ;
#6317 = CARTESIAN_POINT ( 'NONE',  ( -12.82455502051191232, 16.50803391499869477, -10.07744497948809936 ) ) ;
#6318 = B_SPLINE_CURVE_WITH_KNOTS ( 'NONE', 3,
 ( #7543, #837, #3009, #5986, #6772, #5251, #6820, #3056, #5891, #2175 ),
 .UNSPECIFIED., .F., .F.,
 ( 4, 2, 2, 2, 4 ),
 ( 0.000000000000000000, 0.0003794876787419571365, 0.0007589753574839142730, 0.001138463036225871410, 0.001517950714967828546 ),
 .UNSPECIFIED. ) ;
#6319 = LINE ( 'NONE', #6866, #3872 ) ;
#6320 = CARTESIAN_POINT ( 'NONE',  ( 0.000000000000000000, 39.99999999999998579, 0.000000000000000000 ) ) ;
#6321 = CARTESIAN_POINT ( 'NONE',  ( 7.519905387961393295, 26.57303391499869250, 11.07311715953792230 ) ) ;
#6322 = CARTESIAN_POINT ( 'NONE',  ( -8.117380341247825370, 38.26588799863403523, -1.515114131236807049 ) ) ;
#6323 = DIRECTION ( 'NONE',  ( -0.000000000000000000, -1.000000000000000000, -0.000000000000000000 ) ) ;
#6324 = EDGE_CURVE ( 'NONE', #1322, #402, #2119, .T. ) ;
#6325 = CARTESIAN_POINT ( 'NONE',  ( 8.333166794125355992, 28.02803391499868724, 10.27417510459656036 ) ) ;
#6326 = CARTESIAN_POINT ( 'NONE',  ( 9.729991674646507605, 5.509431633940663708, 9.052043933982746537 ) ) ;
#6327 = EDGE_LOOP ( 'NONE', ( #6621, #3038, #6487, #4910 ) ) ;
#6328 = VERTEX_POINT ( 'NONE', #1775 ) ;
#6329 = LINE ( 'NONE', #3212, #2668 ) ;
#6330 = CARTESIAN_POINT ( 'NONE',  ( 10.80427544730850187, 40.52580515583090914, 7.386722773215250726 ) ) ;
#6331 = ORIENTED_EDGE ( 'NONE', *, *, #6116, .F. ) ;
#6332 = CARTESIAN_POINT ( 'NONE',  ( -1.515114131236716899, 38.26588799863373680, -8.117380341247839581 ) ) ;
#6333 = CARTESIAN_POINT ( 'NONE',  ( -4.450000000000003730, 7.197618960442568437, -9.586357836860887716 ) ) ;
#6334 = EDGE_CURVE ( 'NONE', #9582, #2394, #1898, .T. ) ;
#6335 = EDGE_CURVE ( 'NONE', #3841, #8756, #5614, .T. ) ;
#6336 = LINE ( 'NONE', #1151, #6702 ) ;
#6337 = CARTESIAN_POINT ( 'NONE',  ( -4.653951976476160546, 39.99999999999999289, -6.839453812875272654 ) ) ;
#6338 = VERTEX_POINT ( 'NONE', #4415 ) ;
#6339 = EDGE_LOOP ( 'NONE', ( #8692, #5756, #5211, #174 ) ) ;
#6340 = CARTESIAN_POINT ( 'NONE',  ( 7.569897825386034285, 26.57303391499869250, 11.12310959696256418 ) ) ;
#6341 = ORIENTED_EDGE ( 'NONE', *, *, #4280, .F. ) ;
#6342 =( BOUNDED_CURVE ( )  B_SPLINE_CURVE ( 3, ( #7183, #377, #3477, #7137 ),
 .UNSPECIFIED., .F., .T. ) 
 B_SPLINE_CURVE_WITH_KNOTS ( ( 4, 4 ),
 ( 1.572335109650751628, 4.710850197528834826 ),
 .UNSPECIFIED. ) 
 CURVE ( )  GEOMETRIC_REPRESENTATION_ITEM ( )  RATIONAL_B_SPLINE_CURVE ( ( 1.000000000000000000, 0.3343591881657242970, 0.3343591881657242970, 1.000000000000000000 ) ) 
 REPRESENTATION_ITEM ( '' )  );
#6343 = EDGE_CURVE ( 'NONE', #2971, #796, #3667, .T. ) ;
#6344 = DIRECTION ( 'NONE',  ( 0.000000000000000000, 0.000000000000000000, 1.000000000000000000 ) ) ;
#6345 = LINE ( 'NONE', #4065, #2800 ) ;
#6346 = ORIENTED_EDGE ( 'NONE', *, *, #6145, .T. ) ;
#6347 = ORIENTED_EDGE ( 'NONE', *, *, #9185, .F. ) ;
#6348 = VECTOR ( 'NONE', #7074, 1000.000000000000000 ) ;
#6349 = CARTESIAN_POINT ( 'NONE',  ( -7.317700093927197003, 39.15591825482287192, -5.153034575406798545 ) ) ;
#6350 = CARTESIAN_POINT ( 'NONE',  ( 7.419222512612605236, 38.20235704511943453, 10.78954258237509656 ) ) ;
#6351 = EDGE_CURVE ( 'NONE', #968, #1554, #3928, .T. ) ;
#6352 = LINE ( 'NONE', #1912, #315 ) ;
#6353 = CARTESIAN_POINT ( 'NONE',  ( 10.89541105813336053, 36.11303391499870941, 8.042235392159806651 ) ) ;
#6354 = CARTESIAN_POINT ( 'NONE',  ( -9.586357836860889492, 7.197618960442568437, 4.450000000000007283 ) ) ;
#6355 = CARTESIAN_POINT ( 'NONE',  ( 11.01131535420953611, 40.65455530328777911, 7.650280488360109210 ) ) ;
#6356 = CARTESIAN_POINT ( 'NONE',  ( -1.500000000000000000, 37.39999999999999858, 9.500000000000000000 ) ) ;
#6357 = CARTESIAN_POINT ( 'NONE',  ( 10.86632112880107570, 37.52662228808500799, 7.250572261602817647 ) ) ;
#6358 = ORIENTED_EDGE ( 'NONE', *, *, #7203, .F. ) ;
#6359 = VERTEX_POINT ( 'NONE', #2890 ) ;
#6360 = B_SPLINE_CURVE_WITH_KNOTS ( 'NONE', 3,
 ( #3004, #8968, #7536, #7578, #6855, #4716 ),
 .UNSPECIFIED., .F., .F.,
 ( 4, 2, 4 ),
 ( 0.000000000000000000, 0.0003055851223081928526, 0.0006111702446163857052 ),
 .UNSPECIFIED. ) ;
#6361 = VERTEX_POINT ( 'NONE', #1272 ) ;
#6362 = DIRECTION ( 'NONE',  ( 0.7071067811865474617, 0.000000000000000000, 0.7071067811865474617 ) ) ;
#6363 = CARTESIAN_POINT ( 'NONE',  ( 6.239972215338737804, 44.08133153132445159, -11.27809132663094971 ) ) ;
#6364 = CARTESIAN_POINT ( 'NONE',  ( -5.656854249492448083, 37.39999999999999858, 7.778174593051973673 ) ) ;
#6365 = EDGE_CURVE ( 'NONE', #9339, #7044, #3478, .T. ) ;
#6366 = CARTESIAN_POINT ( 'NONE',  ( 7.011412985224144911, 30.00803400285406042, 11.28587328138294055 ) ) ;
#6367 = CARTESIAN_POINT ( 'NONE',  ( 9.510067670813386442, 6.083033914998696723, 9.714370069911407057 ) ) ;
#6368 = LINE ( 'NONE', #303, #6393 ) ;
#6369 = CARTESIAN_POINT ( 'NONE',  ( 4.450000000000003730, 6.649999999999999467, -10.04397855905342318 ) ) ;
#6370 = CARTESIAN_POINT ( 'NONE',  ( 4.450000000000002842, 2.803598993264666106, -10.56411845167849251 ) ) ;
#6371 = EDGE_LOOP ( 'NONE', ( #3659, #3514, #4865, #5470 ) ) ;
#6372 = ORIENTED_EDGE ( 'NONE', *, *, #320, .F. ) ;
#6373 = ADVANCED_FACE ( 'NONE', ( #5875 ), #1150, .T. ) ;
#6374 = CARTESIAN_POINT ( 'NONE',  ( 6.925305648781542089, 34.83608713394254153, 10.99828648669098108 ) ) ;
#6375 = DIRECTION ( 'NONE',  ( 0.000000000000000000, 0.000000000000000000, 1.000000000000000000 ) ) ;
#6376 = CARTESIAN_POINT ( 'NONE',  ( 11.47571524761916528, 7.658033914998699565, 7.137615341153723314 ) ) ;
#6377 = VECTOR ( 'NONE', #3950, 1000.000000000000114 ) ;
#6378 = DIRECTION ( 'NONE',  ( 1.000000000000000000, 0.000000000000000000, 1.949127501097536693E-16 ) ) ;
#6379 = CARTESIAN_POINT ( 'NONE',  ( 10.82795276344241486, 12.00296524244448548, 8.003158486373768810 ) ) ;
#6380 = DIRECTION ( 'NONE',  ( -1.000000000000000000, -0.000000000000000000, 1.949127501097535707E-16 ) ) ;
#6381 = B_SPLINE_SURFACE_WITH_KNOTS ( 'NONE', 3, 1, ( 
 ( #2763, #6526 ),
 ( #8092, #602 ),
 ( #7996, #505 ),
 ( #5754, #553 ) ),
 .UNSPECIFIED., .F., .F., .F.,
 ( 4, 4 ),
 ( 2, 2 ),
 ( 0.000000000000000000, 1.000000000000000000 ),
 ( 0.000000000000000000, 1.000000000000000000 ),
 .UNSPECIFIED. ) ;
#6382 = DIRECTION ( 'NONE',  ( -0.9848073459443263955, -0.1736481058898843022, 0.0009092276653018225045 ) ) ;
#6383 = CARTESIAN_POINT ( 'NONE',  ( 11.44999999999999929, 4.037887858222813264, 5.360635929860439575 ) ) ;
#6384 = VERTEX_POINT ( 'NONE', #5684 ) ;
#6385 = CONICAL_SURFACE ( 'NONE', #4208, 6.099999999999998757, 0.005235987755983000265 ) ;
#6386 = AXIS2_PLACEMENT_3D ( 'NONE', #8250, #4499, #8846 ) ;
#6387 = EDGE_LOOP ( 'NONE', ( #8779, #2685, #1530, #6049 ) ) ;
#6388 = EDGE_CURVE ( 'NONE', #7651, #1164, #7666, .T. ) ;
#6389 = EDGE_CURVE ( 'NONE', #4497, #6492, #8140, .T. ) ;
#6390 = CARTESIAN_POINT ( 'NONE',  ( -4.450000000000001954, 5.500000000000000000, -4.449999999999997513 ) ) ;
#6391 = CARTESIAN_POINT ( 'NONE',  ( 10.91782950645140460, 6.336437403796364443, 7.840111174545907780 ) ) ;
#6392 = ORIENTED_EDGE ( 'NONE', *, *, #3330, .T. ) ;
#6393 = VECTOR ( 'NONE', #5646, 1000.000000000000000 ) ;
#6394 = CARTESIAN_POINT ( 'NONE',  ( -1.545383168813365904, 39.99999999999998579, 8.815570932250970770 ) ) ;
#6395 = VECTOR ( 'NONE', #1174, 1000.000000000000000 ) ;
#6396 = CARTESIAN_POINT ( 'NONE',  ( 10.60443894771630724, 11.34336547733917655, 7.790876049598136177 ) ) ;
#6397 = ORIENTED_EDGE ( 'NONE', *, *, #6365, .T. ) ;
#6398 = VERTEX_POINT ( 'NONE', #3528 ) ;
#6399 = ADVANCED_FACE ( 'NONE', ( #9555 ), #9289, .T. ) ;
#6400 =( BOUNDED_CURVE ( )  B_SPLINE_CURVE ( 3, ( #9140, #896, #6235, #2570 ),
 .UNSPECIFIED., .F., .T. ) 
 B_SPLINE_CURVE_WITH_KNOTS ( ( 4, 4 ),
 ( 4.880781441550309907, 4.884256152194948797 ),
 .UNSPECIFIED. ) 
 CURVE ( )  GEOMETRIC_REPRESENTATION_ITEM ( )  RATIONAL_B_SPLINE_CURVE ( ( 1.000000000000000000, 0.9999989938657476429, 0.9999989938657476429, 1.000000000000000000 ) ) 
 REPRESENTATION_ITEM ( '' )  );
#6401 = AXIS2_PLACEMENT_3D ( 'NONE', #8686, #8048, #4343 ) ;
#6402 = PLANE ( 'NONE',  #4469 ) ;
#6403 = CARTESIAN_POINT ( 'NONE',  ( 10.33105210460617762, 30.54803391499871168, 8.899161068817566189 ) ) ;
#6404 = LINE ( 'NONE', #5825, #1 ) ;
#6405 = CARTESIAN_POINT ( 'NONE',  ( -4.675736781011980092, 37.39999999999999858, -6.797057124571761477 ) ) ;
#6406 = CARTESIAN_POINT ( 'NONE',  ( 7.557334788456802066, 16.94303391499868994, 10.66506928788575337 ) ) ;
#6407 = COLOUR_RGB ( '',0.7921568627450980005, 0.8196078431372548767, 0.9333333333333333481 ) ;
#6408 = CARTESIAN_POINT ( 'NONE',  ( 10.84857482244977867, 32.12303391499870742, 6.913525781260785763 ) ) ;
#6409 = CARTESIAN_POINT ( 'NONE',  ( 11.08650140183974031, 45.00000000000000000, 7.490863223392191905 ) ) ;
#6410 = VERTEX_POINT ( 'NONE', #4216 ) ;
#6411 = EDGE_LOOP ( 'NONE', ( #9293, #9344, #9032, #5409 ) ) ;
#6412 = ADVANCED_FACE ( 'NONE', ( #8709 ), #9453, .T. ) ;
#6413 = ORIENTED_EDGE ( 'NONE', *, *, #3524, .F. ) ;
#6414 = VECTOR ( 'NONE', #5070, 1000.000000000000000 ) ;
#6415 = CARTESIAN_POINT ( 'NONE',  ( 4.449999999999999289, 45.00000000000000000, 4.450000000000001954 ) ) ;
#6416 = CARTESIAN_POINT ( 'NONE',  ( 4.449999999999999289, 17.93303391499871680, 4.450000000000001954 ) ) ;
#6417 = FACE_OUTER_BOUND ( 'NONE', #5270, .T. ) ;
#6418 = CARTESIAN_POINT ( 'NONE',  ( 9.971920298865008192, 11.19803391499871204, 8.264257618413543227 ) ) ;
#6419 = CARTESIAN_POINT ( 'NONE',  ( -7.442927211897869100, 36.00000000000000000, 0.3570727881021055206 ) ) ;
#6420 = LINE ( 'NONE', #8630, #17 ) ;
#6421 = EDGE_CURVE ( 'NONE', #9257, #460, #4613, .T. ) ;
#6422 = AXIS2_PLACEMENT_3D ( 'NONE', #9278, #1880, #1832 ) ;
#6423 = ORIENTED_EDGE ( 'NONE', *, *, #7722, .T. ) ;
#6424 = B_SPLINE_CURVE_WITH_KNOTS ( 'NONE', 3,
 ( #312, #9286, #5513, #7853, #4148, #2572, #3813, #9380, #7119, #8490, #8541, #5604, #403, #1049, #5560, #1839 ),
 .UNSPECIFIED., .F., .F.,
 ( 4, 2, 2, 2, 2, 2, 2, 4 ),
 ( 0.000000000000000000, 0.0005575626895195561969, 0.001115125379039112394, 0.001672688068558668591, 0.001951469413318446906, 0.002090860085698328149, 0.002160555421888275818, 0.002230250758078223920 ),
 .UNSPECIFIED. ) ;
#6425 = ORIENTED_EDGE ( 'NONE', *, *, #6225, .F. ) ;
#6426 = CARTESIAN_POINT ( 'NONE',  ( 5.245923022215603027, 39.17882631839704999, -7.411154030627765898 ) ) ;
#6427 = DIRECTION ( 'NONE',  ( 0.000000000000000000, 0.000000000000000000, 1.000000000000000000 ) ) ;
#6428 = CARTESIAN_POINT ( 'NONE',  ( -13.58823014807938456, 22.41803400285404990, -9.313769851920627119 ) ) ;
#6429 = CARTESIAN_POINT ( 'NONE',  ( -1.545383168813365904, 39.99999999999999289, -8.127065172579140295 ) ) ;
#6430 = DIRECTION ( 'NONE',  ( 2.430759722670705684E-15, 0.000000000000000000, -1.000000000000000000 ) ) ;
#6431 = CARTESIAN_POINT ( 'NONE',  ( 7.217720911335383960, 13.46303391499868773, 10.87699870008983360 ) ) ;
#6432 = EDGE_CURVE ( 'NONE', #4459, #5994, #5657, .T. ) ;
#6433 = DIRECTION ( 'NONE',  ( 0.000000000000000000, 0.000000000000000000, -1.000000000000000000 ) ) ;
#6434 = LINE ( 'NONE', #8791, #9386 ) ;
#6435 = VERTEX_POINT ( 'NONE', #9110 ) ;
#6436 = CIRCLE ( 'NONE', #2231, 0.2999999999999999334 ) ;
#6437 = ORIENTED_EDGE ( 'NONE', *, *, #8996, .T. ) ;
#6438 = UNCERTAINTY_MEASURE_WITH_UNIT (LENGTH_MEASURE( 1.000000000000000082E-05 ), #4427, 'distance_accuracy_value', 'NONE');
#6439 = DIRECTION ( 'NONE',  ( 1.020556109857194609E-18, -0.9999862922474268556, 0.005235963831419591756 ) ) ;
#6440 = CARTESIAN_POINT ( 'NONE',  ( 10.91946506232185854, 41.35594254384339052, 7.131415576985854266 ) ) ;
#6441 = ORIENTED_EDGE ( 'NONE', *, *, #5791, .F. ) ;
#6442 = CARTESIAN_POINT ( 'NONE',  ( -10.30001269126618091, 7.197618960442568437, 4.450000000000007283 ) ) ;
#6443 = EDGE_CURVE ( 'NONE', #8715, #9183, #678, .T. ) ;
#6444 = EDGE_CURVE ( 'NONE', #856, #6670, #40, .T. ) ;
#6445 = CARTESIAN_POINT ( 'NONE',  ( 0.000000000000000000, 37.39999999999999858, 0.000000000000000000 ) ) ;
#6446 = EDGE_LOOP ( 'NONE', ( #398, #1117, #1422, #9172 ) ) ;
#6447 = VERTEX_POINT ( 'NONE', #5966 ) ;
#6448 = DIRECTION ( 'NONE',  ( 0.000000000000000000, 0.000000000000000000, 1.000000000000000000 ) ) ;
#6449 = CARTESIAN_POINT ( 'NONE',  ( 7.130067808870378165, 12.23303391499867843, 10.91662481823839670 ) ) ;
#6450 = CARTESIAN_POINT ( 'NONE',  ( 6.842931866321103840, 38.22418164357016224, 11.02872006753981537 ) ) ;
#6451 = DIRECTION ( 'NONE',  ( 0.7071067811865474617, 0.000000000000000000, 0.7071067811865474617 ) ) ;
#6452 = CARTESIAN_POINT ( 'NONE',  ( 10.23680726744806435, 42.60803391499872816, 7.913961687364460929 ) ) ;
#6453 = ADVANCED_FACE ( 'NONE', ( #5188 ), #3133, .T. ) ;
#6454 = EDGE_CURVE ( 'NONE', #8938, #7282, #3035, .T. ) ;
#6455 = CARTESIAN_POINT ( 'NONE',  ( 6.995967198732389924, 25.30803394428381736, 11.29164095981210814 ) ) ;
#6456 = CARTESIAN_POINT ( 'NONE',  ( 11.09315374258439668, 8.558112430599756237, 7.476302752929235851 ) ) ;
#6457 = CARTESIAN_POINT ( 'NONE',  ( 4.449999999999999289, 23.42303400285405246, 4.450000000000001954 ) ) ;
#6458 = VERTEX_POINT ( 'NONE', #7432 ) ;
#6459 = VERTEX_POINT ( 'NONE', #2209 ) ;
#6460 = ORIENTED_EDGE ( 'NONE', *, *, #6650, .F. ) ;
#6461 = B_SPLINE_SURFACE_WITH_KNOTS ( 'NONE', 3, 1, ( 
 ( #369, #6340 ),
 ( #8455, #7760 ),
 ( #960, #7711 ),
 ( #9340, #8597 ) ),
 .UNSPECIFIED., .F., .F., .F.,
 ( 4, 4 ),
 ( 2, 2 ),
 ( 0.000000000000000000, 1.000000000000000000 ),
 ( 0.000000000000000000, 1.000000000000000000 ),
 .UNSPECIFIED. ) ;
#6462 = DIRECTION ( 'NONE',  ( 0.000000000000000000, 0.000000000000000000, 1.000000000000000000 ) ) ;
#6463 = CARTESIAN_POINT ( 'NONE',  ( -8.112490369793960099, 37.39999999999999858, -1.500000000000085265 ) ) ;
#6464 = DIRECTION ( 'NONE',  ( -0.000000000000000000, -1.000000000000000000, -0.000000000000000000 ) ) ;
#6465 = AXIS2_PLACEMENT_3D ( 'NONE', #1694, #4690, #8586 ) ;
#6466 = ADVANCED_FACE ( 'NONE', ( #6014 ), #9363, .T. ) ;
#6467 = FACE_OUTER_BOUND ( 'NONE', #7570, .T. ) ;
#6468 = ORIENTED_EDGE ( 'NONE', *, *, #486, .F. ) ;
#6469 = VERTEX_POINT ( 'NONE', #8909 ) ;
#6470 = CARTESIAN_POINT ( 'NONE',  ( 5.214960412144453272, 39.17118877843768843, -7.380002886434995801 ) ) ;
#6471 = DIRECTION ( 'NONE',  ( 0.000000000000000000, 0.000000000000000000, 1.000000000000000000 ) ) ;
#6472 = LINE ( 'NONE', #2176, #3087 ) ;
#6473 = CONICAL_SURFACE ( 'NONE', #5710, 8.249999999999998224, 0.008726646259971666819 ) ;
#6474 = CARTESIAN_POINT ( 'NONE',  ( 8.127065172579143848, 39.99999999999999289, -1.545383168813337482 ) ) ;
#6475 = CARTESIAN_POINT ( 'NONE',  ( 10.86360647870922236, 8.738033914998714735, 7.246755489054061528 ) ) ;
#6476 = CARTESIAN_POINT ( 'NONE',  ( 7.135656825392357128, 17.25803391499868766, 10.68886859696883818 ) ) ;
#6477 = ADVANCED_FACE ( 'NONE', ( #7528 ), #5690, .T. ) ;
#6478 = VECTOR ( 'NONE', #7379, 1000.000000000000227 ) ;
#6479 = CARTESIAN_POINT ( 'NONE',  ( 4.449999999999999289, 23.43803400285404237, 4.450000000000001954 ) ) ;
#6480 = CARTESIAN_POINT ( 'NONE',  ( 6.320907588373998465, 3.133490479507859749, 11.25824792397145124 ) ) ;
#6481 = PLANE ( 'NONE',  #6401 ) ;
#6482 = ORIENTED_EDGE ( 'NONE', *, *, #3428, .F. ) ;
#6483 = EDGE_LOOP ( 'NONE', ( #9586, #4367, #6900, #7952 ) ) ;
#6484 = B_SPLINE_CURVE_WITH_KNOTS ( 'NONE', 3,
 ( #9070, #5391, #8368, #926 ),
 .UNSPECIFIED., .F., .F.,
 ( 4, 4 ),
 ( 0.000000000000000000, 0.0006041340744188529021 ),
 .UNSPECIFIED. ) ;
#6485 = CARTESIAN_POINT ( 'NONE',  ( -0.3570727881021313332, 36.00000000000000000, -10.49999999999999822 ) ) ;
#6486 = CARTESIAN_POINT ( 'NONE',  ( 0.000000000000000000, 44.20218114339339621, 0.000000000000000000 ) ) ;
#6487 = ORIENTED_EDGE ( 'NONE', *, *, #2806, .F. ) ;
#6488 = CARTESIAN_POINT ( 'NONE',  ( 11.08588973708272363, 33.09315003761335561, 7.492373672271832596 ) ) ;
#6489 = CARTESIAN_POINT ( 'NONE',  ( -11.45078008636539657, -0.0001375502735019132653, -10.57879891604949130 ) ) ;
#6490 = CARTESIAN_POINT ( 'NONE',  ( 1.510219599821709613, 37.98548048166745161, -8.821669015494823185 ) ) ;
#6491 = ORIENTED_EDGE ( 'NONE', *, *, #2601, .F. ) ;
#6492 = VERTEX_POINT ( 'NONE', #86 ) ;
#6493 = EDGE_CURVE ( 'NONE', #2001, #5576, #1658, .T. ) ;
#6494 = CARTESIAN_POINT ( 'NONE',  ( 9.672233274332617370, 31.14803391499869889, 9.555560851550984225 ) ) ;
#6495 = B_SPLINE_CURVE_WITH_KNOTS ( 'NONE', 3,
 ( #5250, #6671, #1485, #5984, #7446, #4384 ),
 .UNSPECIFIED., .F., .F.,
 ( 4, 2, 4 ),
 ( 0.000000000000000000, 0.001592377169775863579, 0.003184754339551732795 ),
 .UNSPECIFIED. ) ;
#6496 = DIRECTION ( 'NONE',  ( 0.7071067811865474617, 0.000000000000000000, 0.7071067811865474617 ) ) ;
#6497 = CARTESIAN_POINT ( 'NONE',  ( 8.052220959737464767, 16.50803391499869477, 10.79933100076127950 ) ) ;
#6498 = DIRECTION ( 'NONE',  ( 1.000000000000000000, 0.000000000000000000, -5.404909772199448671E-16 ) ) ;
#6499 = DIRECTION ( 'NONE',  ( -3.594534017133189266E-15, 1.000000000000000000, 3.594534017133189266E-15 ) ) ;
#6500 = B_SPLINE_CURVE_WITH_KNOTS ( 'NONE', 3,
 ( #5814, #8152, #6689, #5863 ),
 .UNSPECIFIED., .F., .F.,
 ( 4, 4 ),
 ( 1.999999999988124508E-07, 0.006135200087855369189 ),
 .UNSPECIFIED. ) ;
#6501 = CARTESIAN_POINT ( 'NONE',  ( -1.531419116870791797, 39.19999999999998153, -9.071645687993031615 ) ) ;
#6502 = CARTESIAN_POINT ( 'NONE',  ( 7.519905655965759550, 20.00303400285404365, 11.07311703531422076 ) ) ;
#6503 = CARTESIAN_POINT ( 'NONE',  ( 6.991490315471322603, 8.216983020578783936, 11.29351537119504556 ) ) ;
#6504 = ORIENTED_EDGE ( 'NONE', *, *, #7795, .F. ) ;
#6505 = B_SPLINE_CURVE_WITH_KNOTS ( 'NONE', 3,
 ( #948, #5510, #8487, #3944, #7021, #7698, #3312, #4097 ),
 .UNSPECIFIED., .F., .F.,
 ( 4, 2, 2, 4 ),
 ( 0.000000000000000000, 0.0004526745903237078001, 0.0009053491806474156002, 0.001810698361294831200 ),
 .UNSPECIFIED. ) ;
#6506 = ORIENTED_EDGE ( 'NONE', *, *, #3685, .F. ) ;
#6507 = VERTEX_POINT ( 'NONE', #6654 ) ;
#6508 = EDGE_CURVE ( 'NONE', #6678, #6048, #3937, .T. ) ;
#6509 = EDGE_CURVE ( 'NONE', #5261, #3063, #6725, .T. ) ;
#6510 = CARTESIAN_POINT ( 'NONE',  ( 11.44999999999999929, 45.00000000000000711, -4.449999999999993072 ) ) ;
#6511 = CARTESIAN_POINT ( 'NONE',  ( 10.35646325651386945, 3.845067825951275609, -7.824247165490495703 ) ) ;
#6512 = VECTOR ( 'NONE', #8670, 1000.000000000000227 ) ;
#6513 = CARTESIAN_POINT ( 'NONE',  ( 10.04999999999997584, 5.500000000000000000, -4.449999999999997513 ) ) ;
#6514 = CARTESIAN_POINT ( 'NONE',  ( -10.57799311167914702, 0.1537583417746024861, 8.039008516785555614 ) ) ;
#6515 = CARTESIAN_POINT ( 'NONE',  ( 10.88314628663810524, 11.80381837748257112, 7.211864069277011069 ) ) ;
#6516 = DIRECTION ( 'NONE',  ( -0.000000000000000000, 1.000000000000000000, 0.000000000000000000 ) ) ;
#6517 = ORIENTED_EDGE ( 'NONE', *, *, #2928, .F. ) ;
#6518 = ORIENTED_EDGE ( 'NONE', *, *, #6969, .F. ) ;
#6519 = ADVANCED_FACE ( 'NONE', ( #9698 ), #1612, .T. ) ;
#6520 = CARTESIAN_POINT ( 'NONE',  ( 5.153034575406721274, 39.15591825482287192, -7.317700093927250293 ) ) ;
#6521 = CARTESIAN_POINT ( 'NONE',  ( 11.30308905430572253, 39.50303391499870287, 6.964989147840435102 ) ) ;
#6522 = CARTESIAN_POINT ( 'NONE',  ( -11.56236921997992617, 23.43803400285404237, -11.33963078002008729 ) ) ;
#6523 = FACE_OUTER_BOUND ( 'NONE', #7462, .T. ) ;
#6524 = CARTESIAN_POINT ( 'NONE',  ( 0.3570727881021314998, 36.00000000000000000, 7.442927211897868212 ) ) ;
#6525 = DIRECTION ( 'NONE',  ( -3.898255002195072399E-16, 0.000000000000000000, -1.000000000000000000 ) ) ;
#6526 = CARTESIAN_POINT ( 'NONE',  ( 11.09456501550368834, 10.91303391499870479, 7.817125280818086885 ) ) ;
#6527 = CARTESIAN_POINT ( 'NONE',  ( 5.379280525977184091, 2.967456222641404739, 11.15000000000077129 ) ) ;
#6528 = CARTESIAN_POINT ( 'NONE',  ( 5.329100300745900576, 39.38334975541596350, -7.499380008969026790 ) ) ;
#6529 = ORIENTED_EDGE ( 'NONE', *, *, #4260, .T. ) ;
#6530 = VERTEX_POINT ( 'NONE', #1513 ) ;
#6531 = EDGE_CURVE ( 'NONE', #931, #1601, #6902, .T. ) ;
#6532 = CARTESIAN_POINT ( 'NONE',  ( 7.888041803144580477, 36.09803391499868042, 10.88971028539564756 ) ) ;
#6533 = VECTOR ( 'NONE', #7515, 1000.000000000000000 ) ;
#6534 = LINE ( 'NONE', #4981, #9092 ) ;
#6535 = ORIENTED_EDGE ( 'NONE', *, *, #3965, .F. ) ;
#6536 = CARTESIAN_POINT ( 'NONE',  ( 0.000000000000000000, 37.39999999999999858, 0.000000000000000000 ) ) ;
#6537 = CARTESIAN_POINT ( 'NONE',  ( -10.05000000000000071, 5.500000000000000000, 4.450000000000003730 ) ) ;
#6538 = CARTESIAN_POINT ( 'NONE',  ( 7.196044404570217878, 27.30803391499869193, 11.49171829639262832 ) ) ;
#6539 = VECTOR ( 'NONE', #197, 1000.000000000000114 ) ;
#6540 = CARTESIAN_POINT ( 'NONE',  ( 10.02490803808023045, 17.27303391499870244, 9.208199901923842745 ) ) ;
#6541 = EDGE_CURVE ( 'NONE', #7551, #4608, #4137, .T. ) ;
#6542 = ORIENTED_EDGE ( 'NONE', *, *, #6669, .F. ) ;
#6543 = VERTEX_POINT ( 'NONE', #5573 ) ;
#6544 = PLANE ( 'NONE',  #1483 ) ;
#6545 = VECTOR ( 'NONE', #3263, 1000.000000000000000 ) ;
#6546 = ORIENTED_EDGE ( 'NONE', *, *, #4698, .F. ) ;
#6547 = VECTOR ( 'NONE', #4766, 1000.000000000000114 ) ;
#6548 = VECTOR ( 'NONE', #4388, 1000.000000000000114 ) ;
#6549 = VECTOR ( 'NONE', #8407, 1000.000000000000000 ) ;
#6550 = FACE_OUTER_BOUND ( 'NONE', #5421, .T. ) ;
#6551 = CYLINDRICAL_SURFACE ( 'NONE', #154, 7.000000000000000000 ) ;
#6552 = DIRECTION ( 'NONE',  ( -4.440892098500626162E-15, 0.000000000000000000, 1.000000000000000000 ) ) ;
#6553 = CARTESIAN_POINT ( 'NONE',  ( 11.30308905430575628, 8.348158404733114324, 6.964989147840321415 ) ) ;
#6554 = CARTESIAN_POINT ( 'NONE',  ( 11.06961358278350360, 38.15303391499870855, 7.792173848098031819 ) ) ;
#6555 = EDGE_CURVE ( 'NONE', #9558, #1988, #2493, .T. ) ;
#6556 = CARTESIAN_POINT ( 'NONE',  ( 8.231798646328991609, 35.72059496652077826, 10.69406138856439448 ) ) ;
#6557 = CARTESIAN_POINT ( 'NONE',  ( 7.152944810634370043, 27.75235469016303824, 11.23137693407984905 ) ) ;
#6558 = ORIENTED_EDGE ( 'NONE', *, *, #2051, .T. ) ;
#6559 = AXIS2_PLACEMENT_3D ( 'NONE', #7231, #6499, #5778 ) ;
#6560 = ORIENTED_EDGE ( 'NONE', *, *, #5257, .T. ) ;
#6561 = VERTEX_POINT ( 'NONE', #5526 ) ;
#6562 = CARTESIAN_POINT ( 'NONE',  ( 11.09790554670161278, 44.93791624812570262, -5.327186072629219282 ) ) ;
#6563 = CARTESIAN_POINT ( 'NONE',  ( 10.30001269126615604, 7.197618960442568437, -4.449999999999999289 ) ) ;
#6564 = DIRECTION ( 'NONE',  ( 0.000000000000000000, 0.000000000000000000, 1.000000000000000000 ) ) ;
#6565 = FACE_OUTER_BOUND ( 'NONE', #6327, .T. ) ;
#6566 = CARTESIAN_POINT ( 'NONE',  ( 7.800383242964671560, 41.76447941738474867, 10.93820247515151856 ) ) ;
#6567 = CARTESIAN_POINT ( 'NONE',  ( 10.72924248992344154, 6.803033914998705356, 8.173051672048105232 ) ) ;
#6568 = EDGE_CURVE ( 'NONE', #1706, #7269, #4705, .T. ) ;
#6569 = DIRECTION ( 'NONE',  ( -0.000000000000000000, -1.000000000000000000, -0.000000000000000000 ) ) ;
#6570 = EDGE_CURVE ( 'NONE', #1237, #7425, #6345, .T. ) ;
#6571 = ORIENTED_EDGE ( 'NONE', *, *, #9068, .F. ) ;
#6572 = AXIS2_PLACEMENT_3D ( 'NONE', #8625, #2702, #5694 ) ;
#6573 = EDGE_LOOP ( 'NONE', ( #8674, #6990, #7860, #8664 ) ) ;
#6574 = DIRECTION ( 'NONE',  ( 0.000000000000000000, 0.000000000000000000, 1.000000000000000000 ) ) ;
#6575 = CARTESIAN_POINT ( 'NONE',  ( -11.15000000000000213, 0.3575260777782737764, 4.450000000000001954 ) ) ;
#6576 = CARTESIAN_POINT ( 'NONE',  ( 10.16434585343120567, 44.77330448610019431, 0.000000000000000000 ) ) ;
#6577 = CARTESIAN_POINT ( 'NONE',  ( 7.064051367018729266, 14.24303391499869065, 11.44457807258341475 ) ) ;
#6578 = CIRCLE ( 'NONE', #3313, 5.593978559053447874 ) ;
#6579 = DIRECTION ( 'NONE',  ( 1.000000000000000000, -0.000000000000000000, -1.949127501097535214E-16 ) ) ;
#6580 = CARTESIAN_POINT ( 'NONE',  ( 0.000000000000000000, 37.39999999999999858, 10.10000000000000142 ) ) ;
#6581 = AXIS2_PLACEMENT_3D ( 'NONE', #5714, #4980, #8244 ) ;
#6582 = CARTESIAN_POINT ( 'NONE',  ( 10.65214437540385539, 41.67803391499871424, 7.141359402926844346 ) ) ;
#6583 = EDGE_CURVE ( 'NONE', #4660, #8595, #6254, .T. ) ;
#6584 = CARTESIAN_POINT ( 'NONE',  ( -10.04397855905344805, 6.649999999999999467, 0.000000000000000000 ) ) ;
#6585 = ORIENTED_EDGE ( 'NONE', *, *, #9697, .F. ) ;
#6586 = CIRCLE ( 'NONE', #3149, 8.272689856255970753 ) ;
#6587 = ORIENTED_EDGE ( 'NONE', *, *, #2226, .F. ) ;
#6588 = AXIS2_PLACEMENT_3D ( 'NONE', #9418, #352, #3989 ) ;
#6589 = CARTESIAN_POINT ( 'NONE',  ( -11.26780873538239014, 0.3882745175683954830, -6.282235193643355586 ) ) ;
#6590 = FACE_OUTER_BOUND ( 'NONE', #1358, .T. ) ;
#6591 = EDGE_LOOP ( 'NONE', ( #893, #2917, #6571, #4040 ) ) ;
#6592 = CARTESIAN_POINT ( 'NONE',  ( 10.27798856319022569, 27.33556834596681284, 8.441483467562283849 ) ) ;
#6593 = LINE ( 'NONE', #6489, #8509 ) ;
#6594 = B_SPLINE_CURVE_WITH_KNOTS ( 'NONE', 3,
 ( #3970, #4765, #6953, #242, #7727, #1026, #6998, #1072 ),
 .UNSPECIFIED., .F., .F.,
 ( 4, 2, 2, 4 ),
 ( 0.000000000000000000, 0.0003737032370659645387, 0.0007474064741319290774, 0.001494812948263856420 ),
 .UNSPECIFIED. ) ;
#6595 = EDGE_CURVE ( 'NONE', #8301, #5813, #8085, .T. ) ;
#6596 = FACE_OUTER_BOUND ( 'NONE', #5457, .T. ) ;
#6597 = ORIENTED_EDGE ( 'NONE', *, *, #1332, .T. ) ;
#6598 = ORIENTED_EDGE ( 'NONE', *, *, #1373, .T. ) ;
#6599 = CARTESIAN_POINT ( 'NONE',  ( 10.94508306964366895, 10.25634519982281034, 7.062252988308133084 ) ) ;
#6600 = VERTEX_POINT ( 'NONE', #1764 ) ;
#6601 = CARTESIAN_POINT ( 'NONE',  ( 9.258203422840663777, 36.61303391499873783, 9.947632730611722707 ) ) ;
#6602 = CARTESIAN_POINT ( 'NONE',  ( 7.209071333308730622, 12.53991819853633949, 11.20876750014157608 ) ) ;
#6603 = CARTESIAN_POINT ( 'NONE',  ( 9.769551114740918862, 5.483033914998699743, 8.380086485823376563 ) ) ;
#6604 = FACE_OUTER_BOUND ( 'NONE', #6980, .T. ) ;
#6605 = EDGE_CURVE ( 'NONE', #228, #5782, #6236, .T. ) ;
#6606 = CARTESIAN_POINT ( 'NONE',  ( 9.627764788739950674, 30.54803391499869747, 9.595945179700699157 ) ) ;
#6607 = CARTESIAN_POINT ( 'NONE',  ( 9.627764788739950674, 30.54803391499869747, 9.595945179700699157 ) ) ;
#6608 = CARTESIAN_POINT ( 'NONE',  ( 6.995967103447788382, 26.71882782929539957, 11.29164099527019260 ) ) ;
#6609 = ORIENTED_EDGE ( 'NONE', *, *, #1187, .T. ) ;
#6610 = B_SPLINE_CURVE_WITH_KNOTS ( 'NONE', 3,
 ( #5344, #4668, #5293, #7495, #6718, #8320, #3871, #52 ),
 .UNSPECIFIED., .F., .F.,
 ( 4, 2, 2, 4 ),
 ( 0.000000000000000000, 0.0004974954272447143586, 0.0009949908544894287173, 0.001989981708978863506 ),
 .UNSPECIFIED. ) ;
#6611 = ORIENTED_EDGE ( 'NONE', *, *, #8493, .F. ) ;
#6612 = ORIENTED_EDGE ( 'NONE', *, *, #677, .F. ) ;
#6613 = VECTOR ( 'NONE', #7841, 1000.000000000000114 ) ;
#6614 = CARTESIAN_POINT ( 'NONE',  ( 10.88061379896152481, 17.22223636185307782, 7.906945680175040181 ) ) ;
#6615 = CARTESIAN_POINT ( 'NONE',  ( 4.502094453300068189, 2.812784650926729135, -11.15000000000000036 ) ) ;
#6616 = DIRECTION ( 'NONE',  ( -0.000000000000000000, 1.000000000000000000, -0.000000000000000000 ) ) ;
#6617 = DIRECTION ( 'NONE',  ( -0.000000000000000000, 1.000000000000000000, -0.000000000000000000 ) ) ;
#6618 = CARTESIAN_POINT ( 'NONE',  ( 10.75932980571016628, 11.55803391499871857, 7.481890071024566602 ) ) ;
#6619 = CARTESIAN_POINT ( 'NONE',  ( 8.917390491375210004, 17.27303391499869534, 9.500753781968183986 ) ) ;
#6620 = CARTESIAN_POINT ( 'NONE',  ( 7.130067808870378165, 12.23303391499867843, 10.91662481823839670 ) ) ;
#6621 = ORIENTED_EDGE ( 'NONE', *, *, #1580, .T. ) ;
#6622 = CARTESIAN_POINT ( 'NONE',  ( 9.678582673418310023, 36.02288662412483689, 9.110996300507835599 ) ) ;
#6623 = EDGE_CURVE ( 'NONE', #4196, #6922, #8374, .T. ) ;
#6624 = CARTESIAN_POINT ( 'NONE',  ( 8.127065172579143848, 39.99999999999999289, -1.545383168813337482 ) ) ;
#6625 = CARTESIAN_POINT ( 'NONE',  ( 1.243444366569312898E-15, 42.98105607088802316, -10.14870513846345368 ) ) ;
#6626 = LINE ( 'NONE', #6428, #4535 ) ;
#6627 = CARTESIAN_POINT ( 'NONE',  ( 9.630420679373331794, 30.54803391499869747, 9.598601070334080276 ) ) ;
#6628 = CARTESIAN_POINT ( 'NONE',  ( 6.775032366987222332, 16.55303391499868937, 11.04949305537397386 ) ) ;
#6629 = CARTESIAN_POINT ( 'NONE',  ( -4.450000000000001066, 5.500000000000000000, -10.04999999999999893 ) ) ;
#6630 = CARTESIAN_POINT ( 'NONE',  ( -5.140799068026101537, 39.99999999999998579, -7.326300904425226079 ) ) ;
#6631 = DIRECTION ( 'NONE',  ( -0.000000000000000000, 1.000000000000000000, -0.000000000000000000 ) ) ;
#6632 = VECTOR ( 'NONE', #7599, 1000.000000000000114 ) ;
#6633 = ORIENTED_EDGE ( 'NONE', *, *, #8494, .F. ) ;
#6634 = VERTEX_POINT ( 'NONE', #2730 ) ;
#6635 = AXIS2_PLACEMENT_3D ( 'NONE', #4161, #1808, #4009 ) ;
#6636 = CARTESIAN_POINT ( 'NONE',  ( 9.742520813978226002, 11.47388584866312655, 9.483802004497936977 ) ) ;
#6637 = EDGE_CURVE ( 'NONE', #3510, #3896, #8696, .T. ) ;
#6638 = CARTESIAN_POINT ( 'NONE',  ( 11.04336400733990686, 35.89242228171239901, 7.584177147124941953 ) ) ;
#6639 = EDGE_LOOP ( 'NONE', ( #7813, #4710, #9571, #7006 ) ) ;
#6640 = ADVANCED_FACE ( 'NONE', ( #8009 ), #7867, .T. ) ;
#6641 = VECTOR ( 'NONE', #2453, 1000.000000000000114 ) ;
#6642 = CARTESIAN_POINT ( 'NONE',  ( -1.531419116870791797, 39.19999999999998153, -9.071645687993031615 ) ) ;
#6643 = CARTESIAN_POINT ( 'NONE',  ( 9.629768493391159367, 42.80303400285406212, 9.597948492123931530 ) ) ;
#6644 = LINE ( 'NONE', #9590, #8567 ) ;
#6645 = CARTESIAN_POINT ( 'NONE',  ( 4.449999999999999289, 45.00000000000000000, 4.450000000000001954 ) ) ;
#6646 = VERTEX_POINT ( 'NONE', #5818 ) ;
#6647 = ORIENTED_EDGE ( 'NONE', *, *, #2872, .F. ) ;
#6648 = CARTESIAN_POINT ( 'NONE',  ( -10.04988341609711000, 5.522265681838460338, 0.1974902860311334996 ) ) ;
#6649 = ORIENTED_EDGE ( 'NONE', *, *, #7755, .F. ) ;
#6650 = EDGE_CURVE ( 'NONE', #5087, #807, #4424, .T. ) ;
#6651 = DIRECTION ( 'NONE',  ( -1.559280626352012783E-15, -0.005235963831419591756, 0.9999862922474268556 ) ) ;
#6652 = DIRECTION ( 'NONE',  ( 0.1736481776669352717, -0.9848077530122072432, 0.000000000000000000 ) ) ;
#6653 = CARTESIAN_POINT ( 'NONE',  ( -7.503137776691587213, 39.74999999999998579, 5.323807237680901139 ) ) ;
#6654 = CARTESIAN_POINT ( 'NONE',  ( 1.530649667146575910, 39.15591825482287192, 8.818141051064225522 ) ) ;
#6655 = CARTESIAN_POINT ( 'NONE',  ( 10.48932025678933577, 36.66803391499870912, 8.739231169466801674 ) ) ;
#6656 = CARTESIAN_POINT ( 'NONE',  ( 7.800636432903925055, 16.22231392366906988, 10.93621436618433762 ) ) ;
#6657 = VERTEX_POINT ( 'NONE', #1210 ) ;
#6658 = ORIENTED_EDGE ( 'NONE', *, *, #2417, .T. ) ;
#6659 = CARTESIAN_POINT ( 'NONE',  ( -6.797057124571744602, 37.39999999999999858, 4.675736781012002297 ) ) ;
#6660 = ADVANCED_FACE ( 'NONE', ( #2246 ), #5129, .T. ) ;
#6661 = CARTESIAN_POINT ( 'NONE',  ( 0.000000000000000000, 39.99999999999998579, 0.000000000000000000 ) ) ;
#6662 = CARTESIAN_POINT ( 'NONE',  ( 10.55819974311047638, 17.19803391499871026, 8.447486197382698236 ) ) ;
#6663 = CARTESIAN_POINT ( 'NONE',  ( -5.407109157683280820, 42.02763683875446077, 11.44325610668878213 ) ) ;
#6665 = CARTESIAN_POINT ( 'NONE',  ( 7.022350601569779194, 33.28214631497390030, 11.28197433477820333 ) ) ;
#6664 =( BOUNDED_CURVE ( )  B_SPLINE_CURVE ( 3, ( #9660, #6716, #4, #3094 ),
 .UNSPECIFIED., .F., .T. ) 
 B_SPLINE_CURVE_WITH_KNOTS ( ( 4, 4 ),
 ( 4.879626044906771654, 4.880684413535595567 ),
 .UNSPECIFIED. ) 
 CURVE ( )  GEOMETRIC_REPRESENTATION_ITEM ( )  RATIONAL_B_SPLINE_CURVE ( ( 1.000000000000000000, 0.9999999066546558790, 0.9999999066546558790, 1.000000000000000000 ) ) 
 REPRESENTATION_ITEM ( '' )  );
#6666 = CARTESIAN_POINT ( 'NONE',  ( 6.904191290794817526, 16.82370115895852791, 11.00706036763412499 ) ) ;
#6667 = DIRECTION ( 'NONE',  ( -0.000000000000000000, 1.000000000000000000, 0.000000000000000000 ) ) ;
#6668 = CARTESIAN_POINT ( 'NONE',  ( 4.653951976476204955, 39.99999999999999289, 6.839453812875238903 ) ) ;
#6669 = EDGE_CURVE ( 'NONE', #4027, #7388, #5269, .T. ) ;
#6670 = VERTEX_POINT ( 'NONE', #5223 ) ;
#6671 = CARTESIAN_POINT ( 'NONE',  ( 9.419586085073678561, 14.04861995613847547, 9.797860810067840376 ) ) ;
#6672 = PLANE ( 'NONE',  #3249 ) ;
#6673 = CARTESIAN_POINT ( 'NONE',  ( -9.071645687993013851, 39.19999999999998153, -1.531419116870886610 ) ) ;
#6674 = CARTESIAN_POINT ( 'NONE',  ( 8.381967607814432952, 42.47477102040711827, 10.24387643402124404 ) ) ;
#6675 = CARTESIAN_POINT ( 'NONE',  ( -9.070563457125864204, 39.56668310586261583, 1.537819594291609082 ) ) ;
#6676 = CARTESIAN_POINT ( 'NONE',  ( 7.026242053009050359, 38.43681778310390484, 11.28037113501644839 ) ) ;
#6677 = CARTESIAN_POINT ( 'NONE',  ( -11.15000000000000213, 0.3575260777782737764, -4.449999999999996625 ) ) ;
#6678 = VERTEX_POINT ( 'NONE', #6047 ) ;
#6679 =( BOUNDED_CURVE ( )  B_SPLINE_CURVE ( 3, ( #9474, #6332, #2712, #6429 ),
 .UNSPECIFIED., .F., .T. ) 
 B_SPLINE_CURVE_WITH_KNOTS ( ( 4, 4 ),
 ( 4.354865436748577068, 4.359705950757568615 ),
 .UNSPECIFIED. ) 
 CURVE ( )  GEOMETRIC_REPRESENTATION_ITEM ( )  RATIONAL_B_SPLINE_CURVE ( ( 1.000000000000000000, 0.9999980474529639451, 0.9999980474529639451, 1.000000000000000000 ) ) 
 REPRESENTATION_ITEM ( '' )  );
#6680 = EDGE_CURVE ( 'NONE', #4142, #3171, #5318, .T. ) ;
#6681 = SHAPE_DEFINITION_REPRESENTATION ( #3506, #9383 ) ;
#6682 = ORIENTED_EDGE ( 'NONE', *, *, #5834, .F. ) ;
#6683 = AXIS2_PLACEMENT_3D ( 'NONE', #8280, #4485, #2956 ) ;
#6684 = ORIENTED_EDGE ( 'NONE', *, *, #6947, .F. ) ;
#6685 = CARTESIAN_POINT ( 'NONE',  ( 10.54999999999997407, 5.500000000000000000, -4.449999999999994849 ) ) ;
#6686 = CARTESIAN_POINT ( 'NONE',  ( 7.855234815744842614, 10.83803391499868596, 10.45385243271945086 ) ) ;
#6687 = ORIENTED_EDGE ( 'NONE', *, *, #8334, .F. ) ;
#6688 = B_SPLINE_CURVE_WITH_KNOTS ( 'NONE', 3,
 ( #1820, #4812, #8911, #8219, #6707, #1471, #8019, #8068, #7433, #6607 ),
 .UNSPECIFIED., .F., .F.,
 ( 4, 2, 2, 2, 4 ),
 ( 0.000000000000000000, 0.0005183937984999472835, 0.001036787596999894567, 0.001555181395499841742, 0.002073575193999789134 ),
 .UNSPECIFIED. ) ;
#6689 = CARTESIAN_POINT ( 'NONE',  ( 9.627764919079623951, 40.75803397356894209, 9.595945048555064361 ) ) ;
#6690 = CARTESIAN_POINT ( 'NONE',  ( 11.09790554669992346, 44.93791624812541130, 8.374769132100265523 ) ) ;
#6691 = B_SPLINE_CURVE_WITH_KNOTS ( 'NONE', 3,
 ( #3020, #1497, #7414, #6041, #4599, #3754, #4551 ),
 .UNSPECIFIED., .F., .F.,
 ( 4, 3, 4 ),
 ( 0.0005257355417019116735, 0.0006493043714912954782, 0.0007830454567822239245 ),
 .UNSPECIFIED. ) ;
#6692 = AXIS2_PLACEMENT_3D ( 'NONE', #6726, #5158, #2907 ) ;
#6693 = CARTESIAN_POINT ( 'NONE',  ( 8.752465849045098167, 5.590731163796713865, 9.974072860164923782 ) ) ;
#6694 = DIRECTION ( 'NONE',  ( -0.000000000000000000, 1.000000000000000000, -0.000000000000000000 ) ) ;
#6695 = EDGE_CURVE ( 'NONE', #113, #5512, #5163, .T. ) ;
#6696 = ORIENTED_EDGE ( 'NONE', *, *, #223, .T. ) ;
#6697 = EDGE_CURVE ( 'NONE', #6922, #6398, #8208, .T. ) ;
#6698 = ORIENTED_EDGE ( 'NONE', *, *, #8233, .F. ) ;
#6699 = CARTESIAN_POINT ( 'NONE',  ( -13.03668705486792767, 36.92303391499869036, -9.865312945132084010 ) ) ;
#6700 = ORIENTED_EDGE ( 'NONE', *, *, #7880, .T. ) ;
#6701 = CARTESIAN_POINT ( 'NONE',  ( 8.515741302594792117, 36.74803391499872163, 10.69009485085759437 ) ) ;
#6702 = VECTOR ( 'NONE', #219, 1000.000000000000227 ) ;
#6703 = DIRECTION ( 'NONE',  ( -1.000000000000000000, -0.000000000000000000, 1.949127501097535707E-16 ) ) ;
#6704 = CARTESIAN_POINT ( 'NONE',  ( 7.804641138654301535, 7.335578715459394772, 10.93434534964145222 ) ) ;
#6705 = CARTESIAN_POINT ( 'NONE',  ( 10.84496330354613924, 15.80303391499871069, 7.970574434136890929 ) ) ;
#6706 = DIRECTION ( 'NONE',  ( 0.000000000000000000, 0.000000000000000000, 1.000000000000000000 ) ) ;
#6707 = CARTESIAN_POINT ( 'NONE',  ( 8.730883242110987652, 30.76643491539049080, 10.36528204815846799 ) ) ;
#6708 = CARTESIAN_POINT ( 'NONE',  ( 9.471115720845787678, 11.85803391499869797, 9.757494163340387772 ) ) ;
#6709 = VERTEX_POINT ( 'NONE', #2977 ) ;
#6710 = EDGE_CURVE ( 'NONE', #5169, #3889, #3579, .T. ) ;
#6711 = ORIENTED_EDGE ( 'NONE', *, *, #8875, .T. ) ;
#6712 = AXIS2_PLACEMENT_3D ( 'NONE', #7333, #5921, #8912 ) ;
#6713 = LINE ( 'NONE', #9703, #6851 ) ;
#6714 = DIRECTION ( 'NONE',  ( 1.000000000000000000, 0.000000000000000000, -5.404909772199448671E-16 ) ) ;
#6715 = CARTESIAN_POINT ( 'NONE',  ( 6.811202161235780927, 38.26588799863405654, -4.668507208297659972 ) ) ;
#6716 = CARTESIAN_POINT ( 'NONE',  ( -7.499380008969081857, 39.38334975541587823, 5.329100300745821528 ) ) ;
#6717 = AXIS2_PLACEMENT_3D ( 'NONE', #9008, #8359, #5381 ) ;
#6718 = CARTESIAN_POINT ( 'NONE',  ( 10.14379241963498046, 6.326484899706076526, 8.524833312288480514 ) ) ;
#6719 = VECTOR ( 'NONE', #7857, 1000.000000000000000 ) ;
#6721 = B_SPLINE_CURVE_WITH_KNOTS ( 'NONE', 3,
 ( #84, #8307, #5232, #6704, #2353, #5375, #1563, #6754, #5964, #4611 ),
 .UNSPECIFIED., .F., .F.,
 ( 4, 2, 2, 2, 4 ),
 ( 0.000000000000000000, 0.0005414719389890852372, 0.001082943877978171992, 0.001624415816967258530, 0.002165887755956345286 ),
 .UNSPECIFIED. ) ;
#6720 = CARTESIAN_POINT ( 'NONE',  ( -9.271343248935526304, 29.42303400285405957, -13.63065675106448715 ) ) ;
#6722 = EDGE_CURVE ( 'NONE', #8070, #3111, #7374, .T. ) ;
#6723 = ORIENTED_EDGE ( 'NONE', *, *, #1665, .F. ) ;
#6724 = FACE_BOUND ( 'NONE', #3634, .T. ) ;
#6725 =( BOUNDED_CURVE ( )  B_SPLINE_CURVE ( 3, ( #9055, #3722, #2355, #5919 ),
 .UNSPECIFIED., .F., .F. ) 
 B_SPLINE_CURVE_WITH_KNOTS ( ( 4, 4 ),
 ( 1.570796326794896780, 3.141592653589793116 ),
 .UNSPECIFIED. ) 
 CURVE ( )  GEOMETRIC_REPRESENTATION_ITEM ( )  RATIONAL_B_SPLINE_CURVE ( ( 1.000000000000000000, 0.8047378541243650485, 0.8047378541243650485, 1.000000000000000000 ) ) 
 REPRESENTATION_ITEM ( '' )  );
#6726 = CARTESIAN_POINT ( 'NONE',  ( 0.000000000000000000, 39.15591825482287192, 0.000000000000000000 ) ) ;
#6727 = CARTESIAN_POINT ( 'NONE',  ( 10.98357402210328893, 10.91303391499870479, 7.706134287417688356 ) ) ;
#6728 = CYLINDRICAL_SURFACE ( 'NONE', #1141, 8.949999999999999289 ) ;
#6729 = LINE ( 'NONE', #2134, #7800 ) ;
#6730 = CARTESIAN_POINT ( 'NONE',  ( 10.04999999999997584, 5.500000000000000000, -4.449999999999997513 ) ) ;
#6731 = ADVANCED_FACE ( 'NONE', ( #122 ), #7422, .T. ) ;
#6732 = CARTESIAN_POINT ( 'NONE',  ( 8.766388540121823780, 16.30472582146499505, 9.960789298351961918 ) ) ;
#6733 = CONICAL_SURFACE ( 'NONE', #2516, 9.199999999999992184, 1.396263401595460696 ) ;
#6734 = VERTEX_POINT ( 'NONE', #668 ) ;
#6735 = ORIENTED_EDGE ( 'NONE', *, *, #2591, .T. ) ;
#6736 = ORIENTED_EDGE ( 'NONE', *, *, #3992, .T. ) ;
#6737 = DIRECTION ( 'NONE',  ( 0.7071067811865474617, 0.000000000000000000, 0.7071067811865474617 ) ) ;
#6738 = CARTESIAN_POINT ( 'NONE',  ( 7.817963898495471575, 32.10132165002971050, 10.58736050580436228 ) ) ;
#6739 = ORIENTED_EDGE ( 'NONE', *, *, #2843, .F. ) ;
#6740 = FACE_OUTER_BOUND ( 'NONE', #8936, .T. ) ;
#6741 = ADVANCED_FACE ( 'NONE', ( #2197 ), #3115, .F. ) ;
#6742 = CARTESIAN_POINT ( 'NONE',  ( 10.55360501171974974, 44.84194137819178394, 7.998395177871904238 ) ) ;
#6743 = CARTESIAN_POINT ( 'NONE',  ( 8.318099520725686702, 10.76303391499868134, 10.64094549303754000 ) ) ;
#6744 = DIRECTION ( 'NONE',  ( -0.000000000000000000, -1.000000000000000000, -0.000000000000000000 ) ) ;
#6745 = EDGE_LOOP ( 'NONE', ( #3243, #5472, #5362, #7411 ) ) ;
#6746 = AXIS2_PLACEMENT_3D ( 'NONE', #4279, #4963, #2027 ) ;
#6747 = ORIENTED_EDGE ( 'NONE', *, *, #3771, .F. ) ;
#6748 = DIRECTION ( 'NONE',  ( 1.000000000000000000, 0.000000000000000000, 0.000000000000000000 ) ) ;
#6749 = ORIENTED_EDGE ( 'NONE', *, *, #9279, .F. ) ;
#6750 = CARTESIAN_POINT ( 'NONE',  ( 1.515114131236716899, 38.26588799863373680, 8.117380341247839581 ) ) ;
#6751 = EDGE_CURVE ( 'NONE', #4942, #4027, #8104, .T. ) ;
#6752 = ADVANCED_FACE ( 'NONE', ( #712 ), #9531, .T. ) ;
#6753 = CARTESIAN_POINT ( 'NONE',  ( 7.226666568275451397, 14.67534341766232053, 10.87576411362165274 ) ) ;
#6754 = CARTESIAN_POINT ( 'NONE',  ( 7.494053384643679649, 8.360036871480875931, 11.08513375628441722 ) ) ;
#6755 = DIRECTION ( 'NONE',  ( 0.000000000000000000, 1.425800117241211610E-15, -1.000000000000000000 ) ) ;
#6756 = DIRECTION ( 'NONE',  ( 0.7071067811865474617, 0.000000000000000000, 0.7071067811865474617 ) ) ;
#6757 = CARTESIAN_POINT ( 'NONE',  ( 11.07365220103988079, 13.61303391499872006, 6.714339091138879390 ) ) ;
#6758 = CARTESIAN_POINT ( 'NONE',  ( 7.127076825634437007, 12.23303391499867843, 10.91363383500245732 ) ) ;
#6759 = ORIENTED_EDGE ( 'NONE', *, *, #9223, .T. ) ;
#6760 = EDGE_LOOP ( 'NONE', ( #883, #3183, #9269, #375 ) ) ;
#6761 = CARTESIAN_POINT ( 'NONE',  ( 11.03187785052839232, 17.40898547517746664, 7.607951410810550819 ) ) ;
#6762 = EDGE_CURVE ( 'NONE', #619, #4660, #1707, .T. ) ;
#6763 = CARTESIAN_POINT ( 'NONE',  ( 7.331828079106226248, 28.29456333820061076, 10.83104153791044055 ) ) ;
#6764 = EDGE_CURVE ( 'NONE', #7778, #9360, #9682, .T. ) ;
#6765 = CARTESIAN_POINT ( 'NONE',  ( -5.366463061007142876, 41.73710145145909678, 11.45000000000000107 ) ) ;
#6766 = CARTESIAN_POINT ( 'NONE',  ( 7.677767782625999793, 16.83803391499869662, 10.99763431641091138 ) ) ;
#6767 = CARTESIAN_POINT ( 'NONE',  ( 10.25382638481697839, 17.21314234659982745, 8.363717992087909892 ) ) ;
#6768 = CARTESIAN_POINT ( 'NONE',  ( 9.185338506085495069, 14.21303391499869484, 9.598996169193684480 ) ) ;
#6769 = CARTESIAN_POINT ( 'NONE',  ( 8.005403092841596902, 31.10003607329061737, 10.48140176835407900 ) ) ;
#6770 = ORIENTED_EDGE ( 'NONE', *, *, #9680, .T. ) ;
#6771 = CARTESIAN_POINT ( 'NONE',  ( 0.000000000000000000, 39.19999999999998153, 0.000000000000000000 ) ) ;
#6772 = CARTESIAN_POINT ( 'NONE',  ( 9.240729162084173609, 28.45076510694518390, 9.959280186129523926 ) ) ;
#6773 = LINE ( 'NONE', #6867, #1679 ) ;
#6774 = ADVANCED_FACE ( 'NONE', ( #4556 ), #805, .T. ) ;
#6775 = CARTESIAN_POINT ( 'NONE',  ( 8.245353505517664772, 42.38450786014648486, 10.33380912331891999 ) ) ;
#6776 = CARTESIAN_POINT ( 'NONE',  ( 9.066818571876407162, 31.26715706307704679, 10.10674957315699807 ) ) ;
#6777 = CARTESIAN_POINT ( 'NONE',  ( -9.610754700019043639, 13.70303391499870571, -13.29124529998096982 ) ) ;
#6778 = CARTESIAN_POINT ( 'NONE',  ( 8.769092895680643096, 15.89142507898495182, 9.958676514689420500 ) ) ;
#6779 = B_SPLINE_CURVE_WITH_KNOTS ( 'NONE', 3,
 ( #651, #1244, #1195, #5018, #7994, #5066 ),
 .UNSPECIFIED., .F., .F.,
 ( 4, 2, 4 ),
 ( 0.000000000000000000, 0.0009144242246346024217, 0.001828848449269204843 ),
 .UNSPECIFIED. ) ;
#6780 = ORIENTED_EDGE ( 'NONE', *, *, #4951, .F. ) ;
#6781 = ORIENTED_EDGE ( 'NONE', *, *, #8425, .F. ) ;
#6782 = ORIENTED_EDGE ( 'NONE', *, *, #905, .F. ) ;
#6783 = CARTESIAN_POINT ( 'NONE',  ( 8.706091153676313255, 5.701502876298320643, 10.38314732373598304 ) ) ;
#6784 = CARTESIAN_POINT ( 'NONE',  ( 11.01515665217732831, 10.84151936116137627, 7.642137314094603617 ) ) ;
#6785 = EDGE_LOOP ( 'NONE', ( #4482, #3752, #9548, #7781 ) ) ;
#6786 = AXIS2_PLACEMENT_3D ( 'NONE', #2738, #3673, #4265 ) ;
#6787 = ADVANCED_FACE ( 'NONE', ( #3072 ), #4205, .T. ) ;
#6788 = CARTESIAN_POINT ( 'NONE',  ( 11.23292016999911525, 12.29102377812272806, 7.149233185071283359 ) ) ;
#6789 = CIRCLE ( 'NONE', #8028, 8.249999999999998224 ) ;
#6790 = CONICAL_SURFACE ( 'NONE', #8032, 8.249999999999998224, 0.008726646259971666819 ) ;
#6791 = CARTESIAN_POINT ( 'NONE',  ( 10.57134838894317141, 37.61303391499870941, 7.845451943583207743 ) ) ;
#6792 = DIRECTION ( 'NONE',  ( 0.000000000000000000, -1.000000000000000000, 0.000000000000000000 ) ) ;
#6793 = VERTEX_POINT ( 'NONE', #3321 ) ;
#6794 = ORIENTED_EDGE ( 'NONE', *, *, #4484, .T. ) ;
#6795 = EDGE_LOOP ( 'NONE', ( #4025, #7712, #3563, #7214 ) ) ;
#6796 = CARTESIAN_POINT ( 'NONE',  ( 0.000000000000000000, 39.99999999999999289, 0.000000000000000000 ) ) ;
#6797 = VERTEX_POINT ( 'NONE', #4106 ) ;
#6798 = CARTESIAN_POINT ( 'NONE',  ( -11.20209445330008435, 41.00582457832652494, -11.44999999999999929 ) ) ;
#6799 = CARTESIAN_POINT ( 'NONE',  ( 7.664043846123779424, 36.09803391499868042, 10.66571232837484651 ) ) ;
#6800 = DIRECTION ( 'NONE',  ( -1.607383761961275067E-15, 1.000000000000000000, 1.607383761961275067E-15 ) ) ;
#6802 = CIRCLE ( 'NONE', #1163, 5.593978559053445210 ) ;
#6801 = CARTESIAN_POINT ( 'NONE',  ( 10.85654293177494090, 39.57803391499871992, 7.260905145555535789 ) ) ;
#6803 = CARTESIAN_POINT ( 'NONE',  ( 7.534386940619529405, 33.60583075848588663, 11.06638550876048477 ) ) ;
#6804 = CARTESIAN_POINT ( 'NONE',  ( 4.675736781012073351, 37.39999999999999858, -6.797057124571693976 ) ) ;
#6805 = EDGE_LOOP ( 'NONE', ( #4543, #3576, #5842, #6611 ) ) ;
#6806 = ORIENTED_EDGE ( 'NONE', *, *, #6905, .F. ) ;
#6807 = EDGE_CURVE ( 'NONE', #1255, #2141, #8192, .T. ) ;
#6808 = DIRECTION ( 'NONE',  ( -0.000000000000000000, 1.000000000000000000, -0.000000000000000000 ) ) ;
#6809 = CARTESIAN_POINT ( 'NONE',  ( 7.317700093927230753, 39.15591825482287192, 5.153034575406746143 ) ) ;
#6810 = CARTESIAN_POINT ( 'NONE',  ( 0.000000000000000000, 44.20218114339339621, 0.000000000000000000 ) ) ;
#6811 = DIRECTION ( 'NONE',  ( -1.000000000000000000, -0.000000000000000000, -3.367572519130504446E-15 ) ) ;
#6812 = CARTESIAN_POINT ( 'NONE',  ( 10.55766046225122246, 16.41678185318426486, 8.451108172352554959 ) ) ;
#6813 = CARTESIAN_POINT ( 'NONE',  ( 11.30308915960473115, 28.92951752022803547, 6.964988860911358159 ) ) ;
#6814 = CARTESIAN_POINT ( 'NONE',  ( 0.3570727881021321104, 36.00000000000000000, 9.890300914026145307 ) ) ;
#6815 = CARTESIAN_POINT ( 'NONE',  ( 10.21418564824426944, 11.78303391499870045, 8.421670154050422852 ) ) ;
#6816 = EDGE_CURVE ( 'NONE', #2358, #5261, #6291, .T. ) ;
#6817 = EDGE_CURVE ( 'NONE', #5359, #1226, #4591, .T. ) ;
#6818 = ORIENTED_EDGE ( 'NONE', *, *, #2925, .T. ) ;
#6819 = CARTESIAN_POINT ( 'NONE',  ( -6.320907588372391750, 41.86650952049411245, -11.25824792397118301 ) ) ;
#6820 = CARTESIAN_POINT ( 'NONE',  ( 8.968802208315400648, 28.59493931391046928, 10.18462929625429858 ) ) ;
#6821 = CARTESIAN_POINT ( 'NONE',  ( 7.582602863300996532, 16.93012194789309532, 10.71036721931659841 ) ) ;
#6822 = DIRECTION ( 'NONE',  ( -1.000000000000000000, 0.000000000000000000, 0.000000000000000000 ) ) ;
#6823 = CARTESIAN_POINT ( 'NONE',  ( 8.420290923160079544, 42.35303391499869008, 10.67949728516529717 ) ) ;
#6824 = CARTESIAN_POINT ( 'NONE',  ( -6.825334418262706038, 39.13255635759591655, -4.661245592603675547 ) ) ;
#6825 = CARTESIAN_POINT ( 'NONE',  ( 6.839453812875223804, 39.99999999999999289, -4.653951976476231600 ) ) ;
#6826 = VERTEX_POINT ( 'NONE', #9291 ) ;
#6827 = ORIENTED_EDGE ( 'NONE', *, *, #5580, .T. ) ;
#6828 = ADVANCED_FACE ( 'NONE', ( #6144 ), #7008, .T. ) ;
#6829 = AXIS2_PLACEMENT_3D ( 'NONE', #769, #5912, #5871 ) ;
#6830 = VERTEX_POINT ( 'NONE', #8449 ) ;
#6831 = CARTESIAN_POINT ( 'NONE',  ( 7.251207730239385363, 8.918999636146001109, 10.86507914028812927 ) ) ;
#6832 = CARTESIAN_POINT ( 'NONE',  ( 7.437548408216402507, 32.89534504417576244, 10.78081569793765127 ) ) ;
#6833 = ORIENTED_EDGE ( 'NONE', *, *, #2002, .T. ) ;
#6834 = CARTESIAN_POINT ( 'NONE',  ( 11.02375416482593451, 17.34803391499870173, 6.855359885845315304 ) ) ;
#6835 = CARTESIAN_POINT ( 'NONE',  ( 10.67415941768750542, 37.89516259000377829, 7.660103384502838786 ) ) ;
#6836 = CARTESIAN_POINT ( 'NONE',  ( 8.454900402986753605, 16.72153259294711702, 10.19430400516563751 ) ) ;
#6837 = EDGE_LOOP ( 'NONE', ( #565, #2540, #8974, #7180 ) ) ;
#6838 = EDGE_CURVE ( 'NONE', #820, #6304, #5772, .T. ) ;
#6839 = ORIENTED_EDGE ( 'NONE', *, *, #8725, .F. ) ;
#6840 = VERTEX_POINT ( 'NONE', #9098 ) ;
#6841 = CARTESIAN_POINT ( 'NONE',  ( 9.586357836860866399, 7.197618960442568437, -4.449999999999999289 ) ) ;
#6842 = VERTEX_POINT ( 'NONE', #6978 ) ;
#6843 = LINE ( 'NONE', #1888, #6348 ) ;
#6844 = CARTESIAN_POINT ( 'NONE',  ( 9.673915287686901010, 31.14803391499869889, 9.557242864905266089 ) ) ;
#6845 = CARTESIAN_POINT ( 'NONE',  ( 7.476302483458932002, 8.723033914998678640, 11.09315386534215619 ) ) ;
#6846 = CARTESIAN_POINT ( 'NONE',  ( 9.891342175455298147, 42.21803391499871339, 8.226105901875177651 ) ) ;
#6847 = CARTESIAN_POINT ( 'NONE',  ( -12.41089755351776880, 11.28803391499868880, -10.49110244648224466 ) ) ;
#6848 = ORIENTED_EDGE ( 'NONE', *, *, #4383, .F. ) ;
#6849 = ORIENTED_EDGE ( 'NONE', *, *, #8930, .T. ) ;
#6850 = DIRECTION ( 'NONE',  ( 0.7071067811865474617, 0.000000000000000000, 0.7071067811865474617 ) ) ;
#6851 = VECTOR ( 'NONE', #9011, 1000.000000000000000 ) ;
#6852 = FACE_OUTER_BOUND ( 'NONE', #21, .T. ) ;
#6853 = CARTESIAN_POINT ( 'NONE',  ( 0.000000000000000000, 44.20218114339339621, 0.000000000000000000 ) ) ;
#6854 = CARTESIAN_POINT ( 'NONE',  ( 5.656854249492338838, 37.39999999999999858, 7.778174593052052721 ) ) ;
#6855 = CARTESIAN_POINT ( 'NONE',  ( 8.953533895879191462, 27.93856366968634575, 10.19600486550371343 ) ) ;
#6856 = FACE_OUTER_BOUND ( 'NONE', #7895, .T. ) ;
#6857 = EDGE_CURVE ( 'NONE', #807, #4989, #956, .T. ) ;
#6858 = DIRECTION ( 'NONE',  ( 0.000000000000000000, 0.000000000000000000, 1.000000000000000000 ) ) ;
#6859 = FACE_OUTER_BOUND ( 'NONE', #4891, .T. ) ;
#6860 = CARTESIAN_POINT ( 'NONE',  ( 8.083684278707313098, 42.05803391499873101, 10.25803782697013844 ) ) ;
#6861 = ORIENTED_EDGE ( 'NONE', *, *, #3022, .F. ) ;
#6862 = VECTOR ( 'NONE', #3026, 1000.000000000000114 ) ;
#6863 = VECTOR ( 'NONE', #2827, 1000.000000000000114 ) ;
#6864 = VERTEX_POINT ( 'NONE', #3951 ) ;
#6865 = CARTESIAN_POINT ( 'NONE',  ( 10.68196998385303687, 36.23303391499870685, 7.637875486959120330 ) ) ;
#6866 = CARTESIAN_POINT ( 'NONE',  ( -9.271343248935531633, 30.00803400285407463, -13.63065675106448182 ) ) ;
#6867 = CARTESIAN_POINT ( 'NONE',  ( -9.812280132657205556, 11.55803391499871857, -13.08971986734280613 ) ) ;
#6868 = AXIS2_PLACEMENT_3D ( 'NONE', #4338, #5162, #504 ) ;
#6869 = CARTESIAN_POINT ( 'NONE',  ( 10.60477476010522047, 35.61562688101737706, 7.786593082161970436 ) ) ;
#6870 = AXIS2_PLACEMENT_3D ( 'NONE', #3320, #8496, #2535 ) ;
#6871 = CARTESIAN_POINT ( 'NONE',  ( 1.499999999999999778, 37.39999999999999858, 8.823406371691151051 ) ) ;
#6872 = ADVANCED_FACE ( 'NONE', ( #317 ), #2413, .T. ) ;
#6873 = EDGE_CURVE ( 'NONE', #2391, #6530, #7258, .T. ) ;
#6874 = DIRECTION ( 'NONE',  ( -0.005235892060090552996, -0.9999725850585454712, 0.005235892060090536516 ) ) ;
#6875 = EDGE_LOOP ( 'NONE', ( #2542, #8024, #2647, #5969 ) ) ;
#6876 = ORIENTED_EDGE ( 'NONE', *, *, #8482, .T. ) ;
#6877 = PRODUCT_DEFINITION_FORMATION_WITH_SPECIFIED_SOURCE ( 'TUTTO', '', #4988, .NOT_KNOWN. ) ;
#6878 = ORIENTED_EDGE ( 'NONE', *, *, #1509, .T. ) ;
#6879 = DIRECTION ( 'NONE',  ( 0.7071067811865474617, 0.000000000000000000, 0.7071067811865474617 ) ) ;
#6880 = CARTESIAN_POINT ( 'NONE',  ( 10.74157988618165760, 40.90841771474876509, 7.518991092953987376 ) ) ;
#6881 = ORIENTED_EDGE ( 'NONE', *, *, #2952, .F. ) ;
#6882 = CARTESIAN_POINT ( 'NONE',  ( 11.11099750074786918, 11.80436239120541941, 7.439013533810724610 ) ) ;
#6883 = ADVANCED_FACE ( 'NONE', ( #2719 ), #4107, .T. ) ;
#6884 = CARTESIAN_POINT ( 'NONE',  ( 11.31442065067674285, 20.00303400285406852, 6.933893945112136414 ) ) ;
#6885 = CARTESIAN_POINT ( 'NONE',  ( -11.44999999999999929, 0.3575260777784660116, 5.366463060955603659 ) ) ;
#6886 = ORIENTED_EDGE ( 'NONE', *, *, #2338, .T. ) ;
#6887 = VERTEX_POINT ( 'NONE', #5023 ) ;
#6888 = AXIS2_PLACEMENT_3D ( 'NONE', #6390, #8843, #2143 ) ;
#6889 = VERTEX_POINT ( 'NONE', #2086 ) ;
#6890 = CARTESIAN_POINT ( 'NONE',  ( 11.51657813968698818, 8.708033914998699387, 7.178478233221556870 ) ) ;
#6891 = ORIENTED_EDGE ( 'NONE', *, *, #3737, .T. ) ;
#6892 = EDGE_CURVE ( 'NONE', #8617, #2333, #943, .T. ) ;
#6893 = AXIS2_PLACEMENT_3D ( 'NONE', #7661, #1013, #1705 ) ;
#6894 = CARTESIAN_POINT ( 'NONE',  ( 8.071049046311218333, 35.97803391499870429, 10.88179869764190499 ) ) ;
#6895 = DIRECTION ( 'NONE',  ( 0.000000000000000000, 0.000000000000000000, -1.000000000000000000 ) ) ;
#6896 = AXIS2_PLACEMENT_3D ( 'NONE', #733, #6122, #831 ) ;
#6897 = CARTESIAN_POINT ( 'NONE',  ( 7.860210608674764288, 32.40086127750058864, 10.90528977520603071 ) ) ;
#6898 = CARTESIAN_POINT ( 'NONE',  ( 7.680461323415575414, 16.83803391499869662, 11.00032785720048523 ) ) ;
#6899 = ORIENTED_EDGE ( 'NONE', *, *, #3965, .T. ) ;
#6900 = ORIENTED_EDGE ( 'NONE', *, *, #1423, .T. ) ;
#6901 = CARTESIAN_POINT ( 'NONE',  ( 10.39935912761525749, 42.64207441367450002, 8.139977122629485251 ) ) ;
#6902 = CIRCLE ( 'NONE', #2683, 5.588218919887154357 ) ;
#6903 = CARTESIAN_POINT ( 'NONE',  ( 7.380002886434978038, 39.17118877843768843, 5.214960412144477253 ) ) ;
#6904 = DIRECTION ( 'NONE',  ( 0.000000000000000000, 0.000000000000000000, 1.000000000000000000 ) ) ;
#6905 = EDGE_CURVE ( 'NONE', #3577, #8209, #7858, .T. ) ;
#6906 = DIRECTION ( 'NONE',  ( 0.7071067811865474617, 0.000000000000000000, 0.7071067811865474617 ) ) ;
#6907 = DIRECTION ( 'NONE',  ( 0.7071067811865474617, 0.000000000000000000, 0.7071067811865474617 ) ) ;
#6908 = FACE_OUTER_BOUND ( 'NONE', #7898, .T. ) ;
#6909 = CARTESIAN_POINT ( 'NONE',  ( 5.331745340123539734, 39.19999999999998153, -7.497499024879617835 ) ) ;
#6910 = CARTESIAN_POINT ( 'NONE',  ( 8.127065172579134966, 39.99999999999999289, 1.545383168813394326 ) ) ;
#6911 = ORIENTED_EDGE ( 'NONE', *, *, #1653, .F. ) ;
#6912 = ORIENTED_EDGE ( 'NONE', *, *, #5226, .F. ) ;
#6913 = LINE ( 'NONE', #201, #4931 ) ;
#6914 = CARTESIAN_POINT ( 'NONE',  ( -12.05027309511264377, 16.71803391499869562, -10.85172690488736968 ) ) ;
#6915 = CARTESIAN_POINT ( 'NONE',  ( -0.2999999999999998779, 25.10000000000000497, -10.49999999999999822 ) ) ;
#6916 = DIRECTION ( 'NONE',  ( 0.000000000000000000, -0.9999862922474268556, 0.005235963831419591756 ) ) ;
#6917 = CARTESIAN_POINT ( 'NONE',  ( 7.869726008079093837, 16.97317463348868571, 10.89945532813982965 ) ) ;
#6918 = CARTESIAN_POINT ( 'NONE',  ( 8.736302366638966532, 42.54803391499870457, 10.35911262557630330 ) ) ;
#6919 = CARTESIAN_POINT ( 'NONE',  ( 5.323656006880144176, 43.91976026090683405, 11.45689840984845276 ) ) ;
#6920 = CARTESIAN_POINT ( 'NONE',  ( 8.794352069829228569, 14.65182536158918403, 9.938844468200736415 ) ) ;
#6921 = B_SPLINE_CURVE_WITH_KNOTS ( 'NONE', 3,
 ( #3217, #1005, #9335, #7656, #7807, #4000, #955, #5563 ),
 .UNSPECIFIED., .F., .F.,
 ( 4, 2, 2, 4 ),
 ( 0.000000000000000000, 0.0008632449148854044046, 0.001294867372328107041, 0.001726489829770809677 ),
 .UNSPECIFIED. ) ;
#6922 = VERTEX_POINT ( 'NONE', #3366 ) ;
#6923 = VERTEX_POINT ( 'NONE', #3411 ) ;
#6924 = VERTEX_POINT ( 'NONE', #6337 ) ;
#6925 = EDGE_CURVE ( 'NONE', #5424, #307, #8641, .T. ) ;
#6926 = CARTESIAN_POINT ( 'NONE',  ( 6.727098962792194214, 39.75803391499869122, 11.06519926148585853 ) ) ;
#6927 = CARTESIAN_POINT ( 'NONE',  ( 0.000000000000000000, 37.39999999999999858, 0.000000000000000000 ) ) ;
#6928 = ORIENTED_EDGE ( 'NONE', *, *, #5680, .F. ) ;
#6929 = CARTESIAN_POINT ( 'NONE',  ( 7.779397535515559348, 36.92303391499869036, 10.95077164525140212 ) ) ;
#6930 = B_SPLINE_CURVE_WITH_KNOTS ( 'NONE', 3,
 ( #8223, #1519, #6062, #3778, #2312, #823, #8916, #5286, #8269, #4573, #1424, #4421 ),
 .UNSPECIFIED., .F., .F.,
 ( 4, 2, 2, 2, 2, 4 ),
 ( 0.000000000000000000, 0.0008445939887669892199, 0.001689187977533978440, 0.002111484971917475164, 0.002533781966300976875, 0.003378375955067970324 ),
 .UNSPECIFIED. ) ;
#6931 = B_SPLINE_SURFACE_WITH_KNOTS ( 'NONE', 3, 1, ( 
 ( #8608, #7870 ),
 ( #1168, #6403 ),
 ( #4167, #9446 ),
 ( #2688, #8703 ) ),
 .UNSPECIFIED., .F., .F., .F.,
 ( 4, 4 ),
 ( 2, 2 ),
 ( 0.000000000000000000, 1.000000000000000000 ),
 ( 0.000000000000000000, 1.000000000000000000 ),
 .UNSPECIFIED. ) ;
#6932 = DIRECTION ( 'NONE',  ( 0.7069990853988327162, 0.01745240643728355329, -0.7069990853988157298 ) ) ;
#6933 = CARTESIAN_POINT ( 'NONE',  ( -11.09790554670209950, 0.06208375187422961877, 5.327186072629105595 ) ) ;
#6934 = ORIENTED_EDGE ( 'NONE', *, *, #1945, .T. ) ;
#6935 = ORIENTED_EDGE ( 'NONE', *, *, #8600, .F. ) ;
#6936 = ADVANCED_FACE ( 'NONE', ( #4933 ), #5610, .T. ) ;
#6937 = EDGE_CURVE ( 'NONE', #9199, #4957, #4419, .T. ) ;
#6938 =( BOUNDED_CURVE ( )  B_SPLINE_CURVE ( 3, ( #104, #1439, #8234, #2374 ),
 .UNSPECIFIED., .F., .F. ) 
 B_SPLINE_CURVE_WITH_KNOTS ( ( 4, 4 ),
 ( 4.712388980384689674, 6.283185307179586232 ),
 .UNSPECIFIED. ) 
 CURVE ( )  GEOMETRIC_REPRESENTATION_ITEM ( )  RATIONAL_B_SPLINE_CURVE ( ( 1.000000000000000000, 0.8047378541243649375, 0.8047378541243649375, 1.000000000000000000 ) ) 
 REPRESENTATION_ITEM ( '' )  );
#6939 = VERTEX_POINT ( 'NONE', #5117 ) ;
#6940 = CARTESIAN_POINT ( 'NONE',  ( 7.479494517595469461, 27.56303391499869448, 10.75693464450925418 ) ) ;
#6941 = ORIENTED_EDGE ( 'NONE', *, *, #4071, .F. ) ;
#6942 = CARTESIAN_POINT ( 'NONE',  ( 4.449999999999998401, 43.46108315147498757, -11.44999999999999929 ) ) ;
#6943 = CARTESIAN_POINT ( 'NONE',  ( 8.550505063388332161, 44.15312584251603312, -11.44999999999999929 ) ) ;
#6944 = CARTESIAN_POINT ( 'NONE',  ( 10.94657404949885482, 15.53143994456908139, 7.057364774663178686 ) ) ;
#6945 = ORIENTED_EDGE ( 'NONE', *, *, #2079, .T. ) ;
#6946 = VERTEX_POINT ( 'NONE', #6815 ) ;
#6947 = EDGE_CURVE ( 'NONE', #355, #8082, #100, .T. ) ;
#6948 = CARTESIAN_POINT ( 'NONE',  ( -8.815570932250954783, 39.99999999999998579, -1.545383168813458274 ) ) ;
#6949 = CARTESIAN_POINT ( 'NONE',  ( 9.749857949575938321, 30.57446233198431074, 9.029158839131781633 ) ) ;
#6950 = CARTESIAN_POINT ( 'NONE',  ( 9.870088085072184825, 16.66858539598676003, 8.881795841484303011 ) ) ;
#6951 = VECTOR ( 'NONE', #5182, 1000.000000000000114 ) ;
#6952 = CARTESIAN_POINT ( 'NONE',  ( -10.56650471977573247, 40.85948984814540808, 7.975332859467649804 ) ) ;
#6953 = CARTESIAN_POINT ( 'NONE',  ( 8.977864855256211030, 27.76302301332520273, 9.789066743388078251 ) ) ;
#6954 = CARTESIAN_POINT ( 'NONE',  ( -5.153034575406771900, 39.15591825482287192, 7.317700093927212990 ) ) ;
#6955 = CARTESIAN_POINT ( 'NONE',  ( 9.550595541478212880, 17.27303391499869534, 9.682234638782027503 ) ) ;
#6956 = CARTESIAN_POINT ( 'NONE',  ( 9.909974427044771161, 36.76123853432055455, 8.834316088817212531 ) ) ;
#6957 = CARTESIAN_POINT ( 'NONE',  ( -10.03821891988718029, 7.750000000000000000, -4.449999999999998401 ) ) ;
#6958 = VERTEX_POINT ( 'NONE', #7629 ) ;
#6959 = ADVANCED_FACE ( 'NONE', ( #3196 ), #7617, .T. ) ;
#6960 = ORIENTED_EDGE ( 'NONE', *, *, #2215, .T. ) ;
#6961 = DIRECTION ( 'NONE',  ( -0.7071067811865440200, 0.000000000000000000, -0.7071067811865511255 ) ) ;
#6962 = FACE_OUTER_BOUND ( 'NONE', #7913, .T. ) ;
#6963 = CARTESIAN_POINT ( 'NONE',  ( 7.476302483458932002, 8.723033914998678640, 11.09315386534215619 ) ) ;
#6964 = DIRECTION ( 'NONE',  ( -1.000000000000000000, 0.000000000000000000, 0.000000000000000000 ) ) ;
#6965 = CARTESIAN_POINT ( 'NONE',  ( 8.701930448668816709, 31.43844072469810413, 10.39191932760972215 ) ) ;
#6966 = FACE_OUTER_BOUND ( 'NONE', #1895, .T. ) ;
#6967 = CARTESIAN_POINT ( 'NONE',  ( 9.755673388501039156, 44.70124450426038010, 8.567463026099348511 ) ) ;
#6968 = LINE ( 'NONE', #7153, #5496 ) ;
#6969 = EDGE_CURVE ( 'NONE', #7116, #6923, #8540, .T. ) ;
#6970 = EDGE_LOOP ( 'NONE', ( #5274, #6358, #6221, #9161 ) ) ;
#6971 = VERTEX_POINT ( 'NONE', #6584 ) ;
#6972 = CARTESIAN_POINT ( 'NONE',  ( 10.86979098586867742, 36.17132240341070570, 7.925295902381109592 ) ) ;
#6973 = CARTESIAN_POINT ( 'NONE',  ( 10.85952651909574485, 39.85418950000808991, 7.263888732876343290 ) ) ;
#6974 = ORIENTED_EDGE ( 'NONE', *, *, #1132, .T. ) ;
#6975 = PLANE ( 'NONE',  #2179 ) ;
#6976 = CARTESIAN_POINT ( 'NONE',  ( 11.09790554669991280, 44.93791624812539709, 4.450000000000001066 ) ) ;
#6977 = DIRECTION ( 'NONE',  ( 1.000000000000000000, 0.000000000000000000, 0.000000000000000000 ) ) ;
#6978 = CARTESIAN_POINT ( 'NONE',  ( 10.54087003517110332, 31.86803391499871196, 7.899826403553491083 ) ) ;
#6979 = ORIENTED_EDGE ( 'NONE', *, *, #4860, .F. ) ;
#6980 = EDGE_LOOP ( 'NONE', ( #78, #6928, #127, #6945 ) ) ;
#6981 = ORIENTED_EDGE ( 'NONE', *, *, #8400, .F. ) ;
#6982 = CARTESIAN_POINT ( 'NONE',  ( 11.32004230891593721, 33.77303391499871310, 6.918302792143838253 ) ) ;
#6983 = ORIENTED_EDGE ( 'NONE', *, *, #8471, .F. ) ;
#6984 = AXIS2_PLACEMENT_3D ( 'NONE', #839, #2421, #7839 ) ;
#6985 = AXIS2_PLACEMENT_3D ( 'NONE', #8655, #1858, #8014 ) ;
#6986 = CARTESIAN_POINT ( 'NONE',  ( 8.555449220610547911, 28.64573216288908952, 10.12105339279327509 ) ) ;
#6987 = ADVANCED_FACE ( 'NONE', ( #7409 ), #6142, .T. ) ;
#6988 = ADVANCED_FACE ( 'NONE', ( #1447 ), #8421, .F. ) ;
#6989 = DIRECTION ( 'NONE',  ( 0.005235892060090610242, -0.9999725850585454712, -0.005235892060090500087 ) ) ;
#6990 = ORIENTED_EDGE ( 'NONE', *, *, #3536, .F. ) ;
#6991 = CIRCLE ( 'NONE', #5571, 0.7136548544052906395 ) ;
#6992 = ORIENTED_EDGE ( 'NONE', *, *, #1531, .T. ) ;
#6993 = CARTESIAN_POINT ( 'NONE',  ( 9.691610105303446687, 31.14803391499870244, 9.101618491829340130 ) ) ;
#6994 = CARTESIAN_POINT ( 'NONE',  ( 9.499309540289004872, 24.49803397356972923, 9.722046392658826974 ) ) ;
#6995 = DIRECTION ( 'NONE',  ( -0.000000000000000000, -1.000000000000000000, -0.000000000000000000 ) ) ;
#6996 = CIRCLE ( 'NONE', #4538, 6.099999999999998757 ) ;
#6997 = CARTESIAN_POINT ( 'NONE',  ( -4.502094453300082399, 42.18721534907326998, 11.15000000000000213 ) ) ;
#6998 = CARTESIAN_POINT ( 'NONE',  ( 9.276476821345141843, 26.86839853405044209, 9.520043244109581693 ) ) ;
#6999 = DIRECTION ( 'NONE',  ( 0.000000000000000000, 0.000000000000000000, 1.000000000000000000 ) ) ;
#7000 = EDGE_CURVE ( 'NONE', #6923, #4323, #2136, .T. ) ;
#7001 = CARTESIAN_POINT ( 'NONE',  ( 10.29613109689770134, 42.30803400285406468, 8.821813262009914780 ) ) ;
#7002 = VECTOR ( 'NONE', #2812, 1000.000000000000000 ) ;
#7003 = CARTESIAN_POINT ( 'NONE',  ( 11.29336093046842926, 33.48803391499872362, 7.591657127071012923 ) ) ;
#7004 = DIRECTION ( 'NONE',  ( 0.000000000000000000, 0.000000000000000000, 1.000000000000000000 ) ) ;
#7005 = EDGE_LOOP ( 'NONE', ( #2807, #3040, #2931, #4894 ) ) ;
#7006 = ORIENTED_EDGE ( 'NONE', *, *, #9553, .T. ) ;
#7007 = CARTESIAN_POINT ( 'NONE',  ( -11.45000000000000284, 40.96211214177604631, -4.449999999999996625 ) ) ;
#7008 = B_SPLINE_SURFACE_WITH_KNOTS ( 'NONE', 3, 1, ( 
 ( #903, #1699 ),
 ( #4051, #5518 ),
 ( #8545, #7032 ),
 ( #1649, #3170 ) ),
 .UNSPECIFIED., .F., .F., .F.,
 ( 4, 4 ),
 ( 2, 2 ),
 ( 0.000000000000000000, 1.000000000000000000 ),
 ( 0.000000000000000000, 1.000000000000000000 ),
 .UNSPECIFIED. ) ;
#7009 = CARTESIAN_POINT ( 'NONE',  ( -1.531419116870791797, 39.19999999999998153, 9.071645687993029838 ) ) ;
#7010 = DIRECTION ( 'NONE',  ( -4.800193728045412717E-14, 0.000000000000000000, 1.000000000000000000 ) ) ;
#7011 = CARTESIAN_POINT ( 'NONE',  ( 9.234288360996895761, 27.12803391499869221, 9.499453600055979052 ) ) ;
#7012 = CARTESIAN_POINT ( 'NONE',  ( 9.713281797835954023, 12.03400166918291880, 9.066963619119221107 ) ) ;
#7013 = CARTESIAN_POINT ( 'NONE',  ( 7.915651612510992585, 41.12803391499871708, 10.87489368789088395 ) ) ;
#7014 = EDGE_CURVE ( 'NONE', #6359, #1264, #2943, .T. ) ;
#7015 = DIRECTION ( 'NONE',  ( 0.000000000000000000, 0.000000000000000000, 1.000000000000000000 ) ) ;
#7016 = CIRCLE ( 'NONE', #1225, 9.199999999999993960 ) ;
#7017 = CARTESIAN_POINT ( 'NONE',  ( -5.153034575406619133, 39.15591825482287192, -7.317700093927321348 ) ) ;
#7018 = VECTOR ( 'NONE', #3781, 1000.000000000000114 ) ;
#7019 = ORIENTED_EDGE ( 'NONE', *, *, #8738, .T. ) ;
#7020 = ORIENTED_EDGE ( 'NONE', *, *, #3311, .T. ) ;
#7021 = CARTESIAN_POINT ( 'NONE',  ( 9.669294974512773422, 12.50761311816372867, 9.554146534167585969 ) ) ;
#7022 = AXIS2_PLACEMENT_3D ( 'NONE', #457, #3460, #6433 ) ;
#7023 = AXIS2_PLACEMENT_3D ( 'NONE', #549, #14, #1488 ) ;
#7024 = AXIS2_PLACEMENT_3D ( 'NONE', #1727, #7628, #3098 ) ;
#7025 = DIRECTION ( 'NONE',  ( 0.7071067811865474617, 0.000000000000000000, 0.7071067811865474617 ) ) ;
#7026 = ORIENTED_EDGE ( 'NONE', *, *, #9018, .F. ) ;
#7027 = CYLINDRICAL_SURFACE ( 'NONE', #7322, 0.3000000000000028755 ) ;
#7028 = DIRECTION ( 'NONE',  ( 0.7071067811865474617, 0.000000000000000000, 0.7071067811865474617 ) ) ;
#7029 = CARTESIAN_POINT ( 'NONE',  ( -11.47751660235156557, 28.02803391499868724, -11.42448339764844611 ) ) ;
#7030 = DIRECTION ( 'NONE',  ( 0.000000000000000000, 0.000000000000000000, -1.000000000000000000 ) ) ;
#7031 = AXIS2_PLACEMENT_3D ( 'NONE', #6228, #3351, #5596 ) ;
#7032 = CARTESIAN_POINT ( 'NONE',  ( 9.863389816340561111, 6.083033914998696723, 9.364879731718064093 ) ) ;
#7033 =( GEOMETRIC_REPRESENTATION_CONTEXT ( 3 ) GLOBAL_UNCERTAINTY_ASSIGNED_CONTEXT ( ( #1345 ) ) GLOBAL_UNIT_ASSIGNED_CONTEXT ( ( #7306, #2766, #5212 ) ) REPRESENTATION_CONTEXT ( 'NONE', 'WORKASPACE' ) );
#7034 = ORIENTED_EDGE ( 'NONE', *, *, #6212, .T. ) ;
#7035 = ORIENTED_EDGE ( 'NONE', *, *, #2973, .F. ) ;
#7036 = ORIENTED_EDGE ( 'NONE', *, *, #567, .F. ) ;
#7037 = FACE_OUTER_BOUND ( 'NONE', #981, .T. ) ;
#7038 = ORIENTED_EDGE ( 'NONE', *, *, #8754, .T. ) ;
#7039 =( BOUNDED_CURVE ( )  B_SPLINE_CURVE ( 3, ( #5581, #8558, #4715, #6997 ),
 .UNSPECIFIED., .F., .T. ) 
 B_SPLINE_CURVE_WITH_KNOTS ( ( 4, 4 ),
 ( 0.000000000000000000, 1.570796326794896780 ),
 .UNSPECIFIED. ) 
 CURVE ( )  GEOMETRIC_REPRESENTATION_ITEM ( )  RATIONAL_B_SPLINE_CURVE ( ( 1.000000000000000000, 0.8047378541243649375, 0.8047378541243649375, 1.000000000000000000 ) ) 
 REPRESENTATION_ITEM ( '' )  );
#7040 = CARTESIAN_POINT ( 'NONE',  ( 8.851143352619503801, 28.55608171330440825, 9.894557566470815857 ) ) ;
#7041 = CARTESIAN_POINT ( 'NONE',  ( 7.294365486606299243, 16.68142284626950911, 10.84645818448755072 ) ) ;
#7042 = B_SPLINE_CURVE_WITH_KNOTS ( 'NONE', 3,
 ( #2098, #4985, #5177, #5817 ),
 .UNSPECIFIED., .F., .F.,
 ( 4, 4 ),
 ( 0.000000000000000000, 0.0005925052692136868315 ),
 .UNSPECIFIED. ) ;
#7043 = VERTEX_POINT ( 'NONE', #7582 ) ;
#7044 = VERTEX_POINT ( 'NONE', #6630 ) ;
#7045 = EDGE_CURVE ( 'NONE', #5271, #3680, #4670, .T. ) ;
#7046 = CARTESIAN_POINT ( 'NONE',  ( 10.41476527564234722, 31.64852583029832545, 8.116214660957989935 ) ) ;
#7047 = DIRECTION ( 'NONE',  ( 1.000000000000000000, 0.000000000000000000, -2.430759722670705684E-15 ) ) ;
#7048 = CARTESIAN_POINT ( 'NONE',  ( 11.11289014898496319, 33.44504543606989699, 7.432778072034814443 ) ) ;
#7049 = AXIS2_PLACEMENT_3D ( 'NONE', #1252, #511, #4158 ) ;
#7050 = CYLINDRICAL_SURFACE ( 'NONE', #1883, 0.3000000000000028755 ) ;
#7051 = CARTESIAN_POINT ( 'NONE',  ( -8.819913906853292573, 38.57078715550549930, -1.520436165816564378 ) ) ;
#7052 = CARTESIAN_POINT ( 'NONE',  ( 8.345882166233758781, 28.65803391499869335, 10.26567727326936641 ) ) ;
#7053 = CARTESIAN_POINT ( 'NONE',  ( 10.14662942532151924, 11.78303391499870045, 8.519716214150296452 ) ) ;
#7054 = CARTESIAN_POINT ( 'NONE',  ( 7.465118446743716163, 28.38803391499868667, 10.76377177709309763 ) ) ;
#7055 = CARTESIAN_POINT ( 'NONE',  ( 7.267143896315300999, 8.359819966674729486, 10.85819627189026271 ) ) ;
#7056 = ORIENTED_EDGE ( 'NONE', *, *, #6937, .T. ) ;
#7057 = CONICAL_SURFACE ( 'NONE', #2531, 8.949999999999993960, 0.7853981633974482790 ) ;
#7058 = ORIENTED_EDGE ( 'NONE', *, *, #7266, .F. ) ;
#7059 = EDGE_CURVE ( 'NONE', #1974, #5861, #8084, .T. ) ;
#7060 = EDGE_CURVE ( 'NONE', #2286, #2442, #8322, .T. ) ;
#7061 = CARTESIAN_POINT ( 'NONE',  ( 7.605676689841970095, 12.38298730334957831, 10.69923243207698071 ) ) ;
#7062 = CARTESIAN_POINT ( 'NONE',  ( -11.45000000000000107, 40.71038225242285336, -4.449999999999996625 ) ) ;
#7063 = CARTESIAN_POINT ( 'NONE',  ( 8.251224444632942578, 10.70423292106202950, 10.68233879572751377 ) ) ;
#7064 = CARTESIAN_POINT ( 'NONE',  ( -8.122238618328893267, 39.13255635751121275, -1.530241883712239792 ) ) ;
#7065 = CARTESIAN_POINT ( 'NONE',  ( 4.675736781012024501, 37.39999999999999858, 6.797057124571728615 ) ) ;
#7066 = CARTESIAN_POINT ( 'NONE',  ( 8.291940572989357605, 35.78303391499868980, 10.65721295217252340 ) ) ;
#7067 = FACE_OUTER_BOUND ( 'NONE', #7264, .T. ) ;
#7068 = VERTEX_POINT ( 'NONE', #2597 ) ;
#7069 = ORIENTED_EDGE ( 'NONE', *, *, #6225, .T. ) ;
#7070 = EDGE_CURVE ( 'NONE', #1112, #799, #3294, .T. ) ;
#7071 = CARTESIAN_POINT ( 'NONE',  ( 5.153034575406667983, 39.15591825482287192, 7.317700093927285820 ) ) ;
#7072 = CARTESIAN_POINT ( 'NONE',  ( 10.71456080108108644, 41.03314953415993216, 7.574097424089067943 ) ) ;
#7073 = ORIENTED_EDGE ( 'NONE', *, *, #529, .T. ) ;
#7074 = DIRECTION ( 'NONE',  ( 3.491481338843133355E-15, 0.000000000000000000, -1.000000000000000000 ) ) ;
#7075 = DIRECTION ( 'NONE',  ( 1.000000000000000000, 0.000000000000000000, 1.054672416136176755E-14 ) ) ;
#7076 = CARTESIAN_POINT ( 'NONE',  ( 11.20209445330008080, 3.994175421673473725, 4.450000000000001066 ) ) ;
#7077 = FACE_BOUND ( 'NONE', #8195, .T. ) ;
#7078 = CARTESIAN_POINT ( 'NONE',  ( -1.531419116870791797, 39.19999999999998153, 9.071645687993029838 ) ) ;
#7079 = ORIENTED_EDGE ( 'NONE', *, *, #2925, .F. ) ;
#7080 = ORIENTED_EDGE ( 'NONE', *, *, #1434, .F. ) ;
#7081 = EDGE_CURVE ( 'NONE', #8301, #3021, #2644, .T. ) ;
#7082 = DIRECTION ( 'NONE',  ( 1.000000000000000000, -0.000000000000000000, 3.367572519130504841E-15 ) ) ;
#7083 = EDGE_LOOP ( 'NONE', ( #9639, #995, #9628, #1321 ) ) ;
#7084 = CARTESIAN_POINT ( 'NONE',  ( 10.28560841914823776, 16.65803391499870401, 7.496072363481383505 ) ) ;
#7085 = CARTESIAN_POINT ( 'NONE',  ( 6.707451740561261033, 14.71065020719604277, 11.07604074545778694 ) ) ;
#7086 = ORIENTED_EDGE ( 'NONE', *, *, #3703, .F. ) ;
#7087 = ORIENTED_EDGE ( 'NONE', *, *, #5149, .F. ) ;
#7088 = EDGE_CURVE ( 'NONE', #4826, #7734, #4906, .T. ) ;
#7089 =( BOUNDED_CURVE ( )  B_SPLINE_CURVE ( 3, ( #6954, #7680, #8470, #4667 ),
 .UNSPECIFIED., .F., .T. ) 
 B_SPLINE_CURVE_WITH_KNOTS ( ( 4, 4 ),
 ( 1.398929154984637657, 1.402403865629277435 ),
 .UNSPECIFIED. ) 
 CURVE ( )  GEOMETRIC_REPRESENTATION_ITEM ( )  RATIONAL_B_SPLINE_CURVE ( ( 1.000000000000000000, 0.9999989938657476429, 0.9999989938657476429, 1.000000000000000000 ) ) 
 REPRESENTATION_ITEM ( '' )  );
#7090 = LINE ( 'NONE', #7821, #1323 ) ;
#7091 = CARTESIAN_POINT ( 'NONE',  ( 9.890300914026122214, 36.00000000000000000, -4.449999999999997513 ) ) ;
#7092 = AXIS2_PLACEMENT_3D ( 'NONE', #2206, #624, #5727 ) ;
#7093 = DIRECTION ( 'NONE',  ( -0.9848077530122072432, -0.1736481776669346888, -1.919515874690163325E-16 ) ) ;
#7094 = FACE_OUTER_BOUND ( 'NONE', #7237, .T. ) ;
#7095 = CARTESIAN_POINT ( 'NONE',  ( 10.76720880329789765, 36.70836905700458175, 8.109492255601235655 ) ) ;
#7096 = CARTESIAN_POINT ( 'NONE',  ( 10.53651525786936638, 17.20449434898721108, 8.480620312333732258 ) ) ;
#7097 = EDGE_CURVE ( 'NONE', #1744, #5770, #8413, .T. ) ;
#7098 = CARTESIAN_POINT ( 'NONE',  ( 11.48337976650551262, 39.14303391499871765, 7.145279860040226083 ) ) ;
#7099 = AXIS2_PLACEMENT_3D ( 'NONE', #309, #2480, #4830 ) ;
#7100 = CARTESIAN_POINT ( 'NONE',  ( 11.05048575883005313, 38.74488457338522096, 6.783671041360054055 ) ) ;
#7101 = ORIENTED_EDGE ( 'NONE', *, *, #4898, .T. ) ;
#7102 = ORIENTED_EDGE ( 'NONE', *, *, #2634, .T. ) ;
#7103 = CIRCLE ( 'NONE', #8035, 9.199999999999993960 ) ;
#7104 = VERTEX_POINT ( 'NONE', #6957 ) ;
#7105 = CARTESIAN_POINT ( 'NONE',  ( 7.510491810113679279, 12.56303391499868205, 10.74550553015618881 ) ) ;
#7106 = CARTESIAN_POINT ( 'NONE',  ( -0.3000000000000001554, 25.10000000000000497, 10.49999999999999822 ) ) ;
#7107 = CARTESIAN_POINT ( 'NONE',  ( 6.730131960841341687, 39.79883329710585116, 11.06823225953500689 ) ) ;
#7108 = DIRECTION ( 'NONE',  ( 0.7071067811865447972, 8.846798031642005180E-08, -0.7071067811865447972 ) ) ;
#7109 = DIRECTION ( 'NONE',  ( -0.000000000000000000, -1.000000000000000000, -0.000000000000000000 ) ) ;
#7110 = AXIS2_PLACEMENT_3D ( 'NONE', #1183, #8128, #3584 ) ;
#7111 = CARTESIAN_POINT ( 'NONE',  ( 8.176272791908507642, 28.01557634133973806, 10.37648875415357175 ) ) ;
#7112 = DIRECTION ( 'NONE',  ( 0.000000000000000000, -0.000000000000000000, -1.000000000000000000 ) ) ;
#7113 = EDGE_CURVE ( 'NONE', #5265, #7522, #130, .T. ) ;
#7114 = EDGE_CURVE ( 'NONE', #1846, #6939, #4864, .T. ) ;
#7115 = VERTEX_POINT ( 'NONE', #1031 ) ;
#7116 = VERTEX_POINT ( 'NONE', #3437 ) ;
#7117 = CARTESIAN_POINT ( 'NONE',  ( 7.503137776691511718, 39.74999999999998579, 5.323807237681005944 ) ) ;
#7118 = ORIENTED_EDGE ( 'NONE', *, *, #5743, .F. ) ;
#7119 = CARTESIAN_POINT ( 'NONE',  ( 7.844420866083750887, 35.51636818119293793, 10.57224407541434630 ) ) ;
#7120 = CARTESIAN_POINT ( 'NONE',  ( 4.449999999999998401, 5.500000000000000000, -4.449999999999998401 ) ) ;
#7121 = CARTESIAN_POINT ( 'NONE',  ( 7.861784054496540719, 10.73303391499868553, 10.24826963711518601 ) ) ;
#7122 = LINE ( 'NONE', #5376, #3270 ) ;
#7123 = EDGE_CURVE ( 'NONE', #7269, #1714, #4676, .T. ) ;
#7124 = FACE_BOUND ( 'NONE', #3543, .T. ) ;
#7125 = CARTESIAN_POINT ( 'NONE',  ( 10.04766789441854691, 4.052946003711922707, 8.751827042193118800 ) ) ;
#7126 = ORIENTED_EDGE ( 'NONE', *, *, #8299, .T. ) ;
#7127 = ORIENTED_EDGE ( 'NONE', *, *, #46, .F. ) ;
#7128 = CARTESIAN_POINT ( 'NONE',  ( -8.515368572799564717, 0.5174546990504518273, -9.807767841800842490 ) ) ;
#7129 = ORIENTED_EDGE ( 'NONE', *, *, #3207, .T. ) ;
#7130 = CARTESIAN_POINT ( 'NONE',  ( 9.373159838568572155, 28.02803391499868724, 9.426193043271693384 ) ) ;
#7131 = ADVANCED_FACE ( 'NONE', ( #2696 ), #3184, .T. ) ;
#7132 = CARTESIAN_POINT ( 'NONE',  ( 10.71313001418872979, 10.12075682406088717, 7.577801223210236081 ) ) ;
#7133 = ORIENTED_EDGE ( 'NONE', *, *, #6007, .F. ) ;
#7134 = ORIENTED_EDGE ( 'NONE', *, *, #8425, .T. ) ;
#7135 = CARTESIAN_POINT ( 'NONE',  ( 11.08650127859212020, 39.57803391499871992, 7.490863492372715982 ) ) ;
#7136 = EDGE_CURVE ( 'NONE', #5213, #2225, #469, .T. ) ;
#7137 = CARTESIAN_POINT ( 'NONE',  ( 0.000000000000000000, 42.98105607088802316, 10.14870513846345368 ) ) ;
#7138 = CARTESIAN_POINT ( 'NONE',  ( 8.949905002693169465, 39.17882631641936797, -1.531049528849091068 ) ) ;
#7139 = CARTESIAN_POINT ( 'NONE',  ( -11.44999999999999929, 0.3575260777782807153, 4.450000000000001954 ) ) ;
#7140 = CARTESIAN_POINT ( 'NONE',  ( 8.762583675752143364, 16.71803391499869562, 9.961129865977417452 ) ) ;
#7141 = ADVANCED_FACE ( 'NONE', ( #1777 ), #6385, .F. ) ;
#7142 = DIRECTION ( 'NONE',  ( 0.000000000000000000, 0.000000000000000000, 1.000000000000000000 ) ) ;
#7143 = CARTESIAN_POINT ( 'NONE',  ( 8.150718310609363471, 28.64303391499870699, 10.89782835163323682 ) ) ;
#7144 = CARTESIAN_POINT ( 'NONE',  ( -0.3570727881021316108, 36.00000000000000000, 10.49999999999999822 ) ) ;
#7145 = EDGE_LOOP ( 'NONE', ( #5992, #3963, #1695, #4546 ) ) ;
#7146 = ORIENTED_EDGE ( 'NONE', *, *, #2039, .F. ) ;
#7147 = ORIENTED_EDGE ( 'NONE', *, *, #8697, .F. ) ;
#7148 = CARTESIAN_POINT ( 'NONE',  ( 1.543928953350315769, 39.91668805191901015, 8.900408234471424151 ) ) ;
#7149 = DIRECTION ( 'NONE',  ( 0.005235892060090554731, -0.9999725850585454712, 0.005235892060090553864 ) ) ;
#7150 = DIRECTION ( 'NONE',  ( -0.000000000000000000, 1.000000000000000000, -0.000000000000000000 ) ) ;
#7151 = CARTESIAN_POINT ( 'NONE',  ( 7.673361558663605031, 16.50803391499869477, 10.42047159968741887 ) ) ;
#7152 = CARTESIAN_POINT ( 'NONE',  ( 10.11093068266872486, 11.88803391499869377, 9.082090512156346662 ) ) ;
#7153 = CARTESIAN_POINT ( 'NONE',  ( -13.25942569094169343, 39.40303391499872987, -9.642574309058320026 ) ) ;
#7154 = ORIENTED_EDGE ( 'NONE', *, *, #6389, .T. ) ;
#7155 = ORIENTED_EDGE ( 'NONE', *, *, #516, .T. ) ;
#7156 = CARTESIAN_POINT ( 'NONE',  ( 6.863342623043726221, 34.62674318161782594, 11.02096994369086325 ) ) ;
#7157 = EDGE_CURVE ( 'NONE', #2225, #8375, #7731, .T. ) ;
#7158 = FACE_OUTER_BOUND ( 'NONE', #1045, .T. ) ;
#7159 = ORIENTED_EDGE ( 'NONE', *, *, #232, .F. ) ;
#7160 = EDGE_CURVE ( 'NONE', #1990, #6384, #911, .T. ) ;
#7161 = VECTOR ( 'NONE', #6382, 1000.000000000000114 ) ;
#7162 = DIRECTION ( 'NONE',  ( -1.000000000000000000, 0.000000000000000000, -1.949127501097536693E-16 ) ) ;
#7163 = CARTESIAN_POINT ( 'NONE',  ( 10.79996686840242681, 9.998033914998705640, 7.310395099360857074 ) ) ;
#7164 = CARTESIAN_POINT ( 'NONE',  ( 11.05962746399323571, 41.67803391499871424, 7.548842491516223774 ) ) ;
#7165 = CARTESIAN_POINT ( 'NONE',  ( 7.281360521642177730, 12.96803391499868496, 10.81335908978303983 ) ) ;
#7166 = B_SPLINE_SURFACE_WITH_KNOTS ( 'NONE', 3, 1, ( 
 ( #4820, #2519 ),
 ( #9133, #8379 ),
 ( #7011, #6276 ),
 ( #3203, #7691 ) ),
 .UNSPECIFIED., .F., .F., .F.,
 ( 4, 4 ),
 ( 2, 2 ),
 ( 0.000000000000000000, 1.000000000000000000 ),
 ( 0.000000000000000000, 1.000000000000000000 ),
 .UNSPECIFIED. ) ;
#7167 = CARTESIAN_POINT ( 'NONE',  ( 8.619557479398697097, 3.538804474497458052, 9.807767841800387743 ) ) ;
#7168 = ORIENTED_EDGE ( 'NONE', *, *, #6947, .T. ) ;
#7169 = CIRCLE ( 'NONE', #6712, 7.299999999999998046 ) ;
#7170 = AXIS2_PLACEMENT_3D ( 'NONE', #6275, #3246, #6224 ) ;
#7171 = VERTEX_POINT ( 'NONE', #8563 ) ;
#7172 = CARTESIAN_POINT ( 'NONE',  ( -4.450000000000001066, 45.00000000000000000, 4.450000000000002842 ) ) ;
#7173 = EDGE_CURVE ( 'NONE', #8410, #7104, #1864, .T. ) ;
#7174 = CARTESIAN_POINT ( 'NONE',  ( 10.99451800858982686, 36.02427968618270171, 7.684294801955253718 ) ) ;
#7175 = EDGE_LOOP ( 'NONE', ( #8106, #6934, #1558, #558 ) ) ;
#7176 = EDGE_CURVE ( 'NONE', #950, #2213, #5628, .T. ) ;
#7177 = VECTOR ( 'NONE', #5751, 1000.000000000000000 ) ;
#7178 = FACE_OUTER_BOUND ( 'NONE', #8663, .T. ) ;
#7179 = ORIENTED_EDGE ( 'NONE', *, *, #8884, .F. ) ;
#7180 = ORIENTED_EDGE ( 'NONE', *, *, #7486, .T. ) ;
#7181 = DIRECTION ( 'NONE',  ( -0.9999862922474268556, -0.005235963831419591756, -5.420936552551924172E-17 ) ) ;
#7182 = EDGE_CURVE ( 'NONE', #8398, #5131, #2892, .T. ) ;
#7183 = CARTESIAN_POINT ( 'NONE',  ( 1.243444366569312898E-15, 42.98105607088802316, -10.14870513846345368 ) ) ;
#7184 = DIRECTION ( 'NONE',  ( 0.7071067811865474617, 0.000000000000000000, 0.7071067811865474617 ) ) ;
#7185 = PLANE ( 'NONE',  #4141 ) ;
#7186 = CARTESIAN_POINT ( 'NONE',  ( 11.01064875815101907, 42.26303391499872930, 8.030193871563916730 ) ) ;
#7187 = CARTESIAN_POINT ( 'NONE',  ( 6.995967294016987914, 24.07303397356893626, 11.29164092435402722 ) ) ;
#7188 = CARTESIAN_POINT ( 'NONE',  ( 11.09315374258439491, 8.738033914998714735, 7.476302752929233186 ) ) ;
#7189 = DIRECTION ( 'NONE',  ( 0.7071067811865474617, 0.000000000000000000, 0.7071067811865474617 ) ) ;
#7190 = ORIENTED_EDGE ( 'NONE', *, *, #3822, .F. ) ;
#7191 = ORIENTED_EDGE ( 'NONE', *, *, #4444, .T. ) ;
#7192 = ORIENTED_EDGE ( 'NONE', *, *, #5149, .T. ) ;
#7193 = VECTOR ( 'NONE', #23, 1000.000000000000114 ) ;
#7194 = EDGE_CURVE ( 'NONE', #151, #6797, #125, .T. ) ;
#7195 = CARTESIAN_POINT ( 'NONE',  ( 10.25715521048178580, 16.49303391499870486, 8.358573699109985711 ) ) ;
#7196 = CARTESIAN_POINT ( 'NONE',  ( 10.46290316347415761, 35.88803391499870798, 8.033991566212536739 ) ) ;
#7197 = CARTESIAN_POINT ( 'NONE',  ( 8.194096300329524851, 16.61285858576800578, 10.71883963474345158 ) ) ;
#7198 = CARTESIAN_POINT ( 'NONE',  ( 9.635868175870527352, 12.13556549028701603, 9.152722607018940693 ) ) ;
#7199 = CARTESIAN_POINT ( 'NONE',  ( 9.830686459388036980, 11.88803391499869377, 8.801846288875658786 ) ) ;
#7200 = AXIS2_PLACEMENT_3D ( 'NONE', #2111, #2740, #5729 ) ;
#7201 = ORIENTED_EDGE ( 'NONE', *, *, #2565, .F. ) ;
#7202 = CARTESIAN_POINT ( 'NONE',  ( 8.287655022875901167, 17.21858937672535816, 10.30562882163926197 ) ) ;
#7203 = EDGE_CURVE ( 'NONE', #6840, #3761, #4319, .T. ) ;
#7204 = CARTESIAN_POINT ( 'NONE',  ( 11.05962746399323571, 41.67803391499871424, 7.548842491516223774 ) ) ;
#7205 = ORIENTED_EDGE ( 'NONE', *, *, #2238, .T. ) ;
#7206 = CARTESIAN_POINT ( 'NONE',  ( 9.586692155119870051, 28.02803391499868724, 9.639725359822991280 ) ) ;
#7207 = CARTESIAN_POINT ( 'NONE',  ( 9.024909518535555009, 27.89303391499870699, 10.13860289501850076 ) ) ;
#7208 = PLANE ( 'NONE',  #6868 ) ;
#7209 = DIRECTION ( 'NONE',  ( 0.000000000000000000, 0.000000000000000000, 1.000000000000000000 ) ) ;
#7210 = CARTESIAN_POINT ( 'NONE',  ( -4.397905546699920620, 1.243474522621360379, 11.15000000000000213 ) ) ;
#7211 = EDGE_CURVE ( 'NONE', #5576, #1322, #9012, .T. ) ;
#7212 = DIRECTION ( 'NONE',  ( -0.000000000000000000, 1.000000000000000000, -0.000000000000000000 ) ) ;
#7213 = EDGE_LOOP ( 'NONE', ( #7146, #3076, #7026, #5078 ) ) ;
#7214 = ORIENTED_EDGE ( 'NONE', *, *, #6106, .T. ) ;
#7215 = FACE_OUTER_BOUND ( 'NONE', #7940, .T. ) ;
#7216 = CARTESIAN_POINT ( 'NONE',  ( 11.15237421589710642, 35.51832867004501537, 7.345632235212979033 ) ) ;
#7217 = ORIENTED_EDGE ( 'NONE', *, *, #3770, .F. ) ;
#7218 = FACE_OUTER_BOUND ( 'NONE', #4187, .T. ) ;
#7219 = FACE_OUTER_BOUND ( 'NONE', #1870, .T. ) ;
#7220 = CARTESIAN_POINT ( 'NONE',  ( 1.530906052133328643, 39.17060654087663352, -8.902643575635988071 ) ) ;
#7221 = CARTESIAN_POINT ( 'NONE',  ( 9.692312479936818548, 17.27303391499870244, 8.875604343780430838 ) ) ;
#7222 = EDGE_CURVE ( 'NONE', #3199, #4935, #2483, .T. ) ;
#7223 = VERTEX_POINT ( 'NONE', #9649 ) ;
#7224 = ADVANCED_FACE ( 'NONE', ( #5049 ), #483, .T. ) ;
#7225 = EDGE_LOOP ( 'NONE', ( #775, #1411, #3609, #3148 ) ) ;
#7226 = CARTESIAN_POINT ( 'NONE',  ( 9.509682458742021893, 31.14803391499869889, 8.926319560377260487 ) ) ;
#7227 = FACE_OUTER_BOUND ( 'NONE', #9106, .T. ) ;
#7228 = CARTESIAN_POINT ( 'NONE',  ( 8.818141051064230851, 39.15591825482287192, -1.530649667146545045 ) ) ;
#7229 = CARTESIAN_POINT ( 'NONE',  ( 9.070019801569770834, 39.74999999999998579, 1.541019402581343067 ) ) ;
#7230 = B_SPLINE_CURVE_WITH_KNOTS ( 'NONE', 3,
 ( #4045, #7750, #9241, #2617 ),
 .UNSPECIFIED., .F., .F.,
 ( 4, 4 ),
 ( 1.999999999988134037E-07, 0.002745200087855370705 ),
 .UNSPECIFIED. ) ;
#7231 = CARTESIAN_POINT ( 'NONE',  ( -9.281949850653310463, 23.42303400285407022, -13.62005014934670122 ) ) ;
#7232 = CARTESIAN_POINT ( 'NONE',  ( -5.140799068026101537, 39.99999999999998579, -7.326300904425226079 ) ) ;
#7233 = CARTESIAN_POINT ( 'NONE',  ( 11.03393632440829641, 38.21303391499871793, 6.759476028249795654 ) ) ;
#7234 = CARTESIAN_POINT ( 'NONE',  ( 8.052220959737464767, 16.50803391499869477, 10.79933100076127950 ) ) ;
#7235 = EDGE_LOOP ( 'NONE', ( #3614, #8792, #7684, #4518 ) ) ;
#7236 = EDGE_CURVE ( 'NONE', #1035, #7967, #7169, .T. ) ;
#7237 = EDGE_LOOP ( 'NONE', ( #3520, #4096, #2236, #5652 ) ) ;
#7238 = ORIENTED_EDGE ( 'NONE', *, *, #7765, .F. ) ;
#7239 =( BOUNDED_CURVE ( )  B_SPLINE_CURVE ( 3, ( #7771, #4713, #5532, #7724 ),
 .UNSPECIFIED., .F., .T. ) 
 B_SPLINE_CURVE_WITH_KNOTS ( ( 4, 4 ),
 ( 1.402500893643991775, 1.403559262272814800 ),
 .UNSPECIFIED. ) 
 CURVE ( )  GEOMETRIC_REPRESENTATION_ITEM ( )  RATIONAL_B_SPLINE_CURVE ( ( 1.000000000000000000, 0.9999999066546558790, 0.9999999066546558790, 1.000000000000000000 ) ) 
 REPRESENTATION_ITEM ( '' )  );
#7240 = B_SPLINE_SURFACE_WITH_KNOTS ( 'NONE', 2, 1, ( 
 ( #4952, #1273 ),
 ( #4217, #1076 ),
 ( #8711, #9355 ) ),
 .UNSPECIFIED., .F., .F., .F.,
 ( 3, 3 ),
 ( 2, 2 ),
 ( 0.000000000000000000, 1.000000000000000000 ),
 ( 0.000000000000000000, 1.000000000000000000 ),
 .UNSPECIFIED. ) ;
#7241 = CARTESIAN_POINT ( 'NONE',  ( 8.751827042193127681, 44.18710297504284057, -10.04766789441853980 ) ) ;
#7242 = CARTESIAN_POINT ( 'NONE',  ( 11.45000000000304219, 4.037887858224336490, -5.360635929861795823 ) ) ;
#7243 = FACE_OUTER_BOUND ( 'NONE', #4584, .T. ) ;
#7244 = DIRECTION ( 'NONE',  ( 0.000000000000000000, 0.000000000000000000, 1.000000000000000000 ) ) ;
#7245 = CARTESIAN_POINT ( 'NONE',  ( 10.01547126720853775, 11.96303391499870017, 9.177549927616531988 ) ) ;
#7246 = AXIS2_PLACEMENT_3D ( 'NONE', #546, #3454, #4146 ) ;
#7247 = CARTESIAN_POINT ( 'NONE',  ( -4.450000000000001066, 1.538916848525010650, 11.15000000000000213 ) ) ;
#7248 = ORIENTED_EDGE ( 'NONE', *, *, #5570, .F. ) ;
#7249 = EDGE_CURVE ( 'NONE', #1129, #8247, #6081, .T. ) ;
#7250 = VERTEX_POINT ( 'NONE', #2742 ) ;
#7251 = CARTESIAN_POINT ( 'NONE',  ( 7.083243542918261859, 35.23265767099423584, 10.93638746995187994 ) ) ;
#7252 = CARTESIAN_POINT ( 'NONE',  ( 10.70020009722385090, 31.75181142644988697, 8.223519885164748189 ) ) ;
#7253 = CARTESIAN_POINT ( 'NONE',  ( 8.117380341247846687, 38.26588799863373680, -1.515114131236688477 ) ) ;
#7254 = CARTESIAN_POINT ( 'NONE',  ( 11.04603306660773576, 37.37303391499870742, 7.577674501001897767 ) ) ;
#7255 = ADVANCED_FACE ( 'NONE', ( #2012 ), #3281, .F. ) ;
#7256 = CIRCLE ( 'NONE', #6166, 8.949999999999999289 ) ;
#7257 = CARTESIAN_POINT ( 'NONE',  ( 11.47571524761911377, 40.58303391499871537, 7.137615341153837889 ) ) ;
#7258 = LINE ( 'NONE', #9526, #1386 ) ;
#7259 = FACE_OUTER_BOUND ( 'NONE', #6292, .T. ) ;
#7260 = ORIENTED_EDGE ( 'NONE', *, *, #5570, .T. ) ;
#7261 = EDGE_LOOP ( 'NONE', ( #5411, #6647, #6891, #3850 ) ) ;
#7262 = CYLINDRICAL_SURFACE ( 'NONE', #626, 6.999999999999999112 ) ;
#7263 = CARTESIAN_POINT ( 'NONE',  ( 11.06823215902974056, 39.88718299819807811, 6.730132252564454021 ) ) ;
#7264 = EDGE_LOOP ( 'NONE', ( #2290, #7605, #5566, #6113 ) ) ;
#7265 = CARTESIAN_POINT ( 'NONE',  ( 7.139912028847207104, 10.34529156042413156, 10.91363994344299826 ) ) ;
#7266 = EDGE_CURVE ( 'NONE', #6048, #6296, #5094, .T. ) ;
#7267 = DIRECTION ( 'NONE',  ( 0.9848073459443263955, 0.1736481058898843022, 0.0009092276653033580600 ) ) ;
#7268 = DIRECTION ( 'NONE',  ( 0.000000000000000000, 0.000000000000000000, 1.000000000000000000 ) ) ;
#7269 = VERTEX_POINT ( 'NONE', #6804 ) ;
#7270 = ORIENTED_EDGE ( 'NONE', *, *, #2403, .F. ) ;
#7271 = DIRECTION ( 'NONE',  ( 0.7071067811865474617, 0.000000000000000000, 0.7071067811865474617 ) ) ;
#7272 = CARTESIAN_POINT ( 'NONE',  ( 10.46772840316748443, 31.20803391499871893, 8.760065722716117165 ) ) ;
#7273 = CARTESIAN_POINT ( 'NONE',  ( -1.531049528849122376, 39.17882631641936797, -8.949905002693164136 ) ) ;
#7274 = ADVANCED_FACE ( 'NONE', ( #5968 ), #5000, .F. ) ;
#7275 = ADVANCED_FACE ( 'NONE', ( #3037 ), #8220, .T. ) ;
#7276 = CARTESIAN_POINT ( 'NONE',  ( 10.04999999999999893, 5.500000000000000000, 4.450000000000001954 ) ) ;
#7277 = CARTESIAN_POINT ( 'NONE',  ( 10.30999882711942561, 5.483033914998699743, 8.920534198201883314 ) ) ;
#7278 = CARTESIAN_POINT ( 'NONE',  ( 8.773190277469947063, 14.60303391499869541, 9.950523264259613754 ) ) ;
#7279 = CARTESIAN_POINT ( 'NONE',  ( -1.541019402581311315, 39.74999999999998579, -9.070019801569776163 ) ) ;
#7280 = CARTESIAN_POINT ( 'NONE',  ( 8.217168068210206400, 35.70445236991262306, 10.70289748365298266 ) ) ;
#7281 = CARTESIAN_POINT ( 'NONE',  ( 9.190699807346131678, 27.76298872078537627, 10.00184257854980885 ) ) ;
#7282 = VERTEX_POINT ( 'NONE', #6017 ) ;
#7283 = ORIENTED_EDGE ( 'NONE', *, *, #2457, .F. ) ;
#7284 = ORIENTED_EDGE ( 'NONE', *, *, #1570, .T. ) ;
#7285 = CARTESIAN_POINT ( 'NONE',  ( 8.371240954414608026, 11.87303400285404820, 10.24860926235090730 ) ) ;
#7286 = CARTESIAN_POINT ( 'NONE',  ( 4.449999999999986855, 3.108226976830390953, -11.44999999999999929 ) ) ;
#7287 = EDGE_CURVE ( 'NONE', #6830, #2141, #2308, .T. ) ;
#7288 = CARTESIAN_POINT ( 'NONE',  ( 10.85548325153118476, 17.88803400285406298, 7.259845073083628364 ) ) ;
#7289 = DIRECTION ( 'NONE',  ( 0.000000000000000000, 0.000000000000000000, 1.000000000000000000 ) ) ;
#7290 = CARTESIAN_POINT ( 'NONE',  ( -7.497499024879672902, 39.19999999999998153, 5.331745340123459798 ) ) ;
#7291 = CARTESIAN_POINT ( 'NONE',  ( 7.519905655965668956, 44.99999999999999289, 11.07311703531426161 ) ) ;
#7293 = B_SPLINE_CURVE_WITH_KNOTS ( 'NONE', 3,
 ( #4428, #1283, #6665, #639, #5008, #2797, #5838, #9659, #687, #1375 ),
 .UNSPECIFIED., .F., .F.,
 ( 4, 2, 2, 2, 4 ),
 ( 0.000000000000000000, 0.0007356018307288912823, 0.001471203661457782565, 0.002206805492186673847, 0.002942407322915565129 ),
 .UNSPECIFIED. ) ;
#7292 = DIRECTION ( 'NONE',  ( -0.000000000000000000, 1.000000000000000000, -0.000000000000000000 ) ) ;
#7294 = ORIENTED_EDGE ( 'NONE', *, *, #7088, .T. ) ;
#7295 =( BOUNDED_SURFACE ( )  B_SPLINE_SURFACE ( 3, 2, ( 
 ( #9129, #7007, #5349 ),
 ( #8428, #9077, #3152 ),
 ( #3299, #6273, #4723 ),
 ( #1824, #9173, #2558 ),
 ( #884, #9271, #250 ),
 ( #4817, #7687, #5542 ),
 ( #6127, #983, #3833 ),
 ( #3101, #6819, #6077 ),
 ( #2373, #7634, #2466 ),
 ( #933, #5498, #3930 ) ),
 .UNSPECIFIED., .F., .F., .F. ) 
 B_SPLINE_SURFACE_WITH_KNOTS ( ( 4, 2, 2, 2, 4 ),
 ( 3, 3 ),
 ( -0.000000000000000000, 0.3926990816987241395, 0.7853981633974482790, 1.178097245096172418, 1.570796326794896558 ),
 ( 0.000000000000000000, 1.000000000000000000 ),
 .UNSPECIFIED. ) 
 GEOMETRIC_REPRESENTATION_ITEM ( )  RATIONAL_B_SPLINE_SURFACE ( (
 ( 1.000000000000000000, 0.7660444431189809000, 1.000000000000000000),
 ( 1.000000000000000000, 0.7660498913270904486, 1.000000000000000000),
 ( 1.000000000000000000, 0.7645733717318476952, 1.000000000000000000),
 ( 1.000000000000000000, 0.7588635302791042481, 1.000000000000000000),
 ( 1.000000000000000000, 0.7546251424891593507, 1.000000000000000000),
 ( 1.000000000000000000, 0.7438993344340406599, 1.000000000000000000),
 ( 1.000000000000000000, 0.7374130120238080455, 1.000000000000000000),
 ( 1.000000000000000000, 0.7230336872114087043, 1.000000000000000000),
 ( 1.000000000000000000, 0.7151467540055955752, 1.000000000000000000),
 ( 1.000000000000000000, 0.7071067811865475727, 1.000000000000000000) ) ) 
 REPRESENTATION_ITEM ( '' )  SURFACE ( )  );
#7296 = ORIENTED_EDGE ( 'NONE', *, *, #2769, .F. ) ;
#7297 = CARTESIAN_POINT ( 'NONE',  ( 5.161510209807418370, 38.57078715550567694, -7.311731656227602905 ) ) ;
#7298 = CARTESIAN_POINT ( 'NONE',  ( 6.797057124571712627, 37.39999999999999858, -4.675736781012050258 ) ) ;
#7299 = CARTESIAN_POINT ( 'NONE',  ( 0.000000000000000000, 44.20218114339339621, 0.000000000000000000 ) ) ;
#7300 = EDGE_CURVE ( 'NONE', #7571, #8757, #5043, .T. ) ;
#7301 = DIRECTION ( 'NONE',  ( 0.000000000000000000, 1.486905836551549079E-15, -1.000000000000000000 ) ) ;
#7302 = CARTESIAN_POINT ( 'NONE',  ( -9.071645687993013851, 39.19999999999998153, -1.531419116870886610 ) ) ;
#7303 = DIRECTION ( 'NONE',  ( 2.533865751426797207E-15, -0.000000000000000000, 1.000000000000000000 ) ) ;
#7304 = CARTESIAN_POINT ( 'NONE',  ( -9.281949850653310463, 23.42303400285407022, -13.62005014934670122 ) ) ;
#7305 = DIRECTION ( 'NONE',  ( 1.000000000000000000, -0.000000000000000000, 2.338953001317042059E-15 ) ) ;
#7306 =( LENGTH_UNIT ( ) NAMED_UNIT ( * ) SI_UNIT ( .MILLI., .METRE. ) );
#7307 = ORIENTED_EDGE ( 'NONE', *, *, #1910, .T. ) ;
#7308 = VERTEX_POINT ( 'NONE', #9057 ) ;
#7309 = CARTESIAN_POINT ( 'NONE',  ( -10.25227434991371922, 0.2111913475968148213, -7.824247165490513467 ) ) ;
#7310 = AXIS2_PLACEMENT_3D ( 'NONE', #5328, #4512, #5140 ) ;
#7311 = CARTESIAN_POINT ( 'NONE',  ( 10.97749056593491801, 36.06721032923510961, 7.718549439010398139 ) ) ;
#7312 = B_SPLINE_CURVE_WITH_KNOTS ( 'NONE', 3,
 ( #4601, #9096, #2387, #5364 ),
 .UNSPECIFIED., .F., .F.,
 ( 4, 4 ),
 ( 0.002359345472911369892, 0.002716084575512250823 ),
 .UNSPECIFIED. ) ;
#7313 = ORIENTED_EDGE ( 'NONE', *, *, #6388, .T. ) ;
#7314 = ADVANCED_FACE ( 'NONE', ( #9700 ), #3425, .T. ) ;
#7315 = CARTESIAN_POINT ( 'NONE',  ( 7.305748502354417973, 37.98548048166743740, -5.169975462124866361 ) ) ;
#7316 = FACE_OUTER_BOUND ( 'NONE', #2849, .T. ) ;
#7317 = CARTESIAN_POINT ( 'NONE',  ( 1.531419116870791797, 39.19999999999998153, -9.071645687993029838 ) ) ;
#7318 = AXIS2_PLACEMENT_3D ( 'NONE', #1503, #8155, #6004 ) ;
#7319 = ORIENTED_EDGE ( 'NONE', *, *, #5202, .F. ) ;
#7320 = ORIENTED_EDGE ( 'NONE', *, *, #6343, .T. ) ;
#7321 = CARTESIAN_POINT ( 'NONE',  ( 11.04023396601411022, 9.504531372958018309, 6.810078793610805370 ) ) ;
#7322 = AXIS2_PLACEMENT_3D ( 'NONE', #5326, #3079, #3317 ) ;
#7323 = ORIENTED_EDGE ( 'NONE', *, *, #9210, .F. ) ;
#7324 = VECTOR ( 'NONE', #9288, 1000.000000000000114 ) ;
#7325 = CONICAL_SURFACE ( 'NONE', #3276, 5.599999999999979217, 0.005235987755983000265 ) ;
#7326 = AXIS2_PLACEMENT_3D ( 'NONE', #917, #3911, #2450 ) ;
#7327 = CARTESIAN_POINT ( 'NONE',  ( 7.499380008969043665, 39.38334975541578586, -5.329100300745876595 ) ) ;
#7328 = CARTESIAN_POINT ( 'NONE',  ( 7.219537283611844103, 14.47441360354257256, 10.87881507236629730 ) ) ;
#7329 = CARTESIAN_POINT ( 'NONE',  ( -0.3570727881021313888, 36.00000000000000000, 7.442927211897868212 ) ) ;
#7330 = LINE ( 'NONE', #625, #7335 ) ;
#7331 = CARTESIAN_POINT ( 'NONE',  ( 10.74966134798091311, 31.10127512125619376, 8.143238748603490507 ) ) ;
#7332 = DIRECTION ( 'NONE',  ( 0.7071067811865474617, 0.000000000000000000, 0.7071067811865474617 ) ) ;
#7333 = CARTESIAN_POINT ( 'NONE',  ( 4.449999999999999289, 23.43803400285404237, 4.450000000000001954 ) ) ;
#7334 = ORIENTED_EDGE ( 'NONE', *, *, #9029, .F. ) ;
#7335 = VECTOR ( 'NONE', #2739, 1000.000000000000114 ) ;
#7336 = ORIENTED_EDGE ( 'NONE', *, *, #8366, .T. ) ;
#7337 = ADVANCED_FACE ( 'NONE', ( #3912 ), #7482, .T. ) ;
#7338 = VERTEX_POINT ( 'NONE', #7569 ) ;
#7339 = DIRECTION ( 'NONE',  ( 0.000000000000000000, 0.000000000000000000, 1.000000000000000000 ) ) ;
#7340 = CARTESIAN_POINT ( 'NONE',  ( -8.949999999999988631, 39.99999999999999289, -1.545383168813393882 ) ) ;
#7341 = AXIS2_PLACEMENT_3D ( 'NONE', #3479, #4121, #3570 ) ;
#7342 =( NAMED_UNIT ( * ) SI_UNIT ( $, .STERADIAN. ) SOLID_ANGLE_UNIT ( ) );
#7344 = DIRECTION ( 'NONE',  ( -1.047444401652940007E-14, 0.000000000000000000, 1.000000000000000000 ) ) ;
#7343 =( BOUNDED_CURVE ( )  B_SPLINE_CURVE ( 3, ( #3959, #1985, #3225, #2496 ),
 .UNSPECIFIED., .F., .T. ) 
 B_SPLINE_CURVE_WITH_KNOTS ( ( 4, 4 ),
 ( 1.398929154984637657, 1.402403865629277435 ),
 .UNSPECIFIED. ) 
 CURVE ( )  GEOMETRIC_REPRESENTATION_ITEM ( )  RATIONAL_B_SPLINE_CURVE ( ( 1.000000000000000000, 0.9999989938657476429, 0.9999989938657476429, 1.000000000000000000 ) ) 
 REPRESENTATION_ITEM ( '' )  );
#7345 = CARTESIAN_POINT ( 'NONE',  ( 7.406501704671296871, 35.42034088684547299, 11.12559367436469238 ) ) ;
#7346 = CARTESIAN_POINT ( 'NONE',  ( -6.797057124571646902, 37.39999999999999858, -4.675736781012143517 ) ) ;
#7347 = CARTESIAN_POINT ( 'NONE',  ( 4.449999999999999289, 16.70303420994103050, 4.450000000000001954 ) ) ;
#7348 = EDGE_CURVE ( 'NONE', #3315, #6061, #724, .T. ) ;
#7349 = ADVANCED_FACE ( 'NONE', ( #6111 ), #1697, .T. ) ;
#7350 = VECTOR ( 'NONE', #8633, 1000.000000000000000 ) ;
#7351 = EDGE_LOOP ( 'NONE', ( #2808, #8253, #535, #4570 ) ) ;
#7352 = CARTESIAN_POINT ( 'NONE',  ( 0.000000000000000000, 39.99999999999998579, 0.000000000000000000 ) ) ;
#7353 = CARTESIAN_POINT ( 'NONE',  ( 7.735471587729107590, 41.93303391499870258, 10.63107405280222295 ) ) ;
#7354 = CARTESIAN_POINT ( 'NONE',  ( 10.63244950672748246, 31.64836895230368441, 8.334175854493945934 ) ) ;
#7355 = B_SPLINE_CURVE_WITH_KNOTS ( 'NONE', 3,
 ( #9417, #4962, #5885, #7345, #7934, #8872, #588, #2798, #4181, #5009 ),
 .UNSPECIFIED., .F., .F.,
 ( 4, 2, 2, 2, 4 ),
 ( 0.000000000000000000, 0.0006510341605010897285, 0.001302068321002179457, 0.001953102481503269077, 0.002604136642004358914 ),
 .UNSPECIFIED. ) ;
#7356 = CARTESIAN_POINT ( 'NONE',  ( 9.830643994629227223, 27.57803391499869505, 9.395773520313634108 ) ) ;
#7357 = AXIS2_PLACEMENT_3D ( 'NONE', #6486, #3556, #2093 ) ;
#7358 = CARTESIAN_POINT ( 'NONE',  ( 8.815570932250965441, 39.99999999999998579, 1.545383168813396546 ) ) ;
#7359 = CARTESIAN_POINT ( 'NONE',  ( 7.776603303409402201, 36.92303391499869036, 10.94797741314524409 ) ) ;
#7360 = B_SPLINE_CURVE_WITH_KNOTS ( 'NONE', 3,
 ( #1028, #7096, #6265, #5537, #2642, #9265, #7775, #3382, #3972, #337, #6955, #1819 ),
 .UNSPECIFIED., .F., .F.,
 ( 4, 2, 2, 2, 2, 4 ),
 ( 8.673617379884035472E-18, 0.0001199165242998537716, 0.0002398330485996988696, 0.0004796660971993860841, 0.0009593321943987605672, 0.001918664388797509859 ),
 .UNSPECIFIED. ) ;
#7361 = CARTESIAN_POINT ( 'NONE',  ( 11.06205778062498091, 41.67803391499871424, 7.551272808147969862 ) ) ;
#7362 = CARTESIAN_POINT ( 'NONE',  ( 9.287124986566215767, 26.61803391499869420, 9.509863818754098475 ) ) ;
#7363 = CARTESIAN_POINT ( 'NONE',  ( 7.778174593052032293, 37.39999999999999858, -5.656854249492367259 ) ) ;
#7364 = ORIENTED_EDGE ( 'NONE', *, *, #1209, .T. ) ;
#7365 = EDGE_CURVE ( 'NONE', #262, #5569, #4114, .T. ) ;
#7366 = VERTEX_POINT ( 'NONE', #8170 ) ;
#7367 = AXIS2_PLACEMENT_3D ( 'NONE', #1470, #1566, #8357 ) ;
#7368 = CARTESIAN_POINT ( 'NONE',  ( 9.355305889799961250, 5.495296532922972155, 9.858993789726904211 ) ) ;
#7369 = CARTESIAN_POINT ( 'NONE',  ( 6.839453812875188277, 39.99999999999999289, 4.653951976476279562 ) ) ;
#7370 = ORIENTED_EDGE ( 'NONE', *, *, #3227, .T. ) ;
#7371 = CARTESIAN_POINT ( 'NONE',  ( 9.642722643487767087, 26.48303391499869619, 9.144212558865378426 ) ) ;
#7372 = CARTESIAN_POINT ( 'NONE',  ( 9.025191999362643713, 42.68303391499868837, 10.20252498615244896 ) ) ;
#7373 = CARTESIAN_POINT ( 'NONE',  ( -10.50000000000000000, 25.10000000000000497, 0.2999999999999632405 ) ) ;
#7374 = LINE ( 'NONE', #1459, #1857 ) ;
#7375 = ORIENTED_EDGE ( 'NONE', *, *, #6351, .F. ) ;
#7376 = EDGE_CURVE ( 'NONE', #198, #7701, #3750, .T. ) ;
#7377 = VERTEX_POINT ( 'NONE', #88 ) ;
#7378 = B_SPLINE_CURVE_WITH_KNOTS ( 'NONE', 3,
 ( #5122, #1205, #8645, #2725, #8051, #4251, #7216, #3513, #6638, #7174, #7311, #9585, #611, #2677 ),
 .UNSPECIFIED., .F., .F.,
 ( 4, 2, 2, 2, 2, 2, 4 ),
 ( 0.000000000000000000, 0.0006812527332935094937, 0.001362505466587018987, 0.002043758199880528481, 0.002384384566527283228, 0.002554697749850661035, 0.002725010933174039276 ),
 .UNSPECIFIED. ) ;
#7379 = DIRECTION ( 'NONE',  ( 0.005235892060090556466, 0.9999725850585454712, 0.005235892060090573813 ) ) ;
#7380 = ORIENTED_EDGE ( 'NONE', *, *, #248, .T. ) ;
#7381 = CARTESIAN_POINT ( 'NONE',  ( 9.356602772237684107, 16.70303391499869505, 9.855113249088274685 ) ) ;
#7382 = CARTESIAN_POINT ( 'NONE',  ( 7.577775862280902608, 16.22274890483792120, 10.71297376074552332 ) ) ;
#7383 = CARTESIAN_POINT ( 'NONE',  ( 9.071105419317518681, 39.38334975541580008, 1.534619498756179201 ) ) ;
#7384 = CARTESIAN_POINT ( 'NONE',  ( -10.57799311167915057, 0.1537583417746020420, -8.039008516785550285 ) ) ;
#7385 = CARTESIAN_POINT ( 'NONE',  ( -4.450000000000001066, 36.00000000000000000, 4.450000000000002842 ) ) ;
#7386 = LINE ( 'NONE', #679, #4548 ) ;
#7387 = CARTESIAN_POINT ( 'NONE',  ( 7.025743564099895089, 27.24434999316192929, 11.28050240059517506 ) ) ;
#7388 = VERTEX_POINT ( 'NONE', #8310 ) ;
#7389 = ORIENTED_EDGE ( 'NONE', *, *, #5880, .T. ) ;
#7390 = CARTESIAN_POINT ( 'NONE',  ( -7.311731656227654419, 38.57078715550544246, 5.161510209807343763 ) ) ;
#7391 = CARTESIAN_POINT ( 'NONE',  ( 11.26193410606299672, 8.738033914998714735, 7.645083116407835000 ) ) ;
#7392 = CARTESIAN_POINT ( 'NONE',  ( -4.450000000000000178, 41.89177302316960549, 11.45000000000000107 ) ) ;
#7393 = CARTESIAN_POINT ( 'NONE',  ( -4.450000000000001066, 1.234288864959286469, 10.57233541538670707 ) ) ;
#7394 = CARTESIAN_POINT ( 'NONE',  ( -10.57799311167914524, 0.1537583417746046510, 4.450000000000005507 ) ) ;
#7395 = ADVANCED_FACE ( 'NONE', ( #7434 ), #202, .T. ) ;
#7396 = CARTESIAN_POINT ( 'NONE',  ( 10.04999999999997584, 5.500000000000000000, -4.449999999999997513 ) ) ;
#7397 = DIRECTION ( 'NONE',  ( 0.7071067811865474617, 0.000000000000000000, 0.7071067811865474617 ) ) ;
#7398 = EDGE_LOOP ( 'NONE', ( #1835, #399, #6233, #7610 ) ) ;
#7399 = CARTESIAN_POINT ( 'NONE',  ( 7.481889806102318019, 27.56303391499869448, 10.75932993301610274 ) ) ;
#7400 =( BOUNDED_CURVE ( )  B_SPLINE_CURVE ( 3, ( #5790, #8775, #5058, #1233 ),
 .UNSPECIFIED., .F., .T. ) 
 B_SPLINE_CURVE_WITH_KNOTS ( ( 4, 4 ),
 ( 1.617045708685985073, 2.004468097289565875 ),
 .UNSPECIFIED. ) 
 CURVE ( )  GEOMETRIC_REPRESENTATION_ITEM ( )  RATIONAL_B_SPLINE_CURVE ( ( 1.000000000000000000, 0.9875310547499835945, 0.9875310547499835945, 1.000000000000000000 ) ) 
 REPRESENTATION_ITEM ( '' )  );
#7401 = CARTESIAN_POINT ( 'NONE',  ( 7.447101363413963782, 14.27303391499868468, 11.10637915216841343 ) ) ;
#7402 = CARTESIAN_POINT ( 'NONE',  ( 7.683014169854487818, 16.99686524170402890, 10.65879796647742417 ) ) ;
#7403 = CYLINDRICAL_SURFACE ( 'NONE', #8324, 8.949999999999999289 ) ;
#7404 = DIRECTION ( 'NONE',  ( 0.7071067811865474617, 0.000000000000000000, 0.7071067811865474617 ) ) ;
#7405 = CARTESIAN_POINT ( 'NONE',  ( -7.499999999999999112, 25.10000000000000497, -0.3000000000000260791 ) ) ;
#7406 = EDGE_CURVE ( 'NONE', #4196, #1547, #5674, .T. ) ;
#7407 = EDGE_CURVE ( 'NONE', #1473, #8535, #2240, .T. ) ;
#7408 = ORIENTED_EDGE ( 'NONE', *, *, #4407, .F. ) ;
#7409 = FACE_OUTER_BOUND ( 'NONE', #5348, .T. ) ;
#7410 = PLANE ( 'NONE',  #5625 ) ;
#7411 = ORIENTED_EDGE ( 'NONE', *, *, #4071, .T. ) ;
#7412 = ORIENTED_EDGE ( 'NONE', *, *, #394, .F. ) ;
#7413 = CARTESIAN_POINT ( 'NONE',  ( -4.450000000000001954, 1.538916848525022418, -11.44999999999999751 ) ) ;
#7414 = CARTESIAN_POINT ( 'NONE',  ( -8.990485450532780476, 39.18588294971093688, 1.531172702841306910 ) ) ;
#7415 = EDGE_LOOP ( 'NONE', ( #43, #3595, #7864, #4687 ) ) ;
#7416 = VECTOR ( 'NONE', #6850, 1000.000000000000114 ) ;
#7417 = CARTESIAN_POINT ( 'NONE',  ( 11.07094704998784884, 13.61303391499872006, 6.711633940086846550 ) ) ;
#7418 = ADVANCED_FACE ( 'NONE', ( #2534 ), #3458, .T. ) ;
#7419 = CARTESIAN_POINT ( 'NONE',  ( 10.35839976791152850, 6.326287547370748499, 8.740025115383911469 ) ) ;
#7420 = AXIS2_PLACEMENT_3D ( 'NONE', #2852, #8871, #2168 ) ;
#7421 = DIRECTION ( 'NONE',  ( 0.000000000000000000, 0.9999862922474268556, -0.005235963831419591756 ) ) ;
#7422 = CYLINDRICAL_SURFACE ( 'NONE', #7487, 7.299999999999998934 ) ;
#7423 = B_SPLINE_CURVE_WITH_KNOTS ( 'NONE', 3,
 ( #6766, #976, #7679, #5977, #8417, #4666, #9016, #783, #5245, #2317, #8227, #50 ),
 .UNSPECIFIED., .F., .F.,
 ( 4, 2, 2, 2, 2, 4 ),
 ( 0.000000000000000000, 0.0003486198275412478119, 0.0006972396550824956239, 0.001394479310165001439, 0.002091718965247507146, 0.002788958620330013287 ),
 .UNSPECIFIED. ) ;
#7424 = ORIENTED_EDGE ( 'NONE', *, *, #4898, .F. ) ;
#7425 = VERTEX_POINT ( 'NONE', #1799 ) ;
#7426 = CARTESIAN_POINT ( 'NONE',  ( 8.185790314834308745, 17.14506857950309637, 10.72287418956276284 ) ) ;
#7427 = EDGE_LOOP ( 'NONE', ( #292, #1063, #7686, #4771, #7389, #5168 ) ) ;
#7428 = DIRECTION ( 'NONE',  ( -1.858632295689436595E-16, 0.000000000000000000, -1.000000000000000000 ) ) ;
#7429 = EDGE_CURVE ( 'NONE', #5624, #262, #3397, .T. ) ;
#7430 = LINE ( 'NONE', #5914, #3763 ) ;
#7431 = CARTESIAN_POINT ( 'NONE',  ( -4.450000000000002842, 7.197618960442568437, -9.586357836860887716 ) ) ;
#7432 = CARTESIAN_POINT ( 'NONE',  ( -11.44999999999999929, 40.71038225242286046, 4.450000000000001954 ) ) ;
#7433 = CARTESIAN_POINT ( 'NONE',  ( 9.505026625687806430, 30.54803391499870102, 9.719442286003516784 ) ) ;
#7434 = FACE_OUTER_BOUND ( 'NONE', #5297, .T. ) ;
#7435 = EDGE_LOOP ( 'NONE', ( #5172, #7056, #4750, #8962 ) ) ;
#7436 = VERTEX_POINT ( 'NONE', #4790 ) ;
#7437 = DIRECTION ( 'NONE',  ( 0.000000000000000000, 1.000000000000000000, 0.000000000000000000 ) ) ;
#7438 = CARTESIAN_POINT ( 'NONE',  ( 11.03335603259882625, 9.626303800363769980, 7.604983101533317580 ) ) ;
#7439 = DIRECTION ( 'NONE',  ( 0.000000000000000000, 0.000000000000000000, -1.000000000000000000 ) ) ;
#7440 = FACE_OUTER_BOUND ( 'NONE', #1128, .T. ) ;
#7441 = DIRECTION ( 'NONE',  ( 0.7071067811865474617, 0.000000000000000000, 0.7071067811865474617 ) ) ;
#7442 = FACE_OUTER_BOUND ( 'NONE', #8243, .T. ) ;
#7443 = CARTESIAN_POINT ( 'NONE',  ( 0.000000000000000000, 39.19999999999998153, 0.000000000000000000 ) ) ;
#7444 = ORIENTED_EDGE ( 'NONE', *, *, #7059, .T. ) ;
#7445 = EDGE_CURVE ( 'NONE', #3368, #2286, #4547, .T. ) ;
#7446 = CARTESIAN_POINT ( 'NONE',  ( 9.360282700757320384, 16.17186297239916826, 9.851772718253116068 ) ) ;
#7447 = VECTOR ( 'NONE', #7588, 1000.000000000000114 ) ;
#7448 = CYLINDRICAL_SURFACE ( 'NONE', #5284, 9.199999999999992184 ) ;
#7449 = CARTESIAN_POINT ( 'NONE',  ( 9.669886064529952918, 31.14803391499869889, 9.553213641748319773 ) ) ;
#7450 = CARTESIAN_POINT ( 'NONE',  ( -5.153034575406619133, 39.15591825482287192, -7.317700093927321348 ) ) ;
#7451 = CARTESIAN_POINT ( 'NONE',  ( 8.578746210567720354, 11.67795784757935174, 10.47026230586459228 ) ) ;
#7452 = CARTESIAN_POINT ( 'NONE',  ( 10.85715731489626634, 17.63015976330972023, 7.269961556306249406 ) ) ;
#7453 = CARTESIAN_POINT ( 'NONE',  ( 8.318099520725686702, 10.76303391499868134, 10.64094549303754000 ) ) ;
#7454 = ORIENTED_EDGE ( 'NONE', *, *, #6202, .T. ) ;
#7455 = ORIENTED_EDGE ( 'NONE', *, *, #6680, .T. ) ;
#7456 = AXIS2_PLACEMENT_3D ( 'NONE', #4385, #59, #3740 ) ;
#7457 = ORIENTED_EDGE ( 'NONE', *, *, #5041, .T. ) ;
#7458 = EDGE_CURVE ( 'NONE', #3896, #6657, #5097, .T. ) ;
#7459 = ADVANCED_FACE ( 'NONE', ( #5660 ), #6289, .F. ) ;
#7460 = CARTESIAN_POINT ( 'NONE',  ( 8.739760469941257881, 27.93858852020760963, 9.982301727454185425 ) ) ;
#7461 = CARTESIAN_POINT ( 'NONE',  ( 11.11516328715541135, 10.51600106010481639, 7.427928522532470268 ) ) ;
#7462 = EDGE_LOOP ( 'NONE', ( #634, #3323, #2721, #1541 ) ) ;
#7463 = CARTESIAN_POINT ( 'NONE',  ( 10.98627917315531910, 11.55803391499871857, 7.708839438469719418 ) ) ;
#7464 = CARTESIAN_POINT ( 'NONE',  ( 7.772152712254023044, 44.35149629224491719, 10.30436880318847059 ) ) ;
#7465 = CARTESIAN_POINT ( 'NONE',  ( 9.271024110617554825, 5.483033914998696190, 9.528200956443694025 ) ) ;
#7466 = CARTESIAN_POINT ( 'NONE',  ( 0.000000000000000000, 37.39999999999999858, 0.000000000000000000 ) ) ;
#7467 = VERTEX_POINT ( 'NONE', #3265 ) ;
#7468 = VERTEX_POINT ( 'NONE', #1197 ) ;
#7469 = EDGE_CURVE ( 'NONE', #6922, #2954, #7752, .T. ) ;
#7470 = EDGE_CURVE ( 'NONE', #2904, #8756, #2667, .T. ) ;
#7471 = DIRECTION ( 'NONE',  ( -1.000000000000000000, 0.000000000000000000, 7.752637311995427980E-16 ) ) ;
#7472 = VERTEX_POINT ( 'NONE', #4191 ) ;
#7473 = CARTESIAN_POINT ( 'NONE',  ( -1.530649667146575910, 39.15591825482287192, -8.818141051064225522 ) ) ;
#7474 = B_SPLINE_CURVE_WITH_KNOTS ( 'NONE', 3,
 ( #990, #8435, #8531, #9368, #1738, #3395, #254, #1091 ),
 .UNSPECIFIED., .F., .F.,
 ( 4, 2, 2, 4 ),
 ( 0.000000000000000000, 0.001043684294324406878, 0.001565526441486610318, 0.002087368588648813757 ),
 .UNSPECIFIED. ) ;
#7475 = CARTESIAN_POINT ( 'NONE',  ( 7.385261650507595199, 39.91668805191901015, -5.201816385339061100 ) ) ;
#7476 = CIRCLE ( 'NONE', #6386, 9.199999999999993960 ) ;
#7477 = CARTESIAN_POINT ( 'NONE',  ( 8.823406371691145722, 37.39999999999999858, 1.500000000000030864 ) ) ;
#7478 = DIRECTION ( 'NONE',  ( 0.7071067811865474617, 0.000000000000000000, 0.7071067811865474617 ) ) ;
#7479 = DIRECTION ( 'NONE',  ( -0.000000000000000000, -1.000000000000000000, -0.000000000000000000 ) ) ;
#7480 = B_SPLINE_CURVE_WITH_KNOTS ( 'NONE', 3,
 ( #5351, #3789, #8976, #4437, #8878, #2277, #1383, #7401 ),
 .UNSPECIFIED., .F., .F.,
 ( 4, 2, 2, 4 ),
 ( 0.000000000000000000, 0.0004372990228158395924, 0.0008745980456316791848, 0.001749196091263363791 ),
 .UNSPECIFIED. ) ;
#7481 = CARTESIAN_POINT ( 'NONE',  ( 11.07096940409205743, 33.05144439477672336, 6.724639856994588882 ) ) ;
#7482 = PLANE ( 'NONE',  #8584 ) ;
#7483 = ORIENTED_EDGE ( 'NONE', *, *, #4964, .T. ) ;
#7484 = EDGE_LOOP ( 'NONE', ( #2345, #2699, #6736, #1379, #851 ) ) ;
#7485 = CIRCLE ( 'NONE', #8741, 6.999999999999999112 ) ;
#7486 = EDGE_CURVE ( 'NONE', #7846, #259, #1149, .T. ) ;
#7487 = AXIS2_PLACEMENT_3D ( 'NONE', #6645, #8252, #7516 ) ;
#7488 = DIRECTION ( 'NONE',  ( -0.000000000000000000, 1.000000000000000000, -0.000000000000000000 ) ) ;
#7489 = VECTOR ( 'NONE', #7075, 1000.000000000000000 ) ;
#7490 = CARTESIAN_POINT ( 'NONE',  ( 7.693801618057197977, 37.67803391499873555, 10.65304369343708935 ) ) ;
#7491 = CYLINDRICAL_SURFACE ( 'NONE', #4841, 8.949999999999999289 ) ;
#7492 = PLANE ( 'NONE',  #8025 ) ;
#7493 = CARTESIAN_POINT ( 'NONE',  ( 10.82621538883516088, 15.87770813722116614, 8.004629168339253198 ) ) ;
#7494 = VECTOR ( 'NONE', #4930, 1000.000000000000114 ) ;
#7495 = CARTESIAN_POINT ( 'NONE',  ( 10.22920695273395886, 6.402955336980772572, 8.402247890957342591 ) ) ;
#7496 = CIRCLE ( 'NONE', #2033, 8.949999999999993960 ) ;
#7497 = EDGE_CURVE ( 'NONE', #5832, #3310, #6297, .T. ) ;
#7498 = ORIENTED_EDGE ( 'NONE', *, *, #6605, .F. ) ;
#7499 = CARTESIAN_POINT ( 'NONE',  ( 10.04999999999999893, 5.500000000000000000, 4.450000000000001954 ) ) ;
#7500 = PLANE ( 'NONE',  #7456 ) ;
#7501 = LINE ( 'NONE', #5450, #417 ) ;
#7502 = CARTESIAN_POINT ( 'NONE',  ( 4.450000000000002842, 5.500000000000000000, 10.55000000000000249 ) ) ;
#7503 = CARTESIAN_POINT ( 'NONE',  ( 11.08439795911081660, 33.77303391499871310, 6.682658442338716753 ) ) ;
#7504 = CARTESIAN_POINT ( 'NONE',  ( 10.34128709514628852, 17.19803391499871026, 8.230573549418508605 ) ) ;
#7505 = CARTESIAN_POINT ( 'NONE',  ( 4.450000000000005507, 2.803598993264666994, 10.56411845167851560 ) ) ;
#7506 = AXIS2_PLACEMENT_3D ( 'NONE', #4510, #2887, #5872 ) ;
#7507 = ORIENTED_EDGE ( 'NONE', *, *, #8819, .F. ) ;
#7508 = VERTEX_POINT ( 'NONE', #6976 ) ;
#7509 = VERTEX_POINT ( 'NONE', #8446 ) ;
#7510 = CARTESIAN_POINT ( 'NONE',  ( 8.333166794125355992, 28.02803391499868724, 10.27417510459656036 ) ) ;
#7511 = CYLINDRICAL_SURFACE ( 'NONE', #8506, 7.000000000000000888 ) ;
#7512 = ORIENTED_EDGE ( 'NONE', *, *, #8628, .T. ) ;
#7513 = CARTESIAN_POINT ( 'NONE',  ( 9.606573379346043495, 5.483033914998699743, 9.617180177177862888 ) ) ;
#7514 = EDGE_CURVE ( 'NONE', #4492, #5716, #2574, .T. ) ;
#7515 = DIRECTION ( 'NONE',  ( -1.000000000000000000, -0.000000000000000000, -1.028858078696045690E-14 ) ) ;
#7516 = DIRECTION ( 'NONE',  ( 0.000000000000000000, 0.000000000000000000, -1.000000000000000000 ) ) ;
#7517 = ORIENTED_EDGE ( 'NONE', *, *, #5267, .F. ) ;
#7518 = CIRCLE ( 'NONE', #3316, 0.2999999999999998779 ) ;
#7519 = ORIENTED_EDGE ( 'NONE', *, *, #6710, .F. ) ;
#7520 = ORIENTED_EDGE ( 'NONE', *, *, #235, .T. ) ;
#7521 = CARTESIAN_POINT ( 'NONE',  ( 10.60947425347067430, 10.82303391499871914, 7.183542094735895667 ) ) ;
#7522 = VERTEX_POINT ( 'NONE', #8543 ) ;
#7523 = FACE_OUTER_BOUND ( 'NONE', #3197, .T. ) ;
#7524 = CARTESIAN_POINT ( 'NONE',  ( 9.092461839592345996, 31.14803391499869889, 9.400053485522644081 ) ) ;
#7525 = FACE_OUTER_BOUND ( 'NONE', #5843, .T. ) ;
#7526 = ADVANCED_FACE ( 'NONE', ( #4741 ), #8409, .T. ) ;
#7527 = EDGE_CURVE ( 'NONE', #3455, #7866, #4240, .T. ) ;
#7528 = FACE_OUTER_BOUND ( 'NONE', #367, .T. ) ;
#7529 = CARTESIAN_POINT ( 'NONE',  ( 10.77686517486552020, 16.26097298144416570, 7.449144889838994033 ) ) ;
#7530 = CARTESIAN_POINT ( 'NONE',  ( 6.695820691018088411, 14.24303391499869065, 11.07634739658277390 ) ) ;
#7531 = ORIENTED_EDGE ( 'NONE', *, *, #940, .T. ) ;
#7532 = VERTEX_POINT ( 'NONE', #6580 ) ;
#7533 = DIRECTION ( 'NONE',  ( -0.000000000000000000, 1.000000000000000000, -0.000000000000000000 ) ) ;
#7534 = CARTESIAN_POINT ( 'NONE',  ( -4.450000000000001954, 36.00000000000000000, -4.449999999999997513 ) ) ;
#7535 = CARTESIAN_POINT ( 'NONE',  ( 6.761624507423590558, 26.54303391499856346, 11.05729839924599212 ) ) ;
#7536 = CARTESIAN_POINT ( 'NONE',  ( 8.716825784692947110, 28.01566493752327958, 10.37402435884466279 ) ) ;
#7537 = CARTESIAN_POINT ( 'NONE',  ( 10.23143098530417561, 17.21605408881645616, 8.396726233590623423 ) ) ;
#7538 = EDGE_CURVE ( 'NONE', #945, #7966, #4389, .T. ) ;
#7539 = CARTESIAN_POINT ( 'NONE',  ( 9.153518700932098184, 15.09803391499868397, 9.630815974347081365 ) ) ;
#7540 = DIRECTION ( 'NONE',  ( 0.000000000000000000, 0.000000000000000000, 1.000000000000000000 ) ) ;
#7541 = VERTEX_POINT ( 'NONE', #8881 ) ;
#7542 = FACE_BOUND ( 'NONE', #1792, .T. ) ;
#7543 = CARTESIAN_POINT ( 'NONE',  ( 9.585294791897535305, 28.02803391499868724, 9.638327996600654757 ) ) ;
#7544 = CARTESIAN_POINT ( 'NONE',  ( 8.471190366751729428, 28.02803391499775287, 10.54335243152238100 ) ) ;
#7545 = DIRECTION ( 'NONE',  ( 0.7071067811865474617, 0.000000000000000000, 0.7071067811865474617 ) ) ;
#7546 = LINE ( 'NONE', #9177, #8270 ) ;
#7547 = CARTESIAN_POINT ( 'NONE',  ( 5.323807237680925120, 39.74999999999998579, 7.503137776691569449 ) ) ;
#7548 = ADVANCED_FACE ( 'NONE', ( #2180 ), #7208, .T. ) ;
#7549 = EDGE_LOOP ( 'NONE', ( #2537, #2190, #3952, #234, #6491, #660, #9113, #4803 ) ) ;
#7550 = ORIENTED_EDGE ( 'NONE', *, *, #1105, .T. ) ;
#7551 = VERTEX_POINT ( 'NONE', #3649 ) ;
#7552 = CARTESIAN_POINT ( 'NONE',  ( 8.320708926433624697, 5.938946016121323446, 10.64117352580739428 ) ) ;
#7553 = CARTESIAN_POINT ( 'NONE',  ( 8.977701817784264904, 16.71803391499869562, 10.17624800800953899 ) ) ;
#7554 = ORIENTED_EDGE ( 'NONE', *, *, #1752, .T. ) ;
#7555 = CARTESIAN_POINT ( 'NONE',  ( 10.79706337683716377, 16.71376091807284325, 7.404168004423183902 ) ) ;
#7556 = FACE_OUTER_BOUND ( 'NONE', #2465, .T. ) ;
#7557 = CARTESIAN_POINT ( 'NONE',  ( 10.88301091375327623, 14.04803391499870280, 7.202520313791361595 ) ) ;
#7558 = B_SPLINE_CURVE_WITH_KNOTS ( 'NONE', 3,
 ( #4186, #449, #5700, #8728 ),
 .UNSPECIFIED., .F., .F.,
 ( 4, 4 ),
 ( 0.002351916184660963940, 0.002708655804823786525 ),
 .UNSPECIFIED. ) ;
#7559 = EDGE_LOOP ( 'NONE', ( #6372, #163, #416, #6192 ) ) ;
#7560 = ORIENTED_EDGE ( 'NONE', *, *, #5555, .F. ) ;
#7561 = ORIENTED_EDGE ( 'NONE', *, *, #9559, .F. ) ;
#7562 = FACE_OUTER_BOUND ( 'NONE', #566, .T. ) ;
#7563 = ORIENTED_EDGE ( 'NONE', *, *, #8493, .T. ) ;
#7564 = DIRECTION ( 'NONE',  ( 0.000000000000000000, 0.000000000000000000, 1.000000000000000000 ) ) ;
#7565 = CARTESIAN_POINT ( 'NONE',  ( 7.212923721362720642, 10.17803391499868404, 11.55102402005622864 ) ) ;
#7566 = FACE_OUTER_BOUND ( 'NONE', #3712, .T. ) ;
#7567 = CARTESIAN_POINT ( 'NONE',  ( 7.745765920601424881, 32.54303391499869491, 11.19291167499999062 ) ) ;
#7568 = CARTESIAN_POINT ( 'NONE',  ( 7.783740095383858026, 32.56287844412744192, 10.94467481614795545 ) ) ;
#7569 = CARTESIAN_POINT ( 'NONE',  ( 0.3000000000000000999, 25.10000000000000497, -9.947373702128263773 ) ) ;
#7570 = EDGE_LOOP ( 'NONE', ( #9358, #1603, #6849, #8387 ) ) ;
#7571 = VERTEX_POINT ( 'NONE', #9475 ) ;
#7572 = B_SPLINE_CURVE_WITH_KNOTS ( 'NONE', 3,
 ( #4478, #5292, #9071, #6767, #7537, #1526, #688, #5929, #4525, #732, #9017, #876 ),
 .UNSPECIFIED., .F., .F.,
 ( 4, 2, 2, 2, 2, 4 ),
 ( 8.673617379884035472E-18, 0.0001199819597933592937, 0.0002399639195867099139, 0.0004799278391734154367, 0.0009598556783468294639, 0.001919711356693656976 ),
 .UNSPECIFIED. ) ;
#7573 = ADVANCED_FACE ( 'NONE', ( #7945 ), #5528, .T. ) ;
#7574 = EDGE_CURVE ( 'NONE', #4504, #3840, #5954, .T. ) ;
#7575 = CARTESIAN_POINT ( 'NONE',  ( 7.411154030627747247, 39.17882631839704999, 5.245923022215627896 ) ) ;
#7576 = CARTESIAN_POINT ( 'NONE',  ( 10.84278237216503271, 10.42105839206144502, 7.975932096737187393 ) ) ;
#7577 = DIRECTION ( 'NONE',  ( 0.7071067811865440200, -0.000000000000000000, 0.7071067811865511255 ) ) ;
#7578 = CARTESIAN_POINT ( 'NONE',  ( 8.876434333410509581, 27.97022504436245427, 10.25573388755548088 ) ) ;
#7579 = CARTESIAN_POINT ( 'NONE',  ( -9.500000000000015987, 37.39999999999999858, 1.499999999999900524 ) ) ;
#7580 = CARTESIAN_POINT ( 'NONE',  ( 1.240856954594006195E-15, 37.39999999999999858, -10.10000000000000142 ) ) ;
#7581 = CARTESIAN_POINT ( 'NONE',  ( 8.681516139268202537, 27.93803391499869448, 9.922488736364725170 ) ) ;
#7582 = CARTESIAN_POINT ( 'NONE',  ( 11.06823225953493761, 22.83803400285406937, 6.730131960841535310 ) ) ;
#7583 = ORIENTED_EDGE ( 'NONE', *, *, #366, .T. ) ;
#7584 = VERTEX_POINT ( 'NONE', #8787 ) ;
#7585 = EDGE_CURVE ( 'NONE', #9514, #8081, #550, .T. ) ;
#7586 = DIRECTION ( 'NONE',  ( -0.000000000000000000, 1.000000000000000000, -0.000000000000000000 ) ) ;
#7587 = CARTESIAN_POINT ( 'NONE',  ( -4.450000000000000178, 5.500000000000000000, 10.55000000000000249 ) ) ;
#7588 = DIRECTION ( 'NONE',  ( 8.164448878857555330E-18, -0.9999862922474268556, -0.005235963831419591756 ) ) ;
#7589 = CARTESIAN_POINT ( 'NONE',  ( 10.75932355535309171, 35.13125251196983356, 7.482986967294140257 ) ) ;
#7590 = DIRECTION ( 'NONE',  ( 0.7071067811865474617, 0.000000000000000000, 0.7071067811865474617 ) ) ;
#7591 = CARTESIAN_POINT ( 'NONE',  ( 8.624461615382276847, 41.94629308914145582, 10.44028468750886596 ) ) ;
#7592 = CARTESIAN_POINT ( 'NONE',  ( 6.761624604280117801, 25.30803394428372854, 11.05729836535983779 ) ) ;
#7593 = ORIENTED_EDGE ( 'NONE', *, *, #6432, .F. ) ;
#7594 = B_SPLINE_CURVE_WITH_KNOTS ( 'NONE', 3,
 ( #1023, #3866, #6994, #8315 ),
 .UNSPECIFIED., .F., .F.,
 ( 4, 4 ),
 ( 1.999999999988558877E-07, 0.003180199912144139173 ),
 .UNSPECIFIED. ) ;
#7595 = VERTEX_POINT ( 'NONE', #2911 ) ;
#7596 = ORIENTED_EDGE ( 'NONE', *, *, #311, .T. ) ;
#7597 = ADVANCED_FACE ( 'NONE', ( #8735 ), #2718, .T. ) ;
#7598 = CARTESIAN_POINT ( 'NONE',  ( 5.140799068026150387, 39.99999999999998579, 7.326300904425190552 ) ) ;
#7599 = DIRECTION ( 'NONE',  ( 0.7071067811865474617, 0.000000000000000000, 0.7071067811865474617 ) ) ;
#7600 = VERTEX_POINT ( 'NONE', #601 ) ;
#7601 = CARTESIAN_POINT ( 'NONE',  ( 4.450000000000001954, 7.197618960442568437, 9.586357836860889492 ) ) ;
#7602 = AXIS2_PLACEMENT_3D ( 'NONE', #2132, #1384, #1336 ) ;
#7603 = DIRECTION ( 'NONE',  ( -0.000000000000000000, -1.000000000000000000, -0.000000000000000000 ) ) ;
#7604 = CARTESIAN_POINT ( 'NONE',  ( 7.428751374986697797, 12.11109330038923737, 11.11504671517751675 ) ) ;
#7605 = ORIENTED_EDGE ( 'NONE', *, *, #4012, .T. ) ;
#7606 = ORIENTED_EDGE ( 'NONE', *, *, #2148, .T. ) ;
#7607 = EDGE_CURVE ( 'NONE', #6328, #465, #5026, .T. ) ;
#7608 = ORIENTED_EDGE ( 'NONE', *, *, #1556, .F. ) ;
#7609 = DIRECTION ( 'NONE',  ( 0.000000000000000000, -1.000000000000000000, 0.000000000000000000 ) ) ;
#7610 = ORIENTED_EDGE ( 'NONE', *, *, #4004, .T. ) ;
#7611 = CARTESIAN_POINT ( 'NONE',  ( 8.818141051064218416, 39.15591825482287192, 1.530649667146606552 ) ) ;
#7612 = CARTESIAN_POINT ( 'NONE',  ( 4.449999999999998401, 43.46108315147498757, -11.44999999999999929 ) ) ;
#7613 = CARTESIAN_POINT ( 'NONE',  ( 7.773572197015521823, 41.27197993961799227, 10.61132869901070208 ) ) ;
#7614 = CYLINDRICAL_SURFACE ( 'NONE', #7326, 0.7136548544052906395 ) ;
#7615 = CARTESIAN_POINT ( 'NONE',  ( 9.265388868767365338, 13.52303391499869889, 9.530554107826377574 ) ) ;
#7616 = VERTEX_POINT ( 'NONE', #7254 ) ;
#7617 = B_SPLINE_SURFACE_WITH_KNOTS ( 'NONE', 2, 1, ( 
 ( #3099, #2185 ),
 ( #6860, #9124 ),
 ( #2138, #930 ) ),
 .UNSPECIFIED., .F., .F., .F.,
 ( 3, 3 ),
 ( 2, 2 ),
 ( 0.000000000000000000, 1.000000000000000000 ),
 ( 0.000000000000000000, 1.000000000000000000 ),
 .UNSPECIFIED. ) ;
#7618 = ORIENTED_EDGE ( 'NONE', *, *, #8639, .F. ) ;
#7619 = CARTESIAN_POINT ( 'NONE',  ( -4.397905546699922397, 1.243474522621348166, -11.14999999999999858 ) ) ;
#7620 = AXIS2_PLACEMENT_3D ( 'NONE', #2354, #6800, #6755 ) ;
#7621 = CARTESIAN_POINT ( 'NONE',  ( 7.501259593081760713, 39.56668310586263004, 5.326454266351409395 ) ) ;
#7622 = DIRECTION ( 'NONE',  ( 0.000000000000000000, 0.000000000000000000, 1.000000000000000000 ) ) ;
#7623 = CARTESIAN_POINT ( 'NONE',  ( -6.320907588372134178, 41.86650952049698304, 11.25824792397297536 ) ) ;
#7624 = FACE_OUTER_BOUND ( 'NONE', #2612, .T. ) ;
#7625 = CARTESIAN_POINT ( 'NONE',  ( 8.531189652729675998, 36.78607718160552764, 10.13940915073702875 ) ) ;
#7626 = CARTESIAN_POINT ( 'NONE',  ( 10.97801072997810401, 28.15797472538917390, 7.850794558391964273 ) ) ;
#7627 = EDGE_CURVE ( 'NONE', #8816, #1473, #1167, .T. ) ;
#7628 = DIRECTION ( 'NONE',  ( 3.594534017133189266E-15, -1.000000000000000000, -3.594534017133189266E-15 ) ) ;
#7629 = CARTESIAN_POINT ( 'NONE',  ( 6.777324107917052309, 16.55303391499868937, 11.05178479630380828 ) ) ;
#7630 = ORIENTED_EDGE ( 'NONE', *, *, #134, .F. ) ;
#7631 = VECTOR ( 'NONE', #8814, 1000.000000000000114 ) ;
#7632 = VECTOR ( 'NONE', #7028, 1000.000000000000114 ) ;
#7633 = ORIENTED_EDGE ( 'NONE', *, *, #974, .F. ) ;
#7634 = CARTESIAN_POINT ( 'NONE',  ( -5.407109157685186851, 42.02763683875718215, -11.44325610668876259 ) ) ;
#7635 = CARTESIAN_POINT ( 'NONE',  ( -11.44999999999999929, 40.71038225242284625, -8.550505063388332161 ) ) ;
#7636 = CARTESIAN_POINT ( 'NONE',  ( 7.647961087368273958, 16.97356549326275399, 10.67680053347480573 ) ) ;
#7637 = AXIS2_PLACEMENT_3D ( 'NONE', #7579, #4626, #1479 ) ;
#7638 = DIRECTION ( 'NONE',  ( -0.000000000000000000, -1.000000000000000000, -0.000000000000000000 ) ) ;
#7639 = CARTESIAN_POINT ( 'NONE',  ( 1.515114131236722228, 38.26588799863403523, -8.117380341247841358 ) ) ;
#7640 = VECTOR ( 'NONE', #8544, 1000.000000000000114 ) ;
#7641 = DIRECTION ( 'NONE',  ( -0.9999862922474268556, -0.005235963831419591756, 2.533831017822022696E-15 ) ) ;
#7642 = B_SPLINE_CURVE_WITH_KNOTS ( 'NONE', 3,
 ( #9116, #8412, #6258, #4016, #237, #871, #4069, #3231 ),
 .UNSPECIFIED., .F., .F.,
 ( 4, 2, 2, 4 ),
 ( 0.000000000000000000, 0.001103552263156533722, 0.001655328394734798198, 0.002207104526313062674 ),
 .UNSPECIFIED. ) ;
#7643 = DIRECTION ( 'NONE',  ( -0.000000000000000000, 1.000000000000000000, -0.000000000000000000 ) ) ;
#7644 = EDGE_CURVE ( 'NONE', #6061, #5553, #5671, .T. ) ;
#7645 = EDGE_CURVE ( 'NONE', #6048, #68, #8836, .T. ) ;
#7646 = ORIENTED_EDGE ( 'NONE', *, *, #2860, .T. ) ;
#7647 = ORIENTED_EDGE ( 'NONE', *, *, #4193, .F. ) ;
#7648 = ORIENTED_EDGE ( 'NONE', *, *, #1253, .F. ) ;
#7649 = CARTESIAN_POINT ( 'NONE',  ( 7.293315274424593930, 26.57303391499869250, 10.84652704600112294 ) ) ;
#7650 = CARTESIAN_POINT ( 'NONE',  ( 10.25715521048178580, 16.49303391499870486, 8.358573699109985711 ) ) ;
#7651 = VERTEX_POINT ( 'NONE', #6871 ) ;
#7652 = CARTESIAN_POINT ( 'NONE',  ( 8.028947884348779596, 3.434664067824850342, -10.56081417247857424 ) ) ;
#7653 = VECTOR ( 'NONE', #3392, 1000.000000000000000 ) ;
#7654 =( BOUNDED_CURVE ( )  B_SPLINE_CURVE ( 3, ( #9695, #1468, #5187, #2989 ),
 .UNSPECIFIED., .F., .T. ) 
 B_SPLINE_CURVE_WITH_KNOTS ( ( 4, 4 ),
 ( 4.354865436748657004, 4.359705950757649440 ),
 .UNSPECIFIED. ) 
 CURVE ( )  GEOMETRIC_REPRESENTATION_ITEM ( )  RATIONAL_B_SPLINE_CURVE ( ( 1.000000000000000000, 0.9999980474529639451, 0.9999980474529639451, 1.000000000000000000 ) ) 
 REPRESENTATION_ITEM ( '' )  );
#7655 = ADVANCED_FACE ( 'NONE', ( #3060 ), #8933, .T. ) ;
#7656 = CARTESIAN_POINT ( 'NONE',  ( 10.82964388396677258, 12.71249603118086569, 7.331244018121246597 ) ) ;
#7657 = DIRECTION ( 'NONE',  ( -0.000000000000000000, 1.000000000000000000, -0.000000000000000000 ) ) ;
#7658 = ORIENTED_EDGE ( 'NONE', *, *, #2051, .F. ) ;
#7659 = ORIENTED_EDGE ( 'NONE', *, *, #6816, .F. ) ;
#7660 = EDGE_LOOP ( 'NONE', ( #2512, #89, #7073, #472 ) ) ;
#7661 = CARTESIAN_POINT ( 'NONE',  ( -9.499999999999984013, 37.39999999999999858, -1.500000000000099476 ) ) ;
#7662 = ORIENTED_EDGE ( 'NONE', *, *, #1243, .F. ) ;
#7663 = AXIS2_PLACEMENT_3D ( 'NONE', #4843, #8502, #3222 ) ;
#7664 = CARTESIAN_POINT ( 'NONE',  ( 10.21418564824426944, 11.78303391499870045, 8.421670154050422852 ) ) ;
#7665 = CARTESIAN_POINT ( 'NONE',  ( 4.449999999999998401, 36.00000000000000000, -4.449999999999998401 ) ) ;
#7666 = CIRCLE ( 'NONE', #9401, 8.949999999999999289 ) ;
#7667 = ADVANCED_FACE ( 'NONE', ( #3884 ), #160, .T. ) ;
#7668 = CARTESIAN_POINT ( 'NONE',  ( 7.229759400544481629, 13.68508861865353410, 10.87454941040681256 ) ) ;
#7669 = FACE_OUTER_BOUND ( 'NONE', #4982, .T. ) ;
#7670 = CARTESIAN_POINT ( 'NONE',  ( 9.693854356919553439, 11.43803391499869448, 9.534755527266623787 ) ) ;
#7671 = ORIENTED_EDGE ( 'NONE', *, *, #4621, .F. ) ;
#7672 =( BOUNDED_CURVE ( )  B_SPLINE_CURVE ( 3, ( #4539, #3793, #7639, #2423 ),
 .UNSPECIFIED., .F., .F. ) 
 B_SPLINE_CURVE_WITH_KNOTS ( ( 4, 4 ),
 ( 1.923479356422017394, 1.928319870431008276 ),
 .UNSPECIFIED. ) 
 CURVE ( )  GEOMETRIC_REPRESENTATION_ITEM ( )  RATIONAL_B_SPLINE_CURVE ( ( 1.000000000000000000, 0.9999980474529639451, 0.9999980474529639451, 1.000000000000000000 ) ) 
 REPRESENTATION_ITEM ( '' )  );
#7673 = ORIENTED_EDGE ( 'NONE', *, *, #3226, .F. ) ;
#7674 = DIRECTION ( 'NONE',  ( -0.000000000000000000, -1.000000000000000000, -0.000000000000000000 ) ) ;
#7675 = EDGE_CURVE ( 'NONE', #9457, #8780, #5152, .T. ) ;
#7676 = CARTESIAN_POINT ( 'NONE',  ( 4.450000000000004619, 6.649999999999999467, 10.04397855905344805 ) ) ;
#7677 = DIRECTION ( 'NONE',  ( -0.7071067811865455743, -7.485752164899942736E-08, 0.7071067811865455743 ) ) ;
#7678 = CARTESIAN_POINT ( 'NONE',  ( -10.57598020674383399, 41.11622541299975353, 7.958355515407822267 ) ) ;
#7679 = CARTESIAN_POINT ( 'NONE',  ( 7.520628329807812484, 16.68106832458327560, 11.07316233044380382 ) ) ;
#7680 = CARTESIAN_POINT ( 'NONE',  ( -5.161510209807468108, 38.57078715550567694, 7.311731656227566489 ) ) ;
#7681 = LINE ( 'NONE', #4022, #1588 ) ;
#7682 = CARTESIAN_POINT ( 'NONE',  ( 8.612920563085925352, 28.02803391499868724, 10.55392887355712972 ) ) ;
#7683 = CARTESIAN_POINT ( 'NONE',  ( 7.650488491026063542, 8.408033914998682690, 11.26733987290928773 ) ) ;
#7684 = ORIENTED_EDGE ( 'NONE', *, *, #2756, .T. ) ;
#7685 = VECTOR ( 'NONE', #7437, 1000.000000000000000 ) ;
#7686 = ORIENTED_EDGE ( 'NONE', *, *, #1807, .F. ) ;
#7687 = CARTESIAN_POINT ( 'NONE',  ( -8.776806454713653949, 41.43346828846741658, -10.02880567372621812 ) ) ;
#7688 = ADVANCED_FACE ( 'NONE', ( #8284 ), #3962, .T. ) ;
#7689 = DIRECTION ( 'NONE',  ( -5.421010862427523403E-17, -0.000000000000000000, 1.000000000000000000 ) ) ;
#7690 = DIRECTION ( 'NONE',  ( -0.000000000000000000, 1.000000000000000000, -0.000000000000000000 ) ) ;
#7691 = CARTESIAN_POINT ( 'NONE',  ( 9.500762646102433706, 26.61803391499869420, 9.723501478290318190 ) ) ;
#7692 = FACE_OUTER_BOUND ( 'NONE', #8120, .T. ) ;
#7693 = DIRECTION ( 'NONE',  ( 1.000000000000000000, 0.000000000000000000, -1.550527462399086188E-16 ) ) ;
#7694 = CARTESIAN_POINT ( 'NONE',  ( 11.01567393427228581, 17.34803391499870173, 6.847279655291667488 ) ) ;
#7695 = FACE_OUTER_BOUND ( 'NONE', #6639, .T. ) ;
#7696 = ORIENTED_EDGE ( 'NONE', *, *, #7348, .F. ) ;
#7697 = EDGE_LOOP ( 'NONE', ( #6518, #4204, #1555, #5899 ) ) ;
#7698 = CARTESIAN_POINT ( 'NONE',  ( 9.546876817246188196, 12.92797406024607199, 9.677356330185986621 ) ) ;
#7699 = EDGE_CURVE ( 'NONE', #6492, #8011, #4209, .T. ) ;
#7700 = CARTESIAN_POINT ( 'NONE',  ( 10.24641320282430890, 42.11613188984844669, 8.374856557725202322 ) ) ;
#7701 = VERTEX_POINT ( 'NONE', #7547 ) ;
#7702 = EDGE_CURVE ( 'NONE', #1591, #5099, #2962, .T. ) ;
#7703 = CARTESIAN_POINT ( 'NONE',  ( -12.38968415396815637, 11.87303400285404820, -10.51231584603185709 ) ) ;
#7704 = B_SPLINE_SURFACE_WITH_KNOTS ( 'NONE', 3, 1, ( 
 ( #2036, #2909 ),
 ( #8834, #2133 ),
 ( #8636, #7356 ),
 ( #2083, #7206 ) ),
 .UNSPECIFIED., .F., .F., .F.,
 ( 4, 4 ),
 ( 2, 2 ),
 ( 0.000000000000000000, 1.000000000000000000 ),
 ( 0.000000000000000000, 1.000000000000000000 ),
 .UNSPECIFIED. ) ;
#7705 = CYLINDRICAL_SURFACE ( 'NONE', #6870, 6.999999999999999112 ) ;
#7706 = DIRECTION ( 'NONE',  ( 0.9848077530122072432, 0.1736481776669346333, 1.919515874690163325E-16 ) ) ;
#7707 = ORIENTED_EDGE ( 'NONE', *, *, #3852, .F. ) ;
#7708 = ORIENTED_EDGE ( 'NONE', *, *, #5174, .F. ) ;
#7709 = VECTOR ( 'NONE', #2593, 1000.000000000000114 ) ;
#7710 = ORIENTED_EDGE ( 'NONE', *, *, #1480, .T. ) ;
#7711 = CARTESIAN_POINT ( 'NONE',  ( 7.569897825386028956, 27.26303391499870088, 11.12310959696256951 ) ) ;
#7712 = ORIENTED_EDGE ( 'NONE', *, *, #2625, .F. ) ;
#7713 = EDGE_CURVE ( 'NONE', #1745, #2358, #15, .T. ) ;
#7714 =( BOUNDED_CURVE ( )  B_SPLINE_CURVE ( 3, ( #1572, #2165, #7390, #4575 ),
 .UNSPECIFIED., .F., .T. ) 
 B_SPLINE_CURVE_WITH_KNOTS ( ( 4, 4 ),
 ( 4.880781441550309019, 4.884256152194948797 ),
 .UNSPECIFIED. ) 
 CURVE ( )  GEOMETRIC_REPRESENTATION_ITEM ( )  RATIONAL_B_SPLINE_CURVE ( ( 1.000000000000000000, 0.9999989938657476429, 0.9999989938657476429, 1.000000000000000000 ) ) 
 REPRESENTATION_ITEM ( '' )  );
#7715 = TOROIDAL_SURFACE ( 'NONE', #3509, 5.136357836860889314, 0.7136548544052909726 ) ;
#7716 = CARTESIAN_POINT ( 'NONE',  ( 7.584334641873793359, 10.70040284088578098, 11.04394063499803913 ) ) ;
#7717 = DIRECTION ( 'NONE',  ( 0.000000000000000000, 0.000000000000000000, 1.000000000000000000 ) ) ;
#7718 = VECTOR ( 'NONE', #2543, 1000.000000000000114 ) ;
#7719 = ORIENTED_EDGE ( 'NONE', *, *, #9652, .T. ) ;
#7720 = ORIENTED_EDGE ( 'NONE', *, *, #666, .F. ) ;
#7721 = DIRECTION ( 'NONE',  ( 0.000000000000000000, 0.000000000000000000, 1.000000000000000000 ) ) ;
#7722 = EDGE_CURVE ( 'NONE', #1547, #2954, #5263, .T. ) ;
#7723 = DIRECTION ( 'NONE',  ( -0.000000000000000000, 1.000000000000000000, -0.000000000000000000 ) ) ;
#7724 = CARTESIAN_POINT ( 'NONE',  ( -5.331745340123591248, 39.19999999999998153, 7.497499024879580531 ) ) ;
#7725 = AXIS2_PLACEMENT_3D ( 'NONE', #1632, #296, #6961 ) ;
#7726 = LINE ( 'NONE', #3337, #9393 ) ;
#7727 = CARTESIAN_POINT ( 'NONE',  ( 9.153632544413920158, 27.46847679576739054, 9.634404651015405108 ) ) ;
#7728 = CARTESIAN_POINT ( 'NONE',  ( 10.90673756803766992, 36.96372805349208335, 7.861243543133699774 ) ) ;
#7729 = CARTESIAN_POINT ( 'NONE',  ( 9.372828149677143728, 15.09803391499868397, 9.850125423092126908 ) ) ;
#7730 = FACE_OUTER_BOUND ( 'NONE', #2498, .T. ) ;
#7731 = LINE ( 'NONE', #291, #5461 ) ;
#7732 = EDGE_LOOP ( 'NONE', ( #3387, #8403, #4700, #1178 ) ) ;
#7733 = AXIS2_PLACEMENT_3D ( 'NONE', #5582, #3289, #6263 ) ;
#7734 = VERTEX_POINT ( 'NONE', #5941 ) ;
#7735 = FACE_OUTER_BOUND ( 'NONE', #8898, .T. ) ;
#7736 = EDGE_CURVE ( 'NONE', #4461, #4015, #8190, .T. ) ;
#7737 = DIRECTION ( 'NONE',  ( 0.000000000000000000, -0.5373612994097863860, 0.8433521410992124157 ) ) ;
#7738 = PLANE ( 'NONE',  #6044 ) ;
#7739 = CARTESIAN_POINT ( 'NONE',  ( -7.439935834955076821, 39.18588295102962604, -5.274530632228899840 ) ) ;
#7740 = FACE_OUTER_BOUND ( 'NONE', #8266, .T. ) ;
#7741 = CARTESIAN_POINT ( 'NONE',  ( 7.755979449558281225, 40.88133940551361434, 10.96102244206047160 ) ) ;
#7742 = CARTESIAN_POINT ( 'NONE',  ( 11.09790554669991280, 44.93791624812539709, 4.450000000000001066 ) ) ;
#7743 = CARTESIAN_POINT ( 'NONE',  ( 7.543645886313355753, 6.143033914998687450, 10.24832952046591572 ) ) ;
#7744 = ORIENTED_EDGE ( 'NONE', *, *, #5312, .T. ) ;
#7745 = ORIENTED_EDGE ( 'NONE', *, *, #9447, .F. ) ;
#7746 = B_SPLINE_CURVE_WITH_KNOTS ( 'NONE', 3,
 ( #4994, #2841, #8063, #9646 ),
 .UNSPECIFIED., .F., .F.,
 ( 4, 4 ),
 ( 0.000000000000000000, 0.001056942723257027136 ),
 .UNSPECIFIED. ) ;
#7747 = CARTESIAN_POINT ( 'NONE',  ( 7.959913550558496809, 41.93303391499870258, 10.85551601563161306 ) ) ;
#7748 = FACE_OUTER_BOUND ( 'NONE', #8486, .T. ) ;
#7749 = CARTESIAN_POINT ( 'NONE',  ( 11.06205778062503953, 6.698033914998700489, 7.551272808147849958 ) ) ;
#7750 = CARTESIAN_POINT ( 'NONE',  ( 7.519905477296202179, 18.17303394428380514, 11.07311711813001232 ) ) ;
#7751 = CARTESIAN_POINT ( 'NONE',  ( 10.59393870791365799, 16.65803391499870401, 7.804402652246801964 ) ) ;
#7752 = LINE ( 'NONE', #9382, #7494 ) ;
#7753 = DIRECTION ( 'NONE',  ( -0.000000000000000000, -1.000000000000000000, -0.000000000000000000 ) ) ;
#7754 = CARTESIAN_POINT ( 'NONE',  ( -1.531162538049317678, 39.18530060916248203, 8.987145095002357920 ) ) ;
#7755 = EDGE_CURVE ( 'NONE', #1112, #9257, #7942, .T. ) ;
#7756 = ORIENTED_EDGE ( 'NONE', *, *, #7429, .T. ) ;
#7757 = EDGE_CURVE ( 'NONE', #6734, #5527, #3794, .T. ) ;
#7758 = ORIENTED_EDGE ( 'NONE', *, *, #7699, .T. ) ;
#7759 = ORIENTED_EDGE ( 'NONE', *, *, #1060, .T. ) ;
#7760 = CARTESIAN_POINT ( 'NONE',  ( 7.569897825386034285, 26.91803391499868781, 11.12310959696256418 ) ) ;
#7761 = VERTEX_POINT ( 'NONE', #2328 ) ;
#7762 = LINE ( 'NONE', #1760, #7718 ) ;
#7763 = B_SPLINE_CURVE_WITH_KNOTS ( 'NONE', 3,
 ( #5682, #8657, #7919, #1960 ),
 .UNSPECIFIED., .F., .F.,
 ( 4, 4 ),
 ( 0.002351919300914666507, 0.002708658409309395044 ),
 .UNSPECIFIED. ) ;
#7764 = CARTESIAN_POINT ( 'NONE',  ( 7.105753778696564105, 16.39625147521262960, 10.92686893746750343 ) ) ;
#7765 = EDGE_CURVE ( 'NONE', #856, #1974, #1040, .T. ) ;
#7766 = ORIENTED_EDGE ( 'NONE', *, *, #486, .T. ) ;
#7767 = EDGE_CURVE ( 'NONE', #5813, #9076, #7474, .T. ) ;
#7768 = ORIENTED_EDGE ( 'NONE', *, *, #2470, .T. ) ;
#7769 = CARTESIAN_POINT ( 'NONE',  ( -11.45000000000000107, 0.3575260777782876542, -4.449999999999996625 ) ) ;
#7770 = CARTESIAN_POINT ( 'NONE',  ( 10.84652692530331919, 31.76303391499870443, 7.293315545955070256 ) ) ;
#7771 = CARTESIAN_POINT ( 'NONE',  ( -5.323807237681030813, 39.74999999999998579, 7.503137776691493954 ) ) ;
#7772 = CARTESIAN_POINT ( 'NONE',  ( -9.859862295100819907, 41.24249632219161299, 8.567463026098920409 ) ) ;
#7773 = LINE ( 'NONE', #9309, #7709 ) ;
#7774 = CARTESIAN_POINT ( 'NONE',  ( -8.823406371691167038, 37.39999999999999858, 1.499999999999907407 ) ) ;
#7775 = CARTESIAN_POINT ( 'NONE',  ( 10.33129438084603358, 17.22916675062590741, 8.775129458155420892 ) ) ;
#7776 = DIRECTION ( 'NONE',  ( 0.000000000000000000, 0.000000000000000000, -1.000000000000000000 ) ) ;
#7777 = DIRECTION ( 'NONE',  ( 0.7071067811865474617, 0.000000000000000000, 0.7071067811865474617 ) ) ;
#7778 = VERTEX_POINT ( 'NONE', #7065 ) ;
#7779 = EDGE_CURVE ( 'NONE', #7282, #3863, #4220, .T. ) ;
#7780 = AXIS2_PLACEMENT_3D ( 'NONE', #815, #3859, #85 ) ;
#7781 = ORIENTED_EDGE ( 'NONE', *, *, #905, .T. ) ;
#7782 = B_SPLINE_CURVE_WITH_KNOTS ( 'NONE', 3,
 ( #4046, #3318, #9381, #8542 ),
 .UNSPECIFIED., .F., .F.,
 ( 4, 4 ),
 ( 0.002351664380968455405, 0.002708404001166484637 ),
 .UNSPECIFIED. ) ;
#7783 = CARTESIAN_POINT ( 'NONE',  ( 10.59495141409886365, 36.08169176544856072, 7.802764618609877800 ) ) ;
#7784 = B_SPLINE_SURFACE_WITH_KNOTS ( 'NONE', 3, 1, ( 
 ( #5597, #9277 ),
 ( #1185, #4139 ),
 ( #5549, #2566 ),
 ( #8629, #8532 ) ),
 .UNSPECIFIED., .F., .F., .F.,
 ( 4, 4 ),
 ( 2, 2 ),
 ( 0.000000000000000000, 1.000000000000000000 ),
 ( 0.000000000000000000, 1.000000000000000000 ),
 .UNSPECIFIED. ) ;
#7785 = CARTESIAN_POINT ( 'NONE',  ( 4.449999999999998401, 43.46108315147498757, -11.44999999999999929 ) ) ;
#7786 = DIRECTION ( 'NONE',  ( 0.000000000000000000, 0.000000000000000000, 1.000000000000000000 ) ) ;
#7787 = CARTESIAN_POINT ( 'NONE',  ( -0.3570727881021314998, 36.00000000000000000, -7.442927211897868212 ) ) ;
#7788 = CARTESIAN_POINT ( 'NONE',  ( 6.777324397912901865, 29.42303400285404535, 11.05178469407170105 ) ) ;
#7789 = CARTESIAN_POINT ( 'NONE',  ( 8.811387702746060313, 42.58729352548005664, 10.30464785662558747 ) ) ;
#7790 = CARTESIAN_POINT ( 'NONE',  ( 0.3570727881021313888, 36.00000000000000000, -7.442927211897868212 ) ) ;
#7791 = AXIS2_PLACEMENT_3D ( 'NONE', #1728, #4719, #5346 ) ;
#7792 = CARTESIAN_POINT ( 'NONE',  ( -4.450000000000001954, 5.500000000000000000, -4.449999999999997513 ) ) ;
#7793 = VECTOR ( 'NONE', #3684, 1000.000000000000000 ) ;
#7794 = EDGE_LOOP ( 'NONE', ( #5372, #4954, #8504, #8313 ) ) ;
#7795 = EDGE_CURVE ( 'NONE', #6939, #6678, #6182, .T. ) ;
#7796 = ORIENTED_EDGE ( 'NONE', *, *, #594, .T. ) ;
#7797 = VECTOR ( 'NONE', #2352, 1000.000000000000000 ) ;
#7798 = CARTESIAN_POINT ( 'NONE',  ( 7.293315545954904167, 23.43803400285404237, 10.84652692530338491 ) ) ;
#7799 = VECTOR ( 'NONE', #3998, 1000.000000000000114 ) ;
#7800 = VECTOR ( 'NONE', #7404, 1000.000000000000114 ) ;
#7801 = AXIS2_PLACEMENT_3D ( 'NONE', #3642, #9615, #643 ) ;
#7802 = CARTESIAN_POINT ( 'NONE',  ( 10.15040495321731306, 42.23469098800955379, 8.513075325570222063 ) ) ;
#7803 = ORIENTED_EDGE ( 'NONE', *, *, #3980, .F. ) ;
#7804 = CARTESIAN_POINT ( 'NONE',  ( -4.450000000000001066, 7.197618960442568437, 9.586357836860891268 ) ) ;
#7805 = CARTESIAN_POINT ( 'NONE',  ( 4.449999999999998401, 5.500000000000000000, -4.449999999999998401 ) ) ;
#7806 = CARTESIAN_POINT ( 'NONE',  ( 7.257207756582045199, 10.11803391499868532, 10.85284593502968242 ) ) ;
#7807 = CARTESIAN_POINT ( 'NONE',  ( 10.80898326737840875, 12.57933914705358802, 7.377160621930586970 ) ) ;
#7808 = VECTOR ( 'NONE', #6907, 1000.000000000000114 ) ;
#7809 = CARTESIAN_POINT ( 'NONE',  ( -11.45000000000532481, -3.626208954890135427E-12, 5.374767688892896800 ) ) ;
#7810 = ORIENTED_EDGE ( 'NONE', *, *, #3428, .T. ) ;
#7811 = ORIENTED_EDGE ( 'NONE', *, *, #6174, .F. ) ;
#7812 = CARTESIAN_POINT ( 'NONE',  ( -10.04397855905344628, 6.649999999999999467, 4.450000000000007283 ) ) ;
#7813 = ORIENTED_EDGE ( 'NONE', *, *, #7194, .F. ) ;
#7814 = EDGE_CURVE ( 'NONE', #8757, #2013, #3900, .T. ) ;
#7815 = CARTESIAN_POINT ( 'NONE',  ( -8.985223950274914273, 39.83335412408865750, -1.542474354229407929 ) ) ;
#7816 = CARTESIAN_POINT ( 'NONE',  ( 7.219537283611845879, 14.27303391499868468, 10.87881507236629552 ) ) ;
#7817 = CARTESIAN_POINT ( 'NONE',  ( 10.07569201876028764, 11.19803391499871204, 9.152917865425889588 ) ) ;
#7818 = VERTEX_POINT ( 'NONE', #1927 ) ;
#7819 = VECTOR ( 'NONE', #9015, 1000.000000000000000 ) ;
#7820 = ORIENTED_EDGE ( 'NONE', *, *, #9348, .T. ) ;
#7821 = CARTESIAN_POINT ( 'NONE',  ( 9.890300914026123991, 36.00000000000000000, -4.450000000000033928 ) ) ;
#7822 = AXIS2_PLACEMENT_3D ( 'NONE', #4939, #5715, #8796 ) ;
#7823 = CARTESIAN_POINT ( 'NONE',  ( 8.114030559457084735, 11.36533999774026782, 10.41593677005926644 ) ) ;
#7824 = EDGE_CURVE ( 'NONE', #4005, #7966, #9178, .T. ) ;
#7825 = EDGE_CURVE ( 'NONE', #8385, #1547, #5146, .T. ) ;
#7826 = AXIS2_PLACEMENT_3D ( 'NONE', #9422, #5204, #6574 ) ;
#7827 = DIRECTION ( 'NONE',  ( 0.7071067811865474617, 0.000000000000000000, 0.7071067811865474617 ) ) ;
#7828 = CARTESIAN_POINT ( 'NONE',  ( 7.985402004716784852, 11.94803391499870493, 10.26582157015744379 ) ) ;
#7829 = CARTESIAN_POINT ( 'NONE',  ( 9.531716886674058031, 35.99303391499870486, 9.690816108555209141 ) ) ;
#7830 = CARTESIAN_POINT ( 'NONE',  ( -9.890300914026145307, 36.00000000000000000, 0.3570727881020974159 ) ) ;
#7831 = CARTESIAN_POINT ( 'NONE',  ( 8.291940572989357605, 35.78303391499868980, 10.65721295217252340 ) ) ;
#7832 = CARTESIAN_POINT ( 'NONE',  ( 4.668507208297683952, 38.26588799863379364, -6.811202161235760499 ) ) ;
#7833 = ORIENTED_EDGE ( 'NONE', *, *, #677, .T. ) ;
#7834 = EDGE_LOOP ( 'NONE', ( #3975, #5521, #2263, #179 ) ) ;
#7835 = CIRCLE ( 'NONE', #3622, 5.588218919887175673 ) ;
#7836 = EDGE_LOOP ( 'NONE', ( #4561, #6911, #2311, #8021, #6076, #117, #3777 ) ) ;
#7837 = LINE ( 'NONE', #5910, #6951 ) ;
#7838 = CARTESIAN_POINT ( 'NONE',  ( 6.282235193577056620, 43.77030968683609302, -11.26780873540984729 ) ) ;
#7839 = DIRECTION ( 'NONE',  ( 0.005235963831419591756, 0.9999862922474268556, 0.000000000000000000 ) ) ;
#7840 = ADVANCED_FACE ( 'NONE', ( #6966 ), #5503, .F. ) ;
#7841 = DIRECTION ( 'NONE',  ( 0.7071067811865474617, 0.000000000000000000, 0.7071067811865474617 ) ) ;
#7842 = CARTESIAN_POINT ( 'NONE',  ( 9.507773315855349239, 12.37342785187725980, 9.290222902046492592 ) ) ;
#7843 = CARTESIAN_POINT ( 'NONE',  ( 9.113857777831775309, 42.70421389110111221, 10.06677814487640887 ) ) ;
#7844 = CARTESIAN_POINT ( 'NONE',  ( 1.530649667146575910, 39.15591825482287192, 8.818141051064225522 ) ) ;
#7845 = CARTESIAN_POINT ( 'NONE',  ( 0.2999999999999999334, 25.10000000000000497, -7.500000000000000000 ) ) ;
#7846 = VERTEX_POINT ( 'NONE', #8627 ) ;
#7847 = B_SPLINE_CURVE_WITH_KNOTS ( 'NONE', 3,
 ( #7992, #5111, #8832, #3404, #5064, #8086, #4334 ),
 .UNSPECIFIED., .F., .F.,
 ( 4, 3, 4 ),
 ( 0.0005257355417019082041, 0.0006493043714912909246, 0.0007830454567822193708 ),
 .UNSPECIFIED. ) ;
#7848 = VERTEX_POINT ( 'NONE', #2607 ) ;
#7849 = CARTESIAN_POINT ( 'NONE',  ( -9.947373702128276207, 25.10000000000000497, 4.450000000000003730 ) ) ;
#7850 = CARTESIAN_POINT ( 'NONE',  ( 10.60529961080118433, 15.87774325684471854, 7.783738223629242725 ) ) ;
#7851 = ORIENTED_EDGE ( 'NONE', *, *, #5062, .F. ) ;
#7852 = ADVANCED_FACE ( 'NONE', ( #9323 ), #2564, .T. ) ;
#7853 = CARTESIAN_POINT ( 'NONE',  ( 7.387840436205806327, 34.52692690662115638, 10.80376635172567745 ) ) ;
#7854 = CARTESIAN_POINT ( 'NONE',  ( 11.20100934007557036, 9.998033914998705640, 7.711437571033999738 ) ) ;
#7855 = B_SPLINE_CURVE_WITH_KNOTS ( 'NONE', 3,
 ( #564, #3562, #5367, #29, #1502, #6693, #3025, #3710, #7465, #3121 ),
 .UNSPECIFIED., .F., .F.,
 ( 4, 2, 2, 2, 4 ),
 ( 0.000000000000000000, 0.0005190854894928742611, 0.001038170978985748522, 0.001557256468478622783, 0.002076341957971497044 ),
 .UNSPECIFIED. ) ;
#7856 = CARTESIAN_POINT ( 'NONE',  ( 8.320631303992541916, 10.76303391499868134, 10.64347727630439522 ) ) ;
#7857 = DIRECTION ( 'NONE',  ( -3.898255002195072399E-16, -0.000000000000000000, -1.000000000000000000 ) ) ;
#7858 = LINE ( 'NONE', #4342, #8577 ) ;
#7859 = ORIENTED_EDGE ( 'NONE', *, *, #3704, .F. ) ;
#7860 = ORIENTED_EDGE ( 'NONE', *, *, #3795, .F. ) ;
#7861 = EDGE_CURVE ( 'NONE', #5271, #5265, #6368, .T. ) ;
#7862 = FACE_OUTER_BOUND ( 'NONE', #7213, .T. ) ;
#7863 = CARTESIAN_POINT ( 'NONE',  ( 6.825334418263433456, 39.13255635755320583, 4.661245592605377297 ) ) ;
#7864 = ORIENTED_EDGE ( 'NONE', *, *, #6351, .T. ) ;
#7865 = CARTESIAN_POINT ( 'NONE',  ( 10.60705856067766106, 12.00296879646340109, 7.782259257467250002 ) ) ;
#7866 = VERTEX_POINT ( 'NONE', #4090 ) ;
#7867 = B_SPLINE_SURFACE_WITH_KNOTS ( 'NONE', 3, 1, ( 
 ( #8648, #7964 ),
 ( #1261, #4256 ),
 ( #7221, #6540 ),
 ( #1952, #9543 ) ),
 .UNSPECIFIED., .F., .F., .F.,
 ( 4, 4 ),
 ( 2, 2 ),
 ( 0.000000000000000000, 1.000000000000000000 ),
 ( 0.000000000000000000, 1.000000000000000000 ),
 .UNSPECIFIED. ) ;
#7868 = ORIENTED_EDGE ( 'NONE', *, *, #5555, .T. ) ;
#7869 = CARTESIAN_POINT ( 'NONE',  ( 10.93441887875060736, 31.86803391499871196, 8.293375247132994232 ) ) ;
#7870 = CARTESIAN_POINT ( 'NONE',  ( 9.631016391231497664, 30.54803391499869747, 9.599196782192246147 ) ) ;
#7871 = AXIS2_PLACEMENT_3D ( 'NONE', #9438, #9541, #3662 ) ;
#7872 = DIRECTION ( 'NONE',  ( 0.000000000000000000, 1.000000000000000000, 0.000000000000000000 ) ) ;
#7873 = CARTESIAN_POINT ( 'NONE',  ( 7.910692475780913391, 12.56303391499868205, 11.14570619582342381 ) ) ;
#7874 = CARTESIAN_POINT ( 'NONE',  ( 11.30308905430576338, 8.708033914998699387, 6.964989147840331185 ) ) ;
#7875 = CARTESIAN_POINT ( 'NONE',  ( 10.43085228692104849, 42.15680499959476890, 8.636000018991044413 ) ) ;
#7876 = CARTESIAN_POINT ( 'NONE',  ( 7.740890091406471107, 28.64303391499870699, 10.48800013243034357 ) ) ;
#7877 = CARTESIAN_POINT ( 'NONE',  ( -9.653180910776233858, 17.88803400285406298, -13.24881908922377960 ) ) ;
#7878 = ORIENTED_EDGE ( 'NONE', *, *, #3931, .F. ) ;
#7879 = EDGE_LOOP ( 'NONE', ( #8650, #1805, #8748, #6876 ) ) ;
#7880 = EDGE_CURVE ( 'NONE', #7541, #3680, #3305, .T. ) ;
#7881 = AXIS2_PLACEMENT_3D ( 'NONE', #5645, #7108, #2520 ) ;
#7882 = EDGE_CURVE ( 'NONE', #4671, #5181, #351, .T. ) ;
#7883 = EDGE_LOOP ( 'NONE', ( #8547, #5600, #3902, #8096 ) ) ;
#7884 = CARTESIAN_POINT ( 'NONE',  ( 11.06284547671531726, 9.109352298261754299, 6.745959568446984633 ) ) ;
#7885 = AXIS2_PLACEMENT_3D ( 'NONE', #2602, #1410, #7271 ) ;
#7886 = CARTESIAN_POINT ( 'NONE',  ( 10.03821891988717496, 7.750000000000000000, 4.450000000000001954 ) ) ;
#7887 = CARTESIAN_POINT ( 'NONE',  ( 8.318099520725686702, 10.76303391499868134, 10.64094549303754000 ) ) ;
#7888 = LINE ( 'NONE', #5056, #3610 ) ;
#7889 = DIRECTION ( 'NONE',  ( 1.000000000000000000, 0.000000000000000000, 3.545691447467408577E-15 ) ) ;
#7890 = DIRECTION ( 'NONE',  ( -0.005235963831419590889, -0.9999862922474268556, 8.109776230115207641E-19 ) ) ;
#7891 = FACE_OUTER_BOUND ( 'NONE', #6028, .T. ) ;
#7892 = DIRECTION ( 'NONE',  ( 4.865865738069144229E-18, -0.9999862922474268556, -0.005235963831419591756 ) ) ;
#7893 = EDGE_LOOP ( 'NONE', ( #7989, #3913, #8401, #2151 ) ) ;
#7894 = EDGE_CURVE ( 'NONE', #6507, #5399, #6245, .T. ) ;
#7895 = EDGE_LOOP ( 'NONE', ( #6482, #1048, #5509, #8072 ) ) ;
#7896 = CARTESIAN_POINT ( 'NONE',  ( 7.966507709846831986, 17.14500779563767097, 10.50386666094924415 ) ) ;
#7897 = CARTESIAN_POINT ( 'NONE',  ( 0.000000000000000000, 37.39999999999999858, 0.000000000000000000 ) ) ;
#7898 = EDGE_LOOP ( 'NONE', ( #2309, #1276, #6255, #1298 ) ) ;
#7899 = CARTESIAN_POINT ( 'NONE',  ( 8.273130914128948632, 35.75303391499868155, 10.68082970018331146 ) ) ;
#7900 = CARTESIAN_POINT ( 'NONE',  ( 10.51965448949480830, 11.79187248959146750, 8.506513108939216750 ) ) ;
#7901 = CARTESIAN_POINT ( 'NONE',  ( 7.011412890117957986, 20.46303397356892972, 11.28587331701938190 ) ) ;
#7902 = DIRECTION ( 'NONE',  ( 0.7071067811865474617, 0.000000000000000000, 0.7071067811865474617 ) ) ;
#7903 = CARTESIAN_POINT ( 'NONE',  ( 4.502094453300079735, 2.812784650926730912, 11.15000000000000036 ) ) ;
#7904 = CARTESIAN_POINT ( 'NONE',  ( 11.23441498861017607, 12.57803391499870393, 7.553924388648250776 ) ) ;
#7905 = ORIENTED_EDGE ( 'NONE', *, *, #5433, .T. ) ;
#7906 = EDGE_CURVE ( 'NONE', #968, #8070, #3205, .T. ) ;
#7907 = ORIENTED_EDGE ( 'NONE', *, *, #1266, .F. ) ;
#7908 = PRODUCT_DEFINITION_CONTEXT ( 'detailed design', #16, 'design' ) ;
#7909 = CARTESIAN_POINT ( 'NONE',  ( -6.282235193576421572, 1.229690313163682713, -11.26780873541010841 ) ) ;
#7910 = CYLINDRICAL_SURFACE ( 'NONE', #7357, 9.199999999999992184 ) ;
#7911 = ORIENTED_EDGE ( 'NONE', *, *, #2682, .T. ) ;
#7912 = PLANE ( 'NONE',  #5224 ) ;
#7913 = EDGE_LOOP ( 'NONE', ( #7811, #908, #1802, #2481 ) ) ;
#7914 = EDGE_CURVE ( 'NONE', #7848, #7377, #9591, .T. ) ;
#7915 = EDGE_LOOP ( 'NONE', ( #4245, #9423, #9033, #895 ) ) ;
#7916 = CARTESIAN_POINT ( 'NONE',  ( -9.500000000000015987, 37.39999999999999858, 1.499999999999900524 ) ) ;
#7917 = FACE_OUTER_BOUND ( 'NONE', #4943, .T. ) ;
#7918 = CARTESIAN_POINT ( 'NONE',  ( -11.45000000000000462, -7.533041800325000539E-16, 11.15000000000000213 ) ) ;
#7919 = CARTESIAN_POINT ( 'NONE',  ( -1.542474354229313782, 39.83335412408865750, -8.985223950274932037 ) ) ;
#7920 = CARTESIAN_POINT ( 'NONE',  ( 10.83077696364476772, 41.67803391499871424, 7.319991991167756673 ) ) ;
#7921 = VECTOR ( 'NONE', #6080, 1000.000000000000000 ) ;
#7922 = CARTESIAN_POINT ( 'NONE',  ( 11.07559493418365193, 31.76303391499870443, 7.522383554835403885 ) ) ;
#7923 = DIRECTION ( 'NONE',  ( -0.000000000000000000, -1.000000000000000000, -0.000000000000000000 ) ) ;
#7924 = CARTESIAN_POINT ( 'NONE',  ( 7.228741036974119183, 27.90807157080667267, 11.20137693720295502 ) ) ;
#7925 = ORIENTED_EDGE ( 'NONE', *, *, #8807, .T. ) ;
#7926 = VECTOR ( 'NONE', #9272, 1000.000000000000000 ) ;
#7927 = EDGE_LOOP ( 'NONE', ( #6818, #6197, #669, #1688, #5587, #3553 ) ) ;
#7928 = B_SPLINE_CURVE_WITH_KNOTS ( 'NONE', 3,
 ( #1510, #7328, #6753, #719, #8906, #8809, #4412, #7382, #1413, #2155 ),
 .UNSPECIFIED., .F., .F.,
 ( 4, 2, 2, 2, 4 ),
 ( 0.000000000000000000, 0.0006031249642715413254, 0.001206249928543082651, 0.001809374892814623976, 0.002412499857086165302 ),
 .UNSPECIFIED. ) ;
#7929 = ORIENTED_EDGE ( 'NONE', *, *, #6817, .T. ) ;
#7930 = CARTESIAN_POINT ( 'NONE',  ( 1.545383168813365904, 39.99999999999998579, 8.815570932250970770 ) ) ;
#7931 = CARTESIAN_POINT ( 'NONE',  ( 11.26193410606299672, 8.423033914998704574, 7.645083116407835000 ) ) ;
#7932 = CARTESIAN_POINT ( 'NONE',  ( 9.478538660108679181, 27.80090176106126520, 9.319946326349311860 ) ) ;
#7933 = CARTESIAN_POINT ( 'NONE',  ( 9.947373702128261996, 25.10000000000000497, -0.2999999999999218847 ) ) ;
#7934 = CARTESIAN_POINT ( 'NONE',  ( 7.312321178608862660, 35.23190053667831023, 11.16596564116087187 ) ) ;
#7935 = EDGE_CURVE ( 'NONE', #4458, #324, #5611, .T. ) ;
#7936 = ORIENTED_EDGE ( 'NONE', *, *, #9127, .T. ) ;
#7937 = ORIENTED_EDGE ( 'NONE', *, *, #1490, .T. ) ;
#7938 = CARTESIAN_POINT ( 'NONE',  ( 6.761624507423577235, 33.77303391499870600, 11.05729839924600455 ) ) ;
#7939 = CARTESIAN_POINT ( 'NONE',  ( 11.30308905430572253, 39.88688753981168844, 6.964989147840437766 ) ) ;
#7940 = EDGE_LOOP ( 'NONE', ( #7079, #4052, #621, #6684 ) ) ;
#7941 = AXIS2_PLACEMENT_3D ( 'NONE', #2691, #1315, #5683 ) ;
#7942 = B_SPLINE_CURVE_WITH_KNOTS ( 'NONE', 3,
 ( #8331, #5990, #7452, #8981, #744, #3745, #794, #2378, #2281, #5255, #8238, #7504 ),
 .UNSPECIFIED., .F., .F.,
 ( 4, 2, 2, 2, 2, 4 ),
 ( 0.000000000000000000, 0.0003804246078396832922, 0.0007608492156793665844, 0.001141273823519049768, 0.001331486127438892119, 0.001521698431358734470 ),
 .UNSPECIFIED. ) ;
#7943 = CARTESIAN_POINT ( 'NONE',  ( 7.867733062448091452, 35.75303391499868155, 10.27543184850245517 ) ) ;
#7944 = CARTESIAN_POINT ( 'NONE',  ( -10.05000000000000071, 5.500000000000000000, 4.450000000000003730 ) ) ;
#7945 = FACE_OUTER_BOUND ( 'NONE', #7225, .T. ) ;
#7946 = EDGE_CURVE ( 'NONE', #5099, #9544, #7355, .T. ) ;
#7947 = ADVANCED_FACE ( 'NONE', ( #7986 ), #9442, .T. ) ;
#7948 = CARTESIAN_POINT ( 'NONE',  ( 7.587721978938223977, 12.96803391499868496, 11.11972054707908697 ) ) ;
#7949 = B_SPLINE_SURFACE_WITH_KNOTS ( 'NONE', 2, 1, ( 
 ( #7694, #9636 ),
 ( #992, #3988 ),
 ( #27, #3024 ) ),
 .UNSPECIFIED., .F., .F., .F.,
 ( 3, 3 ),
 ( 2, 2 ),
 ( 0.000000000000000000, 1.000000000000000000 ),
 ( 0.000000000000000000, 1.000000000000000000 ),
 .UNSPECIFIED. ) ;
#7950 = CARTESIAN_POINT ( 'NONE',  ( 8.776806454712390959, 3.566531711534232318, 10.02880567372671194 ) ) ;
#7951 = FACE_OUTER_BOUND ( 'NONE', #3229, .T. ) ;
#7952 = ORIENTED_EDGE ( 'NONE', *, *, #111, .T. ) ;
#7953 = VECTOR ( 'NONE', #1917, 1000.000000000000114 ) ;
#7954 = ORIENTED_EDGE ( 'NONE', *, *, #2681, .F. ) ;
#7955 = CARTESIAN_POINT ( 'NONE',  ( -7.772152712254422724, 0.6485037077550235285, -10.30436880318693404 ) ) ;
#7956 = FACE_OUTER_BOUND ( 'NONE', #1676, .T. ) ;
#7957 = ORIENTED_EDGE ( 'NONE', *, *, #3298, .F. ) ;
#7958 = CARTESIAN_POINT ( 'NONE',  ( 6.965392841540462676, 32.56684331850416214, 10.98328563087737209 ) ) ;
#7959 = EDGE_CURVE ( 'NONE', #8535, #3762, #2924, .T. ) ;
#7960 = VECTOR ( 'NONE', #1489, 1000.000000000000114 ) ;
#7961 = LINE ( 'NONE', #2876, #218 ) ;
#7962 = VECTOR ( 'NONE', #6569, 1000.000000000000000 ) ;
#7963 = CARTESIAN_POINT ( 'NONE',  ( 8.823406371691156380, 37.39999999999999858, -1.499999999999968914 ) ) ;
#7964 = CARTESIAN_POINT ( 'NONE',  ( 10.67191074286592212, 17.19803391499871026, 8.561197197138152859 ) ) ;
#7965 = CARTESIAN_POINT ( 'NONE',  ( 10.29735049054564300, 11.19803391499871026, 8.303654668540957573 ) ) ;
#7966 = VERTEX_POINT ( 'NONE', #2169 ) ;
#7967 = VERTEX_POINT ( 'NONE', #2703 ) ;
#7968 = B_SPLINE_CURVE_WITH_KNOTS ( 'NONE', 3,
 ( #5522, #1848, #415, #1758, #4701, #2491, #3417, #6391, #9252, #3326 ),
 .UNSPECIFIED., .F., .F.,
 ( 4, 2, 2, 2, 4 ),
 ( 0.000000000000000000, 0.0007290589863370610562, 0.001458117972674122112, 0.002187176959011183277, 0.002916235945348244225 ),
 .UNSPECIFIED. ) ;
#7969 = CARTESIAN_POINT ( 'NONE',  ( 10.89634401782467776, 37.89534308149575281, 7.882103634878570908 ) ) ;
#7970 = CARTESIAN_POINT ( 'NONE',  ( -9.281949850653305134, 22.83803400285406937, -13.62005014934670655 ) ) ;
#7971 = EDGE_CURVE ( 'NONE', #8780, #857, #9511, .T. ) ;
#7972 = CARTESIAN_POINT ( 'NONE',  ( -9.586357836860889492, 7.197618960442568437, 4.450000000000001954 ) ) ;
#7973 = CARTESIAN_POINT ( 'NONE',  ( 11.05581728928819807, 12.71302049170355808, 7.557182195502339717 ) ) ;
#7974 = DIRECTION ( 'NONE',  ( 0.000000000000000000, 0.000000000000000000, 1.000000000000000000 ) ) ;
#7975 = DIRECTION ( 'NONE',  ( 0.000000000000000000, -1.000000000000000000, 0.000000000000000000 ) ) ;
#7976 = CARTESIAN_POINT ( 'NONE',  ( 0.000000000000000000, 44.20218114339339621, 0.000000000000000000 ) ) ;
#7977 = VERTEX_POINT ( 'NONE', #6419 ) ;
#7978 = ORIENTED_EDGE ( 'NONE', *, *, #6583, .F. ) ;
#7979 = ORIENTED_EDGE ( 'NONE', *, *, #9090, .F. ) ;
#7980 = AXIS2_PLACEMENT_3D ( 'NONE', #3672, #6651, #5138 ) ;
#7981 = CARTESIAN_POINT ( 'NONE',  ( -7.385261650507632503, 39.91668805191901015, 5.201816385339007809 ) ) ;
#7982 = CARTESIAN_POINT ( 'NONE',  ( 7.975332859535106067, 3.703197791696660524, -10.56650471974779038 ) ) ;
#7983 = EDGE_CURVE ( 'NONE', #101, #3472, #7400, .T. ) ;
#7984 = CARTESIAN_POINT ( 'NONE',  ( 11.30331720146602947, 17.88803400285406298, 7.707679023018473075 ) ) ;
#7985 = FACE_OUTER_BOUND ( 'NONE', #6483, .T. ) ;
#7986 = FACE_OUTER_BOUND ( 'NONE', #3831, .T. ) ;
#7987 = AXIS2_PLACEMENT_3D ( 'NONE', #5615, #3369, #4159 ) ;
#7988 = ORIENTED_EDGE ( 'NONE', *, *, #3843, .T. ) ;
#7989 = ORIENTED_EDGE ( 'NONE', *, *, #5930, .T. ) ;
#7990 = ADVANCED_FACE ( 'NONE', ( #492, #3494 ), #5839, .T. ) ;
#7991 = CARTESIAN_POINT ( 'NONE',  ( 0.000000000000000000, 25.10000000000000497, 0.000000000000000000 ) ) ;
#7992 = CARTESIAN_POINT ( 'NONE',  ( 1.531419116870791797, 39.19999999999998153, 9.071645687993031615 ) ) ;
#7993 = FACE_OUTER_BOUND ( 'NONE', #4793, .T. ) ;
#7994 = CARTESIAN_POINT ( 'NONE',  ( 7.532543326174253373, 40.88155486932734561, 10.73737163532929095 ) ) ;
#7995 = CARTESIAN_POINT ( 'NONE',  ( 7.641859816628648439, 37.08199125685142405, 11.01695858986201060 ) ) ;
#7996 = CARTESIAN_POINT ( 'NONE',  ( 10.51337855143067834, 10.74803391499870564, 7.723842495763791227 ) ) ;
#7997 = CARTESIAN_POINT ( 'NONE',  ( -7.975332859534256080, 0.9439460336586140699, 10.56650471974814742 ) ) ;
#7998 = CARTESIAN_POINT ( 'NONE',  ( 5.331745340123539734, 39.19999999999998153, -7.497499024879617835 ) ) ;
#7999 = VERTEX_POINT ( 'NONE', #4328 ) ;
#8000 = ORIENTED_EDGE ( 'NONE', *, *, #1320, .T. ) ;
#8001 = EDGE_CURVE ( 'NONE', #1905, #6328, #8174, .T. ) ;
#8002 = ADVANCED_FACE ( 'NONE', ( #1625 ), #8228, .T. ) ;
#8003 = DIRECTION ( 'NONE',  ( -5.421010862427522786E-17, 0.000000000000000000, 1.000000000000000000 ) ) ;
#8004 = DIRECTION ( 'NONE',  ( 0.000000000000000000, 0.000000000000000000, -1.000000000000000000 ) ) ;
#8005 = EDGE_LOOP ( 'NONE', ( #1833, #9048, #1421, #7101 ) ) ;
#8006 = DIRECTION ( 'NONE',  ( 0.000000000000000000, 0.000000000000000000, 1.000000000000000000 ) ) ;
#8007 = PLANE ( 'NONE',  #3977 ) ;
#8008 = DIRECTION ( 'NONE',  ( 0.7071067811865440200, 0.000000000000000000, 0.7071067811865511255 ) ) ;
#8009 = FACE_OUTER_BOUND ( 'NONE', #7732, .T. ) ;
#8010 = ORIENTED_EDGE ( 'NONE', *, *, #5492, .T. ) ;
#8011 = VERTEX_POINT ( 'NONE', #830 ) ;
#8012 = EDGE_CURVE ( 'NONE', #7377, #8325, #6664, .T. ) ;
#8013 = CARTESIAN_POINT ( 'NONE',  ( 10.01380974019293291, 11.96303391499870017, 9.175888400600927142 ) ) ;
#8014 = DIRECTION ( 'NONE',  ( 0.000000000000000000, 0.000000000000000000, 1.000000000000000000 ) ) ;
#8015 = FACE_OUTER_BOUND ( 'NONE', #7883, .T. ) ;
#8016 = FACE_OUTER_BOUND ( 'NONE', #8005, .T. ) ;
#8017 = DIRECTION ( 'NONE',  ( 0.7071067811865474617, 0.000000000000000000, 0.7071067811865474617 ) ) ;
#8018 = DIRECTION ( 'NONE',  ( -0.000000000000000000, 1.000000000000000000, -0.000000000000000000 ) ) ;
#8019 = CARTESIAN_POINT ( 'NONE',  ( 9.120012596024418272, 30.61443682847771441, 10.06339434292051926 ) ) ;
#8020 = DIRECTION ( 'NONE',  ( 3.594534017133189266E-15, -1.000000000000000000, -3.594534017133189266E-15 ) ) ;
#8021 = ORIENTED_EDGE ( 'NONE', *, *, #6365, .F. ) ;
#8022 = ORIENTED_EDGE ( 'NONE', *, *, #852, .F. ) ;
#8023 = EDGE_CURVE ( 'NONE', #3219, #8335, #5369, .T. ) ;
#8024 = ORIENTED_EDGE ( 'NONE', *, *, #5858, .T. ) ;
#8025 = AXIS2_PLACEMENT_3D ( 'NONE', #146, #3047, #8318 ) ;
#8026 = CARTESIAN_POINT ( 'NONE',  ( 8.720851822145419874, 44.51877754188932812, -10.07094002680956457 ) ) ;
#8027 = CARTESIAN_POINT ( 'NONE',  ( 5.379280525977385707, 2.967456222641440711, -11.14999999999845492 ) ) ;
#8028 = AXIS2_PLACEMENT_3D ( 'NONE', #5938, #61, #5893 ) ;
#8029 = CARTESIAN_POINT ( 'NONE',  ( 10.20848035063147741, 17.16803391499870912, 7.906847973983336608 ) ) ;
#8030 =( BOUNDED_CURVE ( )  B_SPLINE_CURVE ( 3, ( #4466, #4566, #8262, #1564 ),
 .UNSPECIFIED., .F., .T. ) 
 B_SPLINE_CURVE_WITH_KNOTS ( ( 4, 4 ),
 ( 4.274183608242227095, 5.063752203667474916 ),
 .UNSPECIFIED. ) 
 CURVE ( )  GEOMETRIC_REPRESENTATION_ITEM ( )  RATIONAL_B_SPLINE_CURVE ( ( 1.000000000000000000, 0.9487196979311001144, 0.9487196979311001144, 1.000000000000000000 ) ) 
 REPRESENTATION_ITEM ( '' )  );
#8031 = CARTESIAN_POINT ( 'NONE',  ( 11.07365220103987191, 13.22671458243495834, 6.714339091138866955 ) ) ;
#8032 = AXIS2_PLACEMENT_3D ( 'NONE', #7897, #1289, #1193 ) ;
#8033 = CARTESIAN_POINT ( 'NONE',  ( 8.423348955126337856, 17.18303391499870969, 10.78862133430941661 ) ) ;
#8034 = CARTESIAN_POINT ( 'NONE',  ( 8.906604270784857391, 30.61454420067531856, 9.850735960535871527 ) ) ;
#8035 = AXIS2_PLACEMENT_3D ( 'NONE', #5036, #563, #515 ) ;
#8036 = ORIENTED_EDGE ( 'NONE', *, *, #134, .T. ) ;
#8037 = EDGE_CURVE ( 'NONE', #2633, #3841, #6121, .T. ) ;
#8038 = ORIENTED_EDGE ( 'NONE', *, *, #2928, .T. ) ;
#8039 = CARTESIAN_POINT ( 'NONE',  ( 5.153034575406721274, 39.15591825482287192, -7.317700093927250293 ) ) ;
#8040 = CARTESIAN_POINT ( 'NONE',  ( 8.824413835242557624, 6.143033914998687450, 10.40479768730851085 ) ) ;
#8041 = CARTESIAN_POINT ( 'NONE',  ( 10.16434585343120389, 44.77330448610020142, 5.952236824577187058 ) ) ;
#8042 = AXIS2_PLACEMENT_3D ( 'NONE', #2220, #8076, #5928 ) ;
#8043 = CARTESIAN_POINT ( 'NONE',  ( 11.11949769050476000, 33.80303391499872134, 7.417793887107343664 ) ) ;
#8044 = LINE ( 'NONE', #1338, #2028 ) ;
#8045 = CARTESIAN_POINT ( 'NONE',  ( 10.02129078497140036, 11.21179027037220877, 8.690051690422512465 ) ) ;
#8046 = FACE_OUTER_BOUND ( 'NONE', #7834, .T. ) ;
#8047 = CARTESIAN_POINT ( 'NONE',  ( 11.44999999999999929, 4.289617747577137763, 4.449999999999996625 ) ) ;
#8048 = DIRECTION ( 'NONE',  ( -0.7071067811865475727, -2.486793086197957231E-15, 0.7071067811865475727 ) ) ;
#8049 = ORIENTED_EDGE ( 'NONE', *, *, #9504, .F. ) ;
#8050 = ORIENTED_EDGE ( 'NONE', *, *, #300, .F. ) ;
#8051 = CARTESIAN_POINT ( 'NONE',  ( 11.25964732641575416, 34.89773117090476973, 7.081819011054646396 ) ) ;
#8052 = VERTEX_POINT ( 'NONE', #147 ) ;
#8053 = CARTESIAN_POINT ( 'NONE',  ( 10.85723890110321577, 14.43599777733961176, 7.269224015617520962 ) ) ;
#8054 = DIRECTION ( 'NONE',  ( 0.7071067811865474617, 0.000000000000000000, 0.7071067811865474617 ) ) ;
#8055 = EDGE_CURVE ( 'NONE', #9257, #90, #7572, .T. ) ;
#8056 = LINE ( 'NONE', #3663, #4528 ) ;
#8057 = CARTESIAN_POINT ( 'NONE',  ( 10.62151946442125094, 10.42125925910968753, 7.754888132269670109 ) ) ;
#8058 = VERTEX_POINT ( 'NONE', #784 ) ;
#8059 = ORIENTED_EDGE ( 'NONE', *, *, #1051, .T. ) ;
#8060 = CARTESIAN_POINT ( 'NONE',  ( 8.040912435619778975, 12.01178814986785781, 10.46120289320280250 ) ) ;
#8061 = EDGE_LOOP ( 'NONE', ( #2261, #3669, #4111, #1495 ) ) ;
#8062 = DIRECTION ( 'NONE',  ( 0.7071067811865474617, 0.000000000000000000, 0.7071067811865474617 ) ) ;
#8063 = CARTESIAN_POINT ( 'NONE',  ( 7.961509171462766155, 28.57442593562532096, 10.85701243059476617 ) ) ;
#8064 = CARTESIAN_POINT ( 'NONE',  ( 11.05962746399328722, 6.698033914998700489, 7.548842491516098541 ) ) ;
#8065 = ADVANCED_FACE ( 'NONE', ( #2366 ), #3734, .F. ) ;
#8066 = ADVANCED_FACE ( 'NONE', ( #6856 ), #1616, .T. ) ;
#8067 = CARTESIAN_POINT ( 'NONE',  ( 11.07311703531415858, 31.76303391499870443, 7.519905655965911428 ) ) ;
#8068 = CARTESIAN_POINT ( 'NONE',  ( 9.377612027654512517, 30.56028410654951699, 9.838678261046339912 ) ) ;
#8069 = CARTESIAN_POINT ( 'NONE',  ( -9.890300914026147083, 36.00000000000000000, -4.449999999999995737 ) ) ;
#8070 = VERTEX_POINT ( 'NONE', #7394 ) ;
#8071 = ORIENTED_EDGE ( 'NONE', *, *, #6145, .F. ) ;
#8072 = ORIENTED_EDGE ( 'NONE', *, *, #1949, .T. ) ;
#8073 = CARTESIAN_POINT ( 'NONE',  ( 9.319558577349434714, 35.99303391499870486, 9.478657799230585823 ) ) ;
#8074 = CARTESIAN_POINT ( 'NONE',  ( 10.83180286547026405, 7.508033914998702762, 7.278591486121888110 ) ) ;
#8075 = CARTESIAN_POINT ( 'NONE',  ( 0.000000000000000000, 44.20218114339339621, 0.000000000000000000 ) ) ;
#8076 = DIRECTION ( 'NONE',  ( -0.000000000000000000, 1.000000000000000000, -0.000000000000000000 ) ) ;
#8077 = CARTESIAN_POINT ( 'NONE',  ( 11.06572984863560372, 12.84045483443946623, 6.740832841827381294 ) ) ;
#8078 = EDGE_CURVE ( 'NONE', #6958, #8617, #6179, .T. ) ;
#8079 = FACE_OUTER_BOUND ( 'NONE', #4970, .T. ) ;
#8080 = CARTESIAN_POINT ( 'NONE',  ( 8.383667889637147042, 30.83740036901124171, 10.24217548823289903 ) ) ;
#8081 = VERTEX_POINT ( 'NONE', #2221 ) ;
#8082 = VERTEX_POINT ( 'NONE', #3688 ) ;
#8083 = DIRECTION ( 'NONE',  ( -0.000000000000000000, 1.000000000000000000, 0.000000000000000000 ) ) ;
#8084 =( BOUNDED_CURVE ( )  B_SPLINE_CURVE ( 3, ( #4446, #3147, #1629, #700 ),
 .UNSPECIFIED., .F., .T. ) 
 B_SPLINE_CURVE_WITH_KNOTS ( ( 4, 4 ),
 ( 3.141592653589793116, 4.712388980384689674 ),
 .UNSPECIFIED. ) 
 CURVE ( )  GEOMETRIC_REPRESENTATION_ITEM ( )  RATIONAL_B_SPLINE_CURVE ( ( 1.000000000000000000, 0.8047378541243649375, 0.8047378541243649375, 1.000000000000000000 ) ) 
 REPRESENTATION_ITEM ( '' )  );
#8085 = B_SPLINE_CURVE_WITH_KNOTS ( 'NONE', 3,
 ( #6205, #9203, #7041, #8602, #7764, #5478, #4656, #2544, #4113, #7085, #8461, #1809 ),
 .UNSPECIFIED., .F., .F.,
 ( 4, 2, 2, 2, 2, 4 ),
 ( 0.000000000000000000, 0.0003489563570984357123, 0.0006979127141968714245, 0.001395825428393732441, 0.002093738142590598553, 0.002791650856787464448 ),
 .UNSPECIFIED. ) ;
#8086 = CARTESIAN_POINT ( 'NONE',  ( 1.530782927485059508, 39.16355273450151486, 8.862062636215529920 ) ) ;
#8087 = FACE_OUTER_BOUND ( 'NONE', #6745, .T. ) ;
#8088 = CARTESIAN_POINT ( 'NONE',  ( 7.064051367018726602, 13.80803391499869903, 11.44457807258341830 ) ) ;
#8089 = DIRECTION ( 'NONE',  ( 1.949127501097536446E-16, 0.000000000000000000, 1.000000000000000000 ) ) ;
#8090 = CARTESIAN_POINT ( 'NONE',  ( 11.03342365558267346, 17.74138160040707035, 6.829182095289088039 ) ) ;
#8091 = EDGE_CURVE ( 'NONE', #5922, #1897, #3048, .T. ) ;
#8092 = CARTESIAN_POINT ( 'NONE',  ( 10.65126437376205537, 10.82303391499871914, 7.585956673432413311 ) ) ;
#8093 = CARTESIAN_POINT ( 'NONE',  ( 10.81463946968518997, 16.65803391499870401, 8.025103414018333936 ) ) ;
#8094 = DIRECTION ( 'NONE',  ( 2.533865751426797207E-15, 0.000000000000000000, 1.000000000000000000 ) ) ;
#8095 = ORIENTED_EDGE ( 'NONE', *, *, #9427, .F. ) ;
#8096 = ORIENTED_EDGE ( 'NONE', *, *, #8206, .T. ) ;
#8097 = CARTESIAN_POINT ( 'NONE',  ( 8.574595118793647330, 5.772217177570335700, 10.47500890670335849 ) ) ;
#8098 = AXIS2_PLACEMENT_3D ( 'NONE', #5336, #7488, #3089 ) ;
#8099 = CARTESIAN_POINT ( 'NONE',  ( 10.97665783925987881, 41.00389840628410809, 6.982643492246261019 ) ) ;
#8100 = ORIENTED_EDGE ( 'NONE', *, *, #7236, .T. ) ;
#8101 = FACE_OUTER_BOUND ( 'NONE', #6785, .T. ) ;
#8102 = FACE_OUTER_BOUND ( 'NONE', #9152, .T. ) ;
#8103 = CARTESIAN_POINT ( 'NONE',  ( 7.694554685306732367, 28.38803391499868667, 10.99320801565611383 ) ) ;
#8104 = CIRCLE ( 'NONE', #5295, 5.599999999999998757 ) ;
#8105 = DIRECTION ( 'NONE',  ( -1.000000000000000000, 0.000000000000000000, 1.949127501097535214E-16 ) ) ;
#8106 = ORIENTED_EDGE ( 'NONE', *, *, #4698, .T. ) ;
#8107 = ORIENTED_EDGE ( 'NONE', *, *, #5322, .T. ) ;
#8108 = EDGE_CURVE ( 'NONE', #9247, #1096, #5535, .T. ) ;
#8109 = CARTESIAN_POINT ( 'NONE',  ( -7.317700093927197003, 39.15591825482287192, -5.153034575406798545 ) ) ;
#8110 = ORIENTED_EDGE ( 'NONE', *, *, #5015, .F. ) ;
#8111 = VECTOR ( 'NONE', #3838, 1000.000000000000114 ) ;
#8112 = AXIS2_PLACEMENT_3D ( 'NONE', #3410, #2577, #8777 ) ;
#8113 = CARTESIAN_POINT ( 'NONE',  ( -10.30001269126618446, 7.197618960442568437, -4.449999999999998401 ) ) ;
#8114 = CARTESIAN_POINT ( 'NONE',  ( -13.62005014934675984, 8.708033914998678071, -9.281949850653251843 ) ) ;
#8115 = CARTESIAN_POINT ( 'NONE',  ( 8.399644821273355433, 36.32303391499869605, 10.82855681076331678 ) ) ;
#8116 = LINE ( 'NONE', #8166, #6064 ) ;
#8117 = CARTESIAN_POINT ( 'NONE',  ( 0.000000000000000000, 37.39999999999999858, 0.000000000000000000 ) ) ;
#8118 = CARTESIAN_POINT ( 'NONE',  ( 8.291940572989357605, 35.78303391499868980, 10.65721295217252340 ) ) ;
#8119 = CARTESIAN_POINT ( 'NONE',  ( 7.910679500106432727, 6.296191531472209668, 10.88050844574570064 ) ) ;
#8120 = EDGE_LOOP ( 'NONE', ( #4281, #8221, #555, #9502, #9148, #618 ) ) ;
#8121 = ORIENTED_EDGE ( 'NONE', *, *, #4964, .F. ) ;
#8122 = EDGE_CURVE ( 'NONE', #3820, #6398, #8397, .T. ) ;
#8123 = EDGE_CURVE ( 'NONE', #8582, #7616, #9690, .T. ) ;
#8124 = CARTESIAN_POINT ( 'NONE',  ( 10.72546567259655070, 17.17993842785523384, 8.179943246044494742 ) ) ;
#8125 = CARTESIAN_POINT ( 'NONE',  ( 10.62167463579776872, 15.80303391499871069, 7.747285766388519512 ) ) ;
#8126 = AXIS2_PLACEMENT_3D ( 'NONE', #5976, #2167, #8317 ) ;
#8127 = FACE_OUTER_BOUND ( 'NONE', #1381, .T. ) ;
#8128 = DIRECTION ( 'NONE',  ( -0.000000000000000000, 1.000000000000000000, -0.000000000000000000 ) ) ;
#8129 = CARTESIAN_POINT ( 'NONE',  ( 7.252970785536283493, 6.849576608214535511, 10.86615832185375119 ) ) ;
#8130 = FACE_OUTER_BOUND ( 'NONE', #2598, .T. ) ;
#8131 = CIRCLE ( 'NONE', #6581, 0.2999999999999999334 ) ;
#8132 = ORIENTED_EDGE ( 'NONE', *, *, #2884, .F. ) ;
#8133 = EDGE_CURVE ( 'NONE', #2118, #3007, #4694, .T. ) ;
#8134 = CARTESIAN_POINT ( 'NONE',  ( 10.14053844399123072, 36.23616697489940464, 8.532793082953322283 ) ) ;
#8135 = CARTESIAN_POINT ( 'NONE',  ( 0.000000000000000000, 44.20218114339339621, 0.000000000000000000 ) ) ;
#8136 = CARTESIAN_POINT ( 'NONE',  ( 10.16434585343120389, 44.77330448610020142, -5.952236824577187058 ) ) ;
#8137 = CARTESIAN_POINT ( 'NONE',  ( 10.89153237827059328, 34.00162621293825538, 7.189828574873177836 ) ) ;
#8138 = CARTESIAN_POINT ( 'NONE',  ( -9.070019801569760176, 39.74999999999998579, -1.541019402581406350 ) ) ;
#8139 = CARTESIAN_POINT ( 'NONE',  ( 11.08140484849210061, 35.33303391499872248, 6.679665331720012311 ) ) ;
#8140 = CIRCLE ( 'NONE', #5957, 8.949999999999999289 ) ;
#8141 = CARTESIAN_POINT ( 'NONE',  ( 11.47571524761911910, 39.50303391499870287, 7.137615341153832560 ) ) ;
#8142 = ORIENTED_EDGE ( 'NONE', *, *, #9429, .T. ) ;
#8143 = CARTESIAN_POINT ( 'NONE',  ( 11.25660354764076310, 17.34803391499870173, 7.088209268660143891 ) ) ;
#8144 = CARTESIAN_POINT ( 'NONE',  ( 0.000000000000000000, 39.19999999999998153, 0.000000000000000000 ) ) ;
#8145 = ORIENTED_EDGE ( 'NONE', *, *, #4356, .T. ) ;
#8146 = EDGE_LOOP ( 'NONE', ( #3567, #2017, #413, #6268 ) ) ;
#8147 = VECTOR ( 'NONE', #5279, 1000.000000000000000 ) ;
#8148 = ADVANCED_FACE ( 'NONE', ( #4021 ), #1723, .T. ) ;
#8149 = CARTESIAN_POINT ( 'NONE',  ( 9.466703882967035355, 11.85803391499869797, 9.753082325461637225 ) ) ;
#8150 = CARTESIAN_POINT ( 'NONE',  ( 8.054872721613632436, 10.91303391499869235, 10.90804877981539889 ) ) ;
#8151 = ORIENTED_EDGE ( 'NONE', *, *, #2335, .F. ) ;
#8152 = CARTESIAN_POINT ( 'NONE',  ( 9.627764853909777543, 38.71303394428382205, 9.595945114127889752 ) ) ;
#8153 = CARTESIAN_POINT ( 'NONE',  ( 8.751827042193120576, 44.18710297504591011, 10.04766789441854513 ) ) ;
#8154 = FACE_OUTER_BOUND ( 'NONE', #7660, .T. ) ;
#8155 = DIRECTION ( 'NONE',  ( -0.000000000000000000, 1.000000000000000000, -0.000000000000000000 ) ) ;
#8156 = AXIS2_PLACEMENT_3D ( 'NONE', #7534, #5100, #778 ) ;
#8157 = EDGE_CURVE ( 'NONE', #7468, #820, #8343, .T. ) ;
#8158 = ORIENTED_EDGE ( 'NONE', *, *, #3976, .T. ) ;
#8159 = EDGE_LOOP ( 'NONE', ( #7270, #7080, #3088, #4558 ) ) ;
#8160 = EDGE_CURVE ( 'NONE', #6646, #4459, #7089, .T. ) ;
#8161 = CARTESIAN_POINT ( 'NONE',  ( 9.129009749790531814, 36.63461469536011350, 10.05581553080111590 ) ) ;
#8162 = ORIENTED_EDGE ( 'NONE', *, *, #9210, .T. ) ;
#8163 = CARTESIAN_POINT ( 'NONE',  ( 1.499999999999999778, 37.39999999999999858, 8.112490369793974310 ) ) ;
#8164 = CARTESIAN_POINT ( 'NONE',  ( 6.961644113784490884, 13.54627808684157309, 11.30466298031013217 ) ) ;
#8165 = CARTESIAN_POINT ( 'NONE',  ( 8.293787682384978766, 35.78303391499868980, 10.65906006156814456 ) ) ;
#8166 = CARTESIAN_POINT ( 'NONE',  ( -15.29934276308591734, 40.28336915464910817, -11.14999999999999680 ) ) ;
#8167 = DIRECTION ( 'NONE',  ( 0.7071067811865474617, 0.000000000000000000, 0.7071067811865474617 ) ) ;
#8168 = EDGE_CURVE ( 'NONE', #2726, #1322, #5438, .T. ) ;
#8169 = LINE ( 'NONE', #6157, #6549 ) ;
#8170 = CARTESIAN_POINT ( 'NONE',  ( 9.433903061703867721, 16.70303400285405715, 9.783920722277258619 ) ) ;
#8171 = ORIENTED_EDGE ( 'NONE', *, *, #7236, .F. ) ;
#8172 = B_SPLINE_SURFACE_WITH_KNOTS ( 'NONE', 3, 1, ( 
 ( #427, #2690 ),
 ( #7828, #4948 ),
 ( #6214, #1913 ),
 ( #4169, #7873 ) ),
 .UNSPECIFIED., .F., .F., .F.,
 ( 4, 4 ),
 ( 2, 2 ),
 ( 0.000000000000000000, 1.000000000000000000 ),
 ( 0.000000000000000000, 1.000000000000000000 ),
 .UNSPECIFIED. ) ;
#8173 = EDGE_LOOP ( 'NONE', ( #4353, #970, #6347, #8817, #1498, #8049, #7147 ) ) ;
#8174 = B_SPLINE_CURVE_WITH_KNOTS ( 'NONE', 3,
 ( #3585, #6566, #2124, #5104, #8319, #6070, #5392, #5343 ),
 .UNSPECIFIED., .F., .F.,
 ( 4, 2, 2, 4 ),
 ( 0.000000000000000000, 0.0007281200470508733579, 0.001456240094101746716, 0.002912480188203473916 ),
 .UNSPECIFIED. ) ;
#8175 = DIRECTION ( 'NONE',  ( 1.000000000000000000, 0.000000000000000000, 0.000000000000000000 ) ) ;
#8176 = CARTESIAN_POINT ( 'NONE',  ( 11.08486919092554324, 9.099861172659913677, 7.494628676813904988 ) ) ;
#8177 = CARTESIAN_POINT ( 'NONE',  ( -9.281949850653305134, 22.83803400285406937, -13.62005014934670655 ) ) ;
#8178 = CARTESIAN_POINT ( 'NONE',  ( 7.293315545954918377, 20.57303400285404749, 10.84652692530338136 ) ) ;
#8179 = CARTESIAN_POINT ( 'NONE',  ( 7.293315274424631234, 17.25803391499868766, 10.84652704600111051 ) ) ;
#8180 = DIRECTION ( 'NONE',  ( -0.000000000000000000, 1.000000000000000000, -0.000000000000000000 ) ) ;
#8181 = EDGE_CURVE ( 'NONE', #5357, #6384, #2594, .T. ) ;
#8182 = CARTESIAN_POINT ( 'NONE',  ( -5.323807237680874493, 39.74999999999998579, -7.503137776691605865 ) ) ;
#8183 = EDGE_CURVE ( 'NONE', #6458, #2286, #6169, .T. ) ;
#8184 = ORIENTED_EDGE ( 'NONE', *, *, #8653, .T. ) ;
#8185 = DIRECTION ( 'NONE',  ( 0.7071067811865474617, 0.000000000000000000, 0.7071067811865474617 ) ) ;
#8186 = CARTESIAN_POINT ( 'NONE',  ( 7.644071274595019005, 38.20277779061211731, 11.01459553720352780 ) ) ;
#8187 = CARTESIAN_POINT ( 'NONE',  ( 10.39405112672959319, 31.39140010877073550, 8.690495870134601120 ) ) ;
#8188 = CARTESIAN_POINT ( 'NONE',  ( 10.85223543207511909, 34.58731722692774468, 7.280723932465710035 ) ) ;
#8189 = CARTESIAN_POINT ( 'NONE',  ( 8.570352087303785282, 11.48295753423970211, 10.47601046956796012 ) ) ;
#8190 = LINE ( 'NONE', #4637, #7960 ) ;
#8191 = AXIS2_PLACEMENT_3D ( 'NONE', #4063, #275, #6344 ) ;
#8192 = B_SPLINE_CURVE_WITH_KNOTS ( 'NONE', 3,
 ( #5368, #7604, #9191, #2438, #4001, #5564, #4695, #1801, #4649, #4792 ),
 .UNSPECIFIED., .F., .F.,
 ( 4, 2, 2, 2, 4 ),
 ( 0.000000000000000000, 0.0004280963128890939088, 0.0008561926257781878177, 0.001284288938667285575, 0.001712385251556383225 ),
 .UNSPECIFIED. ) ;
#8193 = ADVANCED_FACE ( 'NONE', ( #977 ), #3971, .T. ) ;
#8194 = EDGE_CURVE ( 'NONE', #6038, #2001, #8751, .T. ) ;
#8195 = EDGE_LOOP ( 'NONE', ( #20, #3518, #2584, #5371, #4370, #1865, #9302, #6780, #958, #2600, #6460, #3172, #2235, #7334 ) ) ;
#8196 = ORIENTED_EDGE ( 'NONE', *, *, #4571, .F. ) ;
#8197 = ORIENTED_EDGE ( 'NONE', *, *, #4965, .T. ) ;
#8198 = VECTOR ( 'NONE', #7889, 1000.000000000000000 ) ;
#8199 = CARTESIAN_POINT ( 'NONE',  ( 8.501731217294782539, 28.01567963344061241, 10.15905955276598860 ) ) ;
#8200 = B_SPLINE_CURVE_WITH_KNOTS ( 'NONE', 3,
 ( #266, #3267, #9245, #5517, #9662, #1528, #5981, #5933 ),
 .UNSPECIFIED., .F., .F.,
 ( 4, 2, 2, 4 ),
 ( 0.000000000000000000, 0.0005368432930009538586, 0.001073686586001907717, 0.002147373172003815001 ),
 .UNSPECIFIED. ) ;
#8201 = FACE_OUTER_BOUND ( 'NONE', #8887, .T. ) ;
#8202 = VERTEX_POINT ( 'NONE', #4076 ) ;
#8203 = AXIS2_PLACEMENT_3D ( 'NONE', #1133, #387, #3388 ) ;
#8204 = DIRECTION ( 'NONE',  ( 0.000000000000000000, -1.000000000000000000, 0.000000000000000000 ) ) ;
#8205 = CARTESIAN_POINT ( 'NONE',  ( 8.515368572798529101, 44.48254530094938275, 9.807767841800394848 ) ) ;
#8206 = EDGE_CURVE ( 'NONE', #3221, #3472, #7330, .T. ) ;
#8207 = CARTESIAN_POINT ( 'NONE',  ( 10.74407491848697838, 38.20563645734019076, 7.515423035821605424 ) ) ;
#8208 = LINE ( 'NONE', #8296, #8895 ) ;
#8209 = VERTEX_POINT ( 'NONE', #5631 ) ;
#8210 = ORIENTED_EDGE ( 'NONE', *, *, #69, .T. ) ;
#8211 = CARTESIAN_POINT ( 'NONE',  ( 9.820133796230431145, 16.70837919376871028, 9.402199942299455770 ) ) ;
#8212 = ORIENTED_EDGE ( 'NONE', *, *, #8905, .T. ) ;
#8213 = CARTESIAN_POINT ( 'NONE',  ( -10.04397855905344983, 6.649999999999999467, -4.449999999999998401 ) ) ;
#8214 = CARTESIAN_POINT ( 'NONE',  ( 6.933893945111975654, 14.24303391499869065, 11.31442065067666114 ) ) ;
#8215 = FACE_OUTER_BOUND ( 'NONE', #5383, .T. ) ;
#8216 = DIRECTION ( 'NONE',  ( 3.722520236774206666E-18, -0.9999862922474268556, -0.005235963831419591756 ) ) ;
#8217 = EDGE_CURVE ( 'NONE', #9009, #3532, #451, .T. ) ;
#8218 = DIRECTION ( 'NONE',  ( 0.000000000000000000, 0.000000000000000000, -1.000000000000000000 ) ) ;
#8219 = CARTESIAN_POINT ( 'NONE',  ( 8.599841422934980883, 30.83715213366928865, 10.45764538017839484 ) ) ;
#8220 = PLANE ( 'NONE',  #6717 ) ;
#8221 = ORIENTED_EDGE ( 'NONE', *, *, #2860, .F. ) ;
#8222 = ORIENTED_EDGE ( 'NONE', *, *, #5214, .T. ) ;
#8223 = CARTESIAN_POINT ( 'NONE',  ( 11.30876943053507766, 13.61303391499872006, 6.949456320634076256 ) ) ;
#8224 = CARTESIAN_POINT ( 'NONE',  ( 10.59240150152864146, 17.18444766042732752, 8.395225561155717386 ) ) ;
#8225 = CARTESIAN_POINT ( 'NONE',  ( 5.212605591996019250, 39.17060654087663352, 7.377633693642092538 ) ) ;
#8226 = FACE_OUTER_BOUND ( 'NONE', #2628, .T. ) ;
#8227 = CARTESIAN_POINT ( 'NONE',  ( 6.933893945111965884, 14.47709944665651172, 11.31442065067665581 ) ) ;
#8228 = PLANE ( 'NONE',  #7637 ) ;
#8229 = DIRECTION ( 'NONE',  ( 0.000000000000000000, -1.000000000000000000, 0.000000000000000000 ) ) ;
#8230 = CARTESIAN_POINT ( 'NONE',  ( -11.44999999999999929, 45.00000000000000000, 4.450000000000001954 ) ) ;
#8231 = ORIENTED_EDGE ( 'NONE', *, *, #3207, .F. ) ;
#8232 = CARTESIAN_POINT ( 'NONE',  ( 7.293315274424593930, 26.57303391499869250, 10.84652704600112294 ) ) ;
#8233 = EDGE_CURVE ( 'NONE', #5527, #4967, #798, .T. ) ;
#8234 = CARTESIAN_POINT ( 'NONE',  ( -11.20209445330008435, 41.00582457832653205, -8.374769132100261970 ) ) ;
#8235 = CARTESIAN_POINT ( 'NONE',  ( 10.23271738165447609, 36.82065580321519604, 8.908448122628586319 ) ) ;
#8236 = CARTESIAN_POINT ( 'NONE',  ( -8.112490369793990297, 37.39999999999999858, 1.499999999999914735 ) ) ;
#8237 = CARTESIAN_POINT ( 'NONE',  ( 7.358856073157546973, 12.23303391499867843, 11.14541308252556640 ) ) ;
#8238 = CARTESIAN_POINT ( 'NONE',  ( 10.37510069671091983, 17.18444088553455629, 8.177881641184429284 ) ) ;
#8239 = CARTESIAN_POINT ( 'NONE',  ( 11.16010233433137522, 32.05372705011778578, 7.326040837066925882 ) ) ;
#8240 = ORIENTED_EDGE ( 'NONE', *, *, #6324, .T. ) ;
#8241 = VERTEX_POINT ( 'NONE', #2110 ) ;
#8242 = AXIS2_PLACEMENT_3D ( 'NONE', #5544, #4774, #7737 ) ;
#8243 = EDGE_LOOP ( 'NONE', ( #569, #7168, #9059, #185 ) ) ;
#8244 = DIRECTION ( 'NONE',  ( 1.000000000000000000, 0.000000000000000000, 0.000000000000000000 ) ) ;
#8245 = ADVANCED_FACE ( 'NONE', ( #9452 ), #985, .T. ) ;
#8246 = CARTESIAN_POINT ( 'NONE',  ( 11.17493546150466166, 10.25568211597909496, 7.291669009160652415 ) ) ;
#8247 = VERTEX_POINT ( 'NONE', #9404 ) ;
#8248 = EDGE_CURVE ( 'NONE', #931, #8209, #3130, .T. ) ;
#8249 =( BOUNDED_CURVE ( )  B_SPLINE_CURVE ( 3, ( #1349, #7315, #5175, #1455 ),
 .UNSPECIFIED., .F., .T. ) 
 B_SPLINE_CURVE_WITH_KNOTS ( ( 4, 4 ),
 ( 4.880781441550309019, 4.884256152194948797 ),
 .UNSPECIFIED. ) 
 CURVE ( )  GEOMETRIC_REPRESENTATION_ITEM ( )  RATIONAL_B_SPLINE_CURVE ( ( 1.000000000000000000, 0.9999989938657476429, 0.9999989938657476429, 1.000000000000000000 ) ) 
 REPRESENTATION_ITEM ( '' )  );
#8250 = CARTESIAN_POINT ( 'NONE',  ( 0.000000000000000000, 39.74999999999998579, 0.000000000000000000 ) ) ;
#8251 = CARTESIAN_POINT ( 'NONE',  ( 10.85952663875709057, 45.00000000000000000, 7.263888460309543937 ) ) ;
#8252 = DIRECTION ( 'NONE',  ( -0.000000000000000000, -1.000000000000000000, -0.000000000000000000 ) ) ;
#8253 = ORIENTED_EDGE ( 'NONE', *, *, #6509, .T. ) ;
#8254 = VECTOR ( 'NONE', #1017, 1000.000000000000114 ) ;
#8255 = VERTEX_POINT ( 'NONE', #573 ) ;
#8256 = ORIENTED_EDGE ( 'NONE', *, *, #8023, .T. ) ;
#8257 = CARTESIAN_POINT ( 'NONE',  ( 10.16783907613038984, 16.64942580126447780, 8.990232654398299772 ) ) ;
#8258 = VERTEX_POINT ( 'NONE', #3572 ) ;
#8259 = ADVANCED_FACE ( 'NONE', ( #6604 ), #1364, .T. ) ;
#8260 = VECTOR ( 'NONE', #8008, 999.9999999999998863 ) ;
#8261 = CARTESIAN_POINT ( 'NONE',  ( 7.759503261583970968, 35.97803391499870429, 10.57025291291465585 ) ) ;
#8262 = CARTESIAN_POINT ( 'NONE',  ( 9.309904678977542147, 20.57798694202092094, 10.24342791829920074 ) ) ;
#8263 = CARTESIAN_POINT ( 'NONE',  ( 10.04397855905342141, 6.649999999999999467, -4.449999999999998401 ) ) ;
#8264 = DIRECTION ( 'NONE',  ( 0.7071067811865391350, 0.000000000000000000, 0.7071067811865560104 ) ) ;
#8265 = ORIENTED_EDGE ( 'NONE', *, *, #5651, .T. ) ;
#8266 = EDGE_LOOP ( 'NONE', ( #2857, #437, #2649, #802 ) ) ;
#8267 = CIRCLE ( 'NONE', #5301, 0.7136548544052906395 ) ;
#8268 = VECTOR ( 'NONE', #2631, 1000.000000000000000 ) ;
#8269 = CARTESIAN_POINT ( 'NONE',  ( 11.09948303320286023, 15.90663429538636464, 7.463359830920309079 ) ) ;
#8270 = VECTOR ( 'NONE', #4636, 1000.000000000000000 ) ;
#8271 = EDGE_CURVE ( 'NONE', #3230, #4095, #4363, .T. ) ;
#8272 = CARTESIAN_POINT ( 'NONE',  ( 11.08650140183974564, 17.88803400285406298, 7.490863223392199011 ) ) ;
#8273 = DIRECTION ( 'NONE',  ( 5.916472195554086663E-07, -0.9999999999996499467, -5.916472195554086663E-07 ) ) ;
#8274 = CARTESIAN_POINT ( 'NONE',  ( 9.587130981944524066, 28.02803391499868724, 9.640164186647643518 ) ) ;
#8275 = DIRECTION ( 'NONE',  ( 0.7071067811865474617, 0.000000000000000000, 0.7071067811865474617 ) ) ;
#8276 = CARTESIAN_POINT ( 'NONE',  ( 9.415631703588303481, 36.66803391499869491, 9.383812094549082161 ) ) ;
#8277 = ADVANCED_FACE ( 'NONE', ( #3626 ), #2063, .T. ) ;
#8278 = ORIENTED_EDGE ( 'NONE', *, *, #8364, .T. ) ;
#8279 = CARTESIAN_POINT ( 'NONE',  ( 1.606533982379645433E-15, 37.39999999999999858, 0.000000000000000000 ) ) ;
#8280 = CARTESIAN_POINT ( 'NONE',  ( -4.450000000000001954, 5.500000000000000000, -4.449999999999997513 ) ) ;
#8281 = CARTESIAN_POINT ( 'NONE',  ( 7.941983971594138048, 27.82247771193862107, 10.86103749123598661 ) ) ;
#8282 = CARTESIAN_POINT ( 'NONE',  ( -5.178430306807645600, 37.39999999999999858, 7.299750650367180071 ) ) ;
#8283 = CARTESIAN_POINT ( 'NONE',  ( 9.287125187093920431, 23.43803400285404237, 9.509863627053755764 ) ) ;
#8284 = FACE_OUTER_BOUND ( 'NONE', #521, .T. ) ;
#8285 = VECTOR ( 'NONE', #3349, 1000.000000000000114 ) ;
#8286 = ORIENTED_EDGE ( 'NONE', *, *, #7765, .T. ) ;
#8287 = ADVANCED_FACE ( 'NONE', ( #4314 ), #6222, .T. ) ;
#8288 = ORIENTED_EDGE ( 'NONE', *, *, #8904, .F. ) ;
#8289 = ORIENTED_EDGE ( 'NONE', *, *, #8271, .F. ) ;
#8290 = CARTESIAN_POINT ( 'NONE',  ( -10.13047818419120105, 31.86803391499871196, -12.77152181580881241 ) ) ;
#8291 = CARTESIAN_POINT ( 'NONE',  ( 11.30308905430576338, 8.708033914998699387, 6.964989147840331185 ) ) ;
#8292 = ORIENTED_EDGE ( 'NONE', *, *, #4498, .F. ) ;
#8293 = VECTOR ( 'NONE', #356, 1000.000000000000114 ) ;
#8294 = CARTESIAN_POINT ( 'NONE',  ( 10.99949780236903862, 17.13005422105273468, 6.921528076768549198 ) ) ;
#8295 = CYLINDRICAL_SURFACE ( 'NONE', #2792, 6.999999999999999112 ) ;
#8296 = CARTESIAN_POINT ( 'NONE',  ( 9.043014764318387577, 45.00000000000000000, 9.732444072089480258 ) ) ;
#8297 = ADVANCED_FACE ( 'NONE', ( #4949 ), #1781, .T. ) ;
#8298 = ORIENTED_EDGE ( 'NONE', *, *, #3801, .F. ) ;
#8299 = EDGE_CURVE ( 'NONE', #402, #3557, #436, .T. ) ;
#8300 = VECTOR ( 'NONE', #4824, 1000.000000000000114 ) ;
#8301 = VERTEX_POINT ( 'NONE', #864 ) ;
#8302 =( BOUNDED_CURVE ( )  B_SPLINE_CURVE ( 3, ( #7844, #1138, #396, #9369 ),
 .UNSPECIFIED., .F., .T. ) 
 B_SPLINE_CURVE_WITH_KNOTS ( ( 4, 4 ),
 ( 1.398929154984637657, 1.402403865629277435 ),
 .UNSPECIFIED. ) 
 CURVE ( )  GEOMETRIC_REPRESENTATION_ITEM ( )  RATIONAL_B_SPLINE_CURVE ( ( 1.000000000000000000, 0.9999989938657476429, 0.9999989938657476429, 1.000000000000000000 ) ) 
 REPRESENTATION_ITEM ( '' )  );
#8303 = ORIENTED_EDGE ( 'NONE', *, *, #5516, .F. ) ;
#8304 = CARTESIAN_POINT ( 'NONE',  ( 10.77664577548557823, 10.88069874298456696, 7.445855728861896061 ) ) ;
#8305 = ORIENTED_EDGE ( 'NONE', *, *, #941, .F. ) ;
#8306 = DIRECTION ( 'NONE',  ( -1.000000000000000000, 0.000000000000000000, -1.054672416136176755E-14 ) ) ;
#8307 = CARTESIAN_POINT ( 'NONE',  ( 8.086134557970085623, 6.898667668530896080, 10.78135259504442267 ) ) ;
#8308 = CARTESIAN_POINT ( 'NONE',  ( 11.35977465988431945, 39.57803391499871992, 7.764136873664914340 ) ) ;
#8309 = CARTESIAN_POINT ( 'NONE',  ( 10.96634906725027392, 15.40261117761504117, 7.007224275237717848 ) ) ;
#8310 = CARTESIAN_POINT ( 'NONE',  ( -4.450000000000000178, 5.500000000000000000, 10.05000000000000249 ) ) ;
#8311 = ORIENTED_EDGE ( 'NONE', *, *, #6508, .T. ) ;
#8312 = EDGE_CURVE ( 'NONE', #4826, #7338, #8908, .T. ) ;
#8313 = ORIENTED_EDGE ( 'NONE', *, *, #8798, .F. ) ;
#8314 = DIRECTION ( 'NONE',  ( 0.000000000000000000, 0.000000000000000000, 1.000000000000000000 ) ) ;
#8315 = CARTESIAN_POINT ( 'NONE',  ( 9.499308729363661996, 23.43803400285404237, 9.722047169323499105 ) ) ;
#8316 = CARTESIAN_POINT ( 'NONE',  ( 10.93633837790235930, 10.12038112928684797, 7.800713066798831363 ) ) ;
#8317 = DIRECTION ( 'NONE',  ( 0.000000000000000000, 0.000000000000000000, 1.000000000000000000 ) ) ;
#8318 = DIRECTION ( 'NONE',  ( -0.7071067811865474617, 0.000000000000000000, -0.7071067811865474617 ) ) ;
#8319 = CARTESIAN_POINT ( 'NONE',  ( 7.305436709912481952, 40.95856163177440834, 11.16898311131518007 ) ) ;
#8320 = CARTESIAN_POINT ( 'NONE',  ( 9.867787960939867986, 6.144988488885854139, 8.893166458012805364 ) ) ;
#8321 = CARTESIAN_POINT ( 'NONE',  ( -9.071645687993013851, 39.19999999999998153, -1.531419116870886610 ) ) ;
#8322 = LINE ( 'NONE', #4629, #4840 ) ;
#8323 = ADVANCED_FACE ( 'NONE', ( #7525 ), #9515, .T. ) ;
#8324 = AXIS2_PLACEMENT_3D ( 'NONE', #2376, #8931, #6032 ) ;
#8325 = VERTEX_POINT ( 'NONE', #6653 ) ;
#8326 = CARTESIAN_POINT ( 'NONE',  ( 10.57647737739630678, 36.05256724718712746, 7.836188852419674333 ) ) ;
#8327 = B_SPLINE_SURFACE_WITH_KNOTS ( 'NONE', 3, 1, ( 
 ( #5847, #6577 ),
 ( #548, #8088 ),
 ( #598, #4336 ),
 ( #1387, #4971 ) ),
 .UNSPECIFIED., .F., .F., .F.,
 ( 4, 4 ),
 ( 2, 2 ),
 ( 0.000000000000000000, 1.000000000000000000 ),
 ( 0.000000000000000000, 1.000000000000000000 ),
 .UNSPECIFIED. ) ;
#8328 = FACE_OUTER_BOUND ( 'NONE', #7235, .T. ) ;
#8329 = DIRECTION ( 'NONE',  ( 0.000000000000000000, 0.000000000000000000, -1.000000000000000000 ) ) ;
#8330 = CARTESIAN_POINT ( 'NONE',  ( 4.449999999999998401, 7.197618960442568437, -4.449999999999998401 ) ) ;
#8331 = CARTESIAN_POINT ( 'NONE',  ( 10.85952663875709057, 17.88803400285406298, 7.263888460309543937 ) ) ;
#8332 = PLANE ( 'NONE',  #4884 ) ;
#8333 = VERTEX_POINT ( 'NONE', #2207 ) ;
#8334 = EDGE_CURVE ( 'NONE', #4879, #6971, #9211, .T. ) ;
#8335 = VERTEX_POINT ( 'NONE', #6705 ) ;
#8336 = ORIENTED_EDGE ( 'NONE', *, *, #7045, .T. ) ;
#8337 = B_SPLINE_CURVE_WITH_KNOTS ( 'NONE', 3,
 ( #6208, #141, #7046, #9259, #3187, #2502, #6993, #8513 ),
 .UNSPECIFIED., .F., .F.,
 ( 4, 2, 2, 4 ),
 ( 0.000000000000000000, 0.0004979868944800735185, 0.0009959737889601470370, 0.001991947577920290171 ),
 .UNSPECIFIED. ) ;
#8338 = DIRECTION ( 'NONE',  ( -0.000000000000000000, 1.000000000000000000, -0.000000000000000000 ) ) ;
#8339 = CARTESIAN_POINT ( 'NONE',  ( 7.325848055918427804, 33.42496733247064356, 10.83206596201360838 ) ) ;
#8340 = ORIENTED_EDGE ( 'NONE', *, *, #1253, .T. ) ;
#8341 = VECTOR ( 'NONE', #6451, 1000.000000000000114 ) ;
#8342 = DIRECTION ( 'NONE',  ( -0.01745240643728354982, -0.9998476951563911586, 0.000000000000000000 ) ) ;
#8343 =( BOUNDED_CURVE ( )  B_SPLINE_CURVE ( 3, ( #4809, #3193, #1672, #7774 ),
 .UNSPECIFIED., .F., .T. ) 
 B_SPLINE_CURVE_WITH_KNOTS ( ( 4, 4 ),
 ( 1.398929154984637657, 1.402403865629277435 ),
 .UNSPECIFIED. ) 
 CURVE ( )  GEOMETRIC_REPRESENTATION_ITEM ( )  RATIONAL_B_SPLINE_CURVE ( ( 1.000000000000000000, 0.9999989938657476429, 0.9999989938657476429, 1.000000000000000000 ) ) 
 REPRESENTATION_ITEM ( '' )  );
#8344 = AXIS2_PLACEMENT_3D ( 'NONE', #2615, #8538, #3359 ) ;
#8345 = CARTESIAN_POINT ( 'NONE',  ( -6.825334418263506286, 39.13255635755352557, 4.661245592605278709 ) ) ;
#8346 = CARTESIAN_POINT ( 'NONE',  ( -1.530906052133328643, 39.17060654087663352, 8.902643575635988071 ) ) ;
#8347 = CIRCLE ( 'NONE', #7871, 7.299999999999998934 ) ;
#8348 = VERTEX_POINT ( 'NONE', #3081 ) ;
#8349 = VERTEX_POINT ( 'NONE', #721 ) ;
#8350 = VECTOR ( 'NONE', #7674, 1000.000000000000000 ) ;
#8351 = ORIENTED_EDGE ( 'NONE', *, *, #941, .T. ) ;
#8352 = CARTESIAN_POINT ( 'NONE',  ( 7.915651612510999691, 37.67803391499873555, 10.87489368789087330 ) ) ;
#8353 = ORIENTED_EDGE ( 'NONE', *, *, #7176, .F. ) ;
#8354 = ADVANCED_FACE ( 'NONE', ( #772 ), #751, .F. ) ;
#8355 = FACE_OUTER_BOUND ( 'NONE', #3167, .T. ) ;
#8356 = CARTESIAN_POINT ( 'NONE',  ( 11.30876953529394058, 29.42303400285405957, 6.949456033164980617 ) ) ;
#8357 = DIRECTION ( 'NONE',  ( 0.000000000000000000, 0.000000000000000000, 1.000000000000000000 ) ) ;
#8358 = CARTESIAN_POINT ( 'NONE',  ( -7.499999999999999112, 25.10000000000000497, -0.3000000000000260791 ) ) ;
#8359 = DIRECTION ( 'NONE',  ( 1.607383761961275067E-15, -1.000000000000000000, -1.607383761961275067E-15 ) ) ;
#8360 = ORIENTED_EDGE ( 'NONE', *, *, #9598, .F. ) ;
#8361 = ORIENTED_EDGE ( 'NONE', *, *, #2381, .T. ) ;
#8362 = LINE ( 'NONE', #3916, #7416 ) ;
#8363 = CARTESIAN_POINT ( 'NONE',  ( 10.92329382905570689, 35.51896610745819061, 7.117053958460020091 ) ) ;
#8364 = EDGE_CURVE ( 'NONE', #501, #1617, #7654, .T. ) ;
#8365 = CARTESIAN_POINT ( 'NONE',  ( -10.23654420136919541, 35.88803391499870798, -12.66545579863081628 ) ) ;
#8366 = EDGE_CURVE ( 'NONE', #9592, #5227, #8116, .T. ) ;
#8367 = CARTESIAN_POINT ( 'NONE',  ( -11.45000000000228546, 40.96211214178212856, 5.360635929860493754 ) ) ;
#8368 = CARTESIAN_POINT ( 'NONE',  ( 7.773513598787371137, 10.90625355156339893, 10.61299125423483503 ) ) ;
#8369 = DIRECTION ( 'NONE',  ( -1.000000000000000000, 0.000000000000000000, 0.000000000000000000 ) ) ;
#8370 = DIRECTION ( 'NONE',  ( 0.7071067811865474617, 0.000000000000000000, 0.7071067811865474617 ) ) ;
#8371 = CARTESIAN_POINT ( 'NONE',  ( 10.35880570061808470, 31.86803391499871196, 7.717762069000473346 ) ) ;
#8372 = CARTESIAN_POINT ( 'NONE',  ( -4.450000000000001066, 5.500000000000000000, -10.04999999999999893 ) ) ;
#8373 = ORIENTED_EDGE ( 'NONE', *, *, #1434, .T. ) ;
#8374 = B_SPLINE_CURVE_WITH_KNOTS ( 'NONE', 3,
 ( #327, #7613, #916, #4754, #4010, #3278, #6299, #2831, #4162, #2684 ),
 .UNSPECIFIED., .F., .F.,
 ( 4, 2, 2, 2, 4 ),
 ( 0.000000000000000000, 0.0005032893904226619450, 0.001006578780845323890, 0.001509868171267985835, 0.002013157561690647780 ),
 .UNSPECIFIED. ) ;
#8375 = VERTEX_POINT ( 'NONE', #6845 ) ;
#8376 = CARTESIAN_POINT ( 'NONE',  ( 10.63055170809925265, 36.14138903454519891, 7.736454104884399996 ) ) ;
#8377 = CARTESIAN_POINT ( 'NONE',  ( -1.530649667146575910, 39.15591825482287192, 8.818141051064223745 ) ) ;
#8378 = ADVANCED_FACE ( 'NONE', ( #7566 ), #5965, .T. ) ;
#8379 = CARTESIAN_POINT ( 'NONE',  ( 9.415909832360044973, 27.63803391499870088, 9.808354292032705146 ) ) ;
#8380 = B_SPLINE_CURVE_WITH_KNOTS ( 'NONE', 3,
 ( #4041, #6190, #6972, #1793, #9184, #166, #1746, #3164, #4643, #8389 ),
 .UNSPECIFIED., .F., .F.,
 ( 4, 3, 3, 4 ),
 ( 0.000000000000000000, 0.0001440846250108589026, 0.0002881693440677085809, 0.0005683077019015178024 ),
 .UNSPECIFIED. ) ;
#8381 = DIRECTION ( 'NONE',  ( -0.000000000000000000, 1.000000000000000000, -0.000000000000000000 ) ) ;
#8382 = DIRECTION ( 'NONE',  ( 0.7071067811865474617, 0.000000000000000000, 0.7071067811865474617 ) ) ;
#8383 = CARTESIAN_POINT ( 'NONE',  ( 11.44999999999999929, 45.00000000000000711, 4.450000000000001066 ) ) ;
#8384 = CARTESIAN_POINT ( 'NONE',  ( -4.450000000000001954, 36.00000000000000000, -4.449999999999997513 ) ) ;
#8385 = VERTEX_POINT ( 'NONE', #5916 ) ;
#8386 = DIRECTION ( 'NONE',  ( 0.000000000000000000, 0.000000000000000000, 1.000000000000000000 ) ) ;
#8387 = ORIENTED_EDGE ( 'NONE', *, *, #3957, .F. ) ;
#8388 = ORIENTED_EDGE ( 'NONE', *, *, #8023, .F. ) ;
#8389 = CARTESIAN_POINT ( 'NONE',  ( 10.68143667493202109, 35.88803391499870798, 8.252525077670400222 ) ) ;
#8390 = CARTESIAN_POINT ( 'NONE',  ( 10.49889331737188769, 42.80303391499871424, 8.536672195693421727 ) ) ;
#8391 = ORIENTED_EDGE ( 'NONE', *, *, #6443, .T. ) ;
#8392 = EDGE_CURVE ( 'NONE', #7522, #5902, #5233, .T. ) ;
#8393 = CARTESIAN_POINT ( 'NONE',  ( 9.537590946899436872, 35.99303391499870486, 9.696690168780589758 ) ) ;
#8394 = CIRCLE ( 'NONE', #4500, 9.199999999999993960 ) ;
#8395 = DIRECTION ( 'NONE',  ( 0.000000000000000000, 1.000000000000000000, 0.000000000000000000 ) ) ;
#8396 = CARTESIAN_POINT ( 'NONE',  ( -10.56650471977587813, 0.5066336735003879044, 7.975332859467297197 ) ) ;
#8397 = B_SPLINE_CURVE_WITH_KNOTS ( 'NONE', 3,
 ( #4859, #1123, #2460, #2552, #9352, #3381, #7625, #6310, #2641, #1861 ),
 .UNSPECIFIED., .F., .F.,
 ( 4, 2, 2, 2, 4 ),
 ( 8.364533684608039852E-18, 0.0005032893904226706187, 0.001006578780845332997, 0.001509868171267995376, 0.002013157561690657321 ),
 .UNSPECIFIED. ) ;
#8398 = VERTEX_POINT ( 'NONE', #2889 ) ;
#8399 = EDGE_LOOP ( 'NONE', ( #2580, #8523, #3604, #9327 ) ) ;
#8400 = EDGE_CURVE ( 'NONE', #8915, #6328, #1512, .T. ) ;
#8401 = ORIENTED_EDGE ( 'NONE', *, *, #3749, .F. ) ;
#8402 = CARTESIAN_POINT ( 'NONE',  ( 10.43191346787057583, 11.78303391499870045, 8.639397973676729237 ) ) ;
#8403 = ORIENTED_EDGE ( 'NONE', *, *, #6421, .F. ) ;
#8404 =( BOUNDED_CURVE ( )  B_SPLINE_CURVE ( 3, ( #8860, #7384, #1415, #676 ),
 .UNSPECIFIED., .F., .T. ) 
 B_SPLINE_CURVE_WITH_KNOTS ( ( 4, 4 ),
 ( 0.000000000000000000, 1.571719581275294653 ),
 .UNSPECIFIED. ) 
 CURVE ( )  GEOMETRIC_REPRESENTATION_ITEM ( )  RATIONAL_B_SPLINE_CURVE ( ( 1.000000000000000000, 0.8045201907360615134, 0.8045201907360615134, 1.000000000000000000 ) ) 
 REPRESENTATION_ITEM ( '' )  );
#8405 = CARTESIAN_POINT ( 'NONE',  ( 10.25933005573713785, 11.78303391499870223, 8.356150930228789520 ) ) ;
#8406 = CARTESIAN_POINT ( 'NONE',  ( -10.50170924431410668, 16.49303391499870486, -12.40029075568590500 ) ) ;
#8407 = DIRECTION ( 'NONE',  ( -1.000000000000000000, 0.000000000000000000, -3.563761483675500055E-15 ) ) ;
#8408 = ORIENTED_EDGE ( 'NONE', *, *, #5757, .F. ) ;
#8409 = B_SPLINE_SURFACE_WITH_KNOTS ( 'NONE', 3, 1, ( 
 ( #1841, #4834 ),
 ( #7806, #405 ),
 ( #7121, #3363 ),
 ( #4887, #7856 ) ),
 .UNSPECIFIED., .F., .F., .F.,
 ( 4, 4 ),
 ( 2, 2 ),
 ( 0.000000000000000000, 1.000000000000000000 ),
 ( 0.000000000000000000, 1.000000000000000000 ),
 .UNSPECIFIED. ) ;
#8410 = VERTEX_POINT ( 'NONE', #3769 ) ;
#8411 = EDGE_CURVE ( 'NONE', #3111, #5398, #8404, .T. ) ;
#8412 = CARTESIAN_POINT ( 'NONE',  ( 10.93901747665386992, 15.48901070313293893, 7.799729307348153284 ) ) ;
#8413 = B_SPLINE_CURVE_WITH_KNOTS ( 'NONE', 3,
 ( #6218, #6357, #2555, #8522, #4079, #7100, #4173, #9313 ),
 .UNSPECIFIED., .F., .F.,
 ( 4, 2, 2, 4 ),
 ( 0.000000000000000000, 0.0005652513649663280055, 0.001130502729932656011, 0.002261005459865291639 ),
 .UNSPECIFIED. ) ;
#8414 = CARTESIAN_POINT ( 'NONE',  ( 7.497499024879598295, 39.19999999999998153, 5.331745340123566379 ) ) ;
#8415 = CARTESIAN_POINT ( 'NONE',  ( 9.608137471534934804, 16.70837218514463274, 9.189862313074403488 ) ) ;
#8416 = CARTESIAN_POINT ( 'NONE',  ( 7.575911307255971394, 37.67803391499873555, 10.53515338263586187 ) ) ;
#8417 = CARTESIAN_POINT ( 'NONE',  ( 7.334449161983854992, 16.39545292902300488, 11.15617396928989535 ) ) ;
#8418 = CARTESIAN_POINT ( 'NONE',  ( -11.45000000000000107, 40.71038225242285336, -4.449999999999996625 ) ) ;
#8419 = CARTESIAN_POINT ( 'NONE',  ( -4.450000000000001066, 7.750000000000000000, 4.450000000000002842 ) ) ;
#8420 = CARTESIAN_POINT ( 'NONE',  ( 10.01907376480262535, 36.82083011964779473, 8.694177368175115106 ) ) ;
#8421 = PLANE ( 'NONE',  #7791 ) ;
#8422 = VERTEX_POINT ( 'NONE', #3674 ) ;
#8423 = AXIS2_PLACEMENT_3D ( 'NONE', #9042, #2149, #4603 ) ;
#8424 = VECTOR ( 'NONE', #6288, 1000.000000000000114 ) ;
#8425 = EDGE_CURVE ( 'NONE', #1518, #9544, #3034, .T. ) ;
#8426 = EDGE_CURVE ( 'NONE', #857, #5558, #8030, .T. ) ;
#8427 = ORIENTED_EDGE ( 'NONE', *, *, #4729, .T. ) ;
#8428 = CARTESIAN_POINT ( 'NONE',  ( -11.20209445330177722, 41.00582457832622651, -5.327186072629098490 ) ) ;
#8429 = DIRECTION ( 'NONE',  ( 2.623817611436788400E-15, -1.000000000000000000, -2.623817611436788400E-15 ) ) ;
#8430 = CARTESIAN_POINT ( 'NONE',  ( -1.510219599821709613, 37.98548048166745161, 8.821669015494823185 ) ) ;
#8431 = VECTOR ( 'NONE', #6323, 1000.000000000000000 ) ;
#8432 = CARTESIAN_POINT ( 'NONE',  ( -4.450000000000001066, 5.500000000000000000, 10.55000000000000249 ) ) ;
#8433 = CARTESIAN_POINT ( 'NONE',  ( 7.939378658707007652, 17.01945231910358913, 10.86216248346349644 ) ) ;
#8434 = VECTOR ( 'NONE', #7397, 1000.000000000000114 ) ;
#8435 = CARTESIAN_POINT ( 'NONE',  ( 6.698514231807659591, 13.89448893396749263, 11.07904093737235307 ) ) ;
#8436 = CARTESIAN_POINT ( 'NONE',  ( 11.26780873538201178, 44.61172548243209945, 6.282235193644258864 ) ) ;
#8437 = LINE ( 'NONE', #6184, #9570 ) ;
#8438 = ORIENTED_EDGE ( 'NONE', *, *, #6568, .F. ) ;
#8439 = B_SPLINE_CURVE_WITH_KNOTS ( 'NONE', 3,
 ( #5073, #3654, #8886, #9431 ),
 .UNSPECIFIED., .F., .F.,
 ( 4, 4 ),
 ( 0.002359345472911371627, 0.002716084575512252557 ),
 .UNSPECIFIED. ) ;
#8440 = EDGE_CURVE ( 'NONE', #6198, #1223, #2935, .T. ) ;
#8441 = ORIENTED_EDGE ( 'NONE', *, *, #7880, .F. ) ;
#8442 = DIRECTION ( 'NONE',  ( -0.01745240643728354982, -0.9998476951563911586, 0.000000000000000000 ) ) ;
#8443 = DIRECTION ( 'NONE',  ( 0.000000000000000000, 0.000000000000000000, 1.000000000000000000 ) ) ;
#8444 = ORIENTED_EDGE ( 'NONE', *, *, #9158, .F. ) ;
#8445 = LINE ( 'NONE', #1937, #7632 ) ;
#8446 = CARTESIAN_POINT ( 'NONE',  ( -9.070019801569760176, 39.74999999999998579, -1.541019402581406350 ) ) ;
#8447 = VECTOR ( 'NONE', #7577, 999.9999999999998863 ) ;
#8448 = DIRECTION ( 'NONE',  ( 0.000000000000000000, 0.000000000000000000, 1.000000000000000000 ) ) ;
#8449 = CARTESIAN_POINT ( 'NONE',  ( 8.345882166233808519, 11.28803391499868880, 10.26567727326933266 ) ) ;
#8450 = ORIENTED_EDGE ( 'NONE', *, *, #5880, .F. ) ;
#8451 = ADVANCED_FACE ( 'NONE', ( #1198 ), #3266, .T. ) ;
#8452 = ORIENTED_EDGE ( 'NONE', *, *, #7514, .F. ) ;
#8453 = VECTOR ( 'NONE', #8003, 1000.000000000000000 ) ;
#8454 = ORIENTED_EDGE ( 'NONE', *, *, #7182, .F. ) ;
#8455 = CARTESIAN_POINT ( 'NONE',  ( 7.291661569628045569, 26.91803391499868781, 10.84487334120457547 ) ) ;
#8456 = ORIENTED_EDGE ( 'NONE', *, *, #3471, .F. ) ;
#8457 = LINE ( 'NONE', #2495, #3043 ) ;
#8458 = CARTESIAN_POINT ( 'NONE',  ( 10.75932980571016628, 11.55803391499871857, 7.481890071024566602 ) ) ;
#8459 = EDGE_CURVE ( 'NONE', #1223, #259, #4239, .T. ) ;
#8460 = AXIS2_PLACEMENT_3D ( 'NONE', #6677, #1391, #4390 ) ;
#8461 = CARTESIAN_POINT ( 'NONE',  ( 6.698514231807656039, 14.47731237236267532, 11.07904093737234241 ) ) ;
#8462 = CARTESIAN_POINT ( 'NONE',  ( 9.457739901376172043, 31.14803391499869889, 9.341067478594537121 ) ) ;
#8463 = VERTEX_POINT ( 'NONE', #8356 ) ;
#8464 = EDGE_LOOP ( 'NONE', ( #3375, #5272, #532, #4617 ) ) ;
#8465 = CARTESIAN_POINT ( 'NONE',  ( -11.45000000000000107, 0.000000000000000000, -11.44999999999999929 ) ) ;
#8466 = CARTESIAN_POINT ( 'NONE',  ( 10.69951244985758798, 36.19027124009127760, 7.603581763120161874 ) ) ;
#8467 = CARTESIAN_POINT ( 'NONE',  ( 7.560816979878162591, 31.53269985080747162, 10.72267741568109578 ) ) ;
#8468 = CARTESIAN_POINT ( 'NONE',  ( 7.917677896637761670, 37.67803391499873555, 10.87691997201765304 ) ) ;
#8469 = CARTESIAN_POINT ( 'NONE',  ( -8.550505063388332161, 0.8468741574839828701, 11.44999999999999929 ) ) ;
#8470 = CARTESIAN_POINT ( 'NONE',  ( -5.169975462124939192, 37.98548048166760083, 7.305748502354364682 ) ) ;
#8471 = EDGE_CURVE ( 'NONE', #3656, #3219, #4932, .T. ) ;
#8472 = CARTESIAN_POINT ( 'NONE',  ( 8.521383184176720249, 42.54803391499870457, 10.14419344311405524 ) ) ;
#8473 = CARTESIAN_POINT ( 'NONE',  ( 4.675736781012073351, 37.39999999999999858, -6.797057124571693976 ) ) ;
#8474 = VERTEX_POINT ( 'NONE', #4655 ) ;
#8475 = ORIENTED_EDGE ( 'NONE', *, *, #5543, .F. ) ;
#8476 = CARTESIAN_POINT ( 'NONE',  ( 10.54041766730350815, 35.99571872501469016, 7.901430044729764290 ) ) ;
#8477 = PLANE ( 'NONE',  #8242 ) ;
#8478 = CARTESIAN_POINT ( 'NONE',  ( 7.577472070358561851, 41.76464267736092495, 10.71505669412983153 ) ) ;
#8479 = CARTESIAN_POINT ( 'NONE',  ( -7.497499024879560992, 39.19999999999998153, -5.331745340123618782 ) ) ;
#8480 = LINE ( 'NONE', #4180, #1529 ) ;
#8481 = EDGE_CURVE ( 'NONE', #681, #8990, #8660, .T. ) ;
#8482 = EDGE_CURVE ( 'NONE', #5956, #7116, #2448, .T. ) ;
#8483 = DIRECTION ( 'NONE',  ( -0.7071067811865440200, 0.000000000000000000, -0.7071067811865511255 ) ) ;
#8484 = CARTESIAN_POINT ( 'NONE',  ( 6.726937554042881295, 8.708033914998678071, 11.06503785273639018 ) ) ;
#8485 = ORIENTED_EDGE ( 'NONE', *, *, #5031, .T. ) ;
#8486 = EDGE_LOOP ( 'NONE', ( #7978, #5665, #2858, #1906 ) ) ;
#8487 = CARTESIAN_POINT ( 'NONE',  ( 9.848211980601723425, 12.13558400262473747, 9.365092543136260161 ) ) ;
#8488 = CARTESIAN_POINT ( 'NONE',  ( 7.299750650367197835, 37.39999999999999858, 5.178430306807621619 ) ) ;
#8489 = EDGE_LOOP ( 'NONE', ( #5443, #8534, #7260, #3331 ) ) ;
#8490 = CARTESIAN_POINT ( 'NONE',  ( 7.926616362131190918, 35.62129854738198986, 10.52569996414605669 ) ) ;
#8491 = CARTESIAN_POINT ( 'NONE',  ( 10.98357402210328893, 11.55803391499871857, 7.706134287417688356 ) ) ;
#8492 = CARTESIAN_POINT ( 'NONE',  ( 7.011412795011747967, 18.50803394428380955, 11.28587335265583746 ) ) ;
#8493 = EDGE_CURVE ( 'NONE', #7734, #3926, #906, .T. ) ;
#8494 = EDGE_CURVE ( 'NONE', #2013, #7366, #5707, .T. ) ;
#8495 = B_SPLINE_SURFACE_WITH_KNOTS ( 'NONE', 3, 1, ( 
 ( #3917, #9164 ),
 ( #282, #1719 ),
 ( #142, #5339 ),
 ( #4620, #4761 ) ),
 .UNSPECIFIED., .F., .F., .F.,
 ( 4, 4 ),
 ( 2, 2 ),
 ( 0.000000000000000000, 1.000000000000000000 ),
 ( 0.000000000000000000, 1.000000000000000000 ),
 .UNSPECIFIED. ) ;
#8496 = DIRECTION ( 'NONE',  ( -0.000000000000000000, -1.000000000000000000, -0.000000000000000000 ) ) ;
#8497 = CARTESIAN_POINT ( 'NONE',  ( -10.04766789441805841, 0.5941978216433818627, 8.751827042193609074 ) ) ;
#8498 = ORIENTED_EDGE ( 'NONE', *, *, #8865, .F. ) ;
#8499 = B_SPLINE_CURVE_WITH_KNOTS ( 'NONE', 3,
 ( #3402, #1288, #9329, #2614, #7251, #6374, #7156, #3544, #1979, #7938 ),
 .UNSPECIFIED., .F., .F.,
 ( 4, 2, 2, 2, 4 ),
 ( 0.000000000000000000, 0.0006517779313529043893, 0.001303555862705808779, 0.001955333794058712951, 0.002607111725411617557 ),
 .UNSPECIFIED. ) ;
#8500 = ORIENTED_EDGE ( 'NONE', *, *, #7675, .T. ) ;
#8501 = ORIENTED_EDGE ( 'NONE', *, *, #6343, .F. ) ;
#8502 = DIRECTION ( 'NONE',  ( 0.9999862922474268556, -0.005235963831419591756, 3.491433478480826047E-15 ) ) ;
#8503 = B_SPLINE_CURVE_WITH_KNOTS ( 'NONE', 3,
 ( #2325, #5300, #1682, #8281, #1584, #4587, #3835, #157, #7544, #3154 ),
 .UNSPECIFIED., .F., .F.,
 ( 4, 2, 2, 2, 4 ),
 ( 0.000000000000000000, 0.0002785545423145454605, 0.0005571090846290909209, 0.0008356636269436363814, 0.001114218169258181842 ),
 .UNSPECIFIED. ) ;
#8504 = ORIENTED_EDGE ( 'NONE', *, *, #8884, .T. ) ;
#8505 = CIRCLE ( 'NONE', #4293, 0.7136548544052906395 ) ;
#8506 = AXIS2_PLACEMENT_3D ( 'NONE', #5171, #5264, #71 ) ;
#8507 = EDGE_CURVE ( 'NONE', #509, #3272, #7343, .T. ) ;
#8508 = CARTESIAN_POINT ( 'NONE',  ( 0.2999999999999999334, 25.10000000000000497, -7.500000000000000000 ) ) ;
#8509 = VECTOR ( 'NONE', #7267, 1000.000000000000114 ) ;
#8510 = DIRECTION ( 'NONE',  ( 7.760627763719737971E-16, 0.000000000000000000, -1.000000000000000000 ) ) ;
#8511 = ORIENTED_EDGE ( 'NONE', *, *, #4272, .T. ) ;
#8512 = ORIENTED_EDGE ( 'NONE', *, *, #9504, .T. ) ;
#8513 = CARTESIAN_POINT ( 'NONE',  ( 9.457739901376172043, 31.14803391499869889, 9.341067478594537121 ) ) ;
#8514 = LINE ( 'NONE', #4806, #1761 ) ;
#8515 = PLANE ( 'NONE',  #5766 ) ;
#8516 = EDGE_CURVE ( 'NONE', #5239, #8546, #1940, .T. ) ;
#8517 = CARTESIAN_POINT ( 'NONE',  ( -10.35646325651453914, 41.15493217404861070, 7.824247165490517020 ) ) ;
#8518 = CARTESIAN_POINT ( 'NONE',  ( -4.450000000000001066, 1.538916848525022418, 11.44999999999999929 ) ) ;
#8519 = CARTESIAN_POINT ( 'NONE',  ( 10.60625872371526945, 36.48259462340343617, 8.374476449721905524 ) ) ;
#8520 = CARTESIAN_POINT ( 'NONE',  ( 10.60858662260749874, 41.89735131775178445, 8.370611083366892302 ) ) ;
#8521 = CARTESIAN_POINT ( 'NONE',  ( 11.06575612956168975, 39.50303391499870287, 6.727656223096402321 ) ) ;
#8522 = CARTESIAN_POINT ( 'NONE',  ( 10.96721430650240059, 38.02634431511360447, 7.005958761802891566 ) ) ;
#8523 = ORIENTED_EDGE ( 'NONE', *, *, #8697, .T. ) ;
#8524 = ORIENTED_EDGE ( 'NONE', *, *, #3873, .T. ) ;
#8525 = ADVANCED_FACE ( 'NONE', ( #1710 ), #3736, .F. ) ;
#8526 = DIRECTION ( 'NONE',  ( 0.000000000000000000, 0.000000000000000000, 1.000000000000000000 ) ) ;
#8527 = CARTESIAN_POINT ( 'NONE',  ( 4.397905546699917956, 43.75652547737865206, -11.15000000000000036 ) ) ;
#8528 = CARTESIAN_POINT ( 'NONE',  ( 10.54999999999997407, 5.500000000000000000, -4.449999999999997513 ) ) ;
#8529 = DIRECTION ( 'NONE',  ( 0.7069990853988231683, 0.01745240643728355329, 0.7069990853988253887 ) ) ;
#8530 = CARTESIAN_POINT ( 'NONE',  ( 6.995967103447796376, 26.54303391499870202, 11.29164099527019616 ) ) ;
#8531 = CARTESIAN_POINT ( 'NONE',  ( 6.726786252948705247, 13.54587781299010274, 11.06975066073141534 ) ) ;
#8532 = CARTESIAN_POINT ( 'NONE',  ( 7.243915585904516341, 33.77303391499870600, 11.53958947772694366 ) ) ;
#8533 = DIRECTION ( 'NONE',  ( 0.000000000000000000, -0.005235963831419591756, 0.9999862922474268556 ) ) ;
#8534 = ORIENTED_EDGE ( 'NONE', *, *, #4623, .F. ) ;
#8535 = VERTEX_POINT ( 'NONE', #8458 ) ;
#8536 = EDGE_CURVE ( 'NONE', #2044, #856, #5350, .T. ) ;
#8537 = CARTESIAN_POINT ( 'NONE',  ( 9.845008479483794872, 45.00000000000000000, 9.367711206069134988 ) ) ;
#8538 = DIRECTION ( 'NONE',  ( -0.000000000000000000, 1.000000000000000000, -0.000000000000000000 ) ) ;
#8539 = VERTEX_POINT ( 'NONE', #9202 ) ;
#8540 = B_SPLINE_CURVE_WITH_KNOTS ( 'NONE', 3,
 ( #8093, #2463, #3925, #1392, #9170, #3875, #9075, #603, #5167, #8143 ),
 .UNSPECIFIED., .F., .F.,
 ( 4, 2, 2, 2, 4 ),
 ( 0.000000000000000000, 0.0003379465695436216759, 0.0006758931390872433519, 0.001013839708630865028, 0.001351786278174486704 ),
 .UNSPECIFIED. ) ;
#8541 = CARTESIAN_POINT ( 'NONE',  ( 7.954793551641763827, 35.65527321927810789, 10.50950123902537570 ) ) ;
#8542 = CARTESIAN_POINT ( 'NONE',  ( 5.140799068026150387, 39.99999999999998579, 7.326300904425190552 ) ) ;
#8543 = CARTESIAN_POINT ( 'NONE',  ( 4.450000000000004619, 5.500000000000000000, -10.54999999999997939 ) ) ;
#8544 = DIRECTION ( 'NONE',  ( -0.9848077530122072432, -0.1736481776669349109, -1.919515874690163325E-16 ) ) ;
#8545 = CARTESIAN_POINT ( 'NONE',  ( 9.478865268557898460, 6.083033914998696723, 8.980355183935399666 ) ) ;
#8546 = VERTEX_POINT ( 'NONE', #1762 ) ;
#8547 = ORIENTED_EDGE ( 'NONE', *, *, #7983, .F. ) ;
#8548 = EDGE_CURVE ( 'NONE', #8987, #228, #7122, .T. ) ;
#8549 = ADVANCED_FACE ( 'NONE', ( #9384 ), #2669, .T. ) ;
#8550 = PLANE ( 'NONE',  #7663 ) ;
#8551 = VERTEX_POINT ( 'NONE', #6659 ) ;
#8552 = CARTESIAN_POINT ( 'NONE',  ( 9.027907755880567819, 28.45090007978317104, 9.746794359192168855 ) ) ;
#8553 = ORIENTED_EDGE ( 'NONE', *, *, #2182, .T. ) ;
#8554 = EDGE_LOOP ( 'NONE', ( #737, #4155, #8132, #1702 ) ) ;
#8555 = EDGE_CURVE ( 'NONE', #869, #8255, #1207, .T. ) ;
#8556 = DIRECTION ( 'NONE',  ( -1.000000000000000000, 0.000000000000000000, 0.000000000000000000 ) ) ;
#8557 = CARTESIAN_POINT ( 'NONE',  ( -1.545383168813366126, 39.99999999999999289, -9.174973319766029244E-16 ) ) ;
#8558 = CARTESIAN_POINT ( 'NONE',  ( -11.20209445330008258, 41.00582457832653205, 8.374769132100265523 ) ) ;
#8559 = CARTESIAN_POINT ( 'NONE',  ( 8.333166794125355992, 28.02803391499868724, 10.27417510459656036 ) ) ;
#8560 = DIRECTION ( 'NONE',  ( 5.421010862427522786E-17, 0.000000000000000000, -1.000000000000000000 ) ) ;
#8561 = CARTESIAN_POINT ( 'NONE',  ( 10.84217480762898056, 41.38823101580129560, 7.978281639704619010 ) ) ;
#8562 = CARTESIAN_POINT ( 'NONE',  ( 7.499999999999996447, 25.10000000000000497, 0.3000000000000784817 ) ) ;
#8563 = CARTESIAN_POINT ( 'NONE',  ( -1.545383168813365904, 39.99999999999998579, -8.815570932250970770 ) ) ;
#8564 = ORIENTED_EDGE ( 'NONE', *, *, #3297, .F. ) ;
#8565 = ORIENTED_EDGE ( 'NONE', *, *, #9397, .T. ) ;
#8566 = EDGE_CURVE ( 'NONE', #2287, #4826, #6713, .T. ) ;
#8567 = VECTOR ( 'NONE', #667, 1000.000000000000114 ) ;
#8568 = ORIENTED_EDGE ( 'NONE', *, *, #5405, .T. ) ;
#8569 = CARTESIAN_POINT ( 'NONE',  ( -9.071645687993047602, 39.19999999999998153, 1.531419116870696762 ) ) ;
#8570 = B_SPLINE_SURFACE_WITH_KNOTS ( 'NONE', 3, 1, ( 
 ( #7288, #7984 ),
 ( #3446, #9463 ),
 ( #8029, #2021 ),
 ( #5102, #5739 ) ),
 .UNSPECIFIED., .F., .F., .F.,
 ( 4, 4 ),
 ( 2, 2 ),
 ( 0.000000000000000000, 1.000000000000000000 ),
 ( 0.000000000000000000, 1.000000000000000000 ),
 .UNSPECIFIED. ) ;
#8571 = DIRECTION ( 'NONE',  ( -0.000000000000000000, 1.000000000000000000, -0.000000000000000000 ) ) ;
#8572 = CARTESIAN_POINT ( 'NONE',  ( 7.184092210216128649, 41.17751767197280088, 10.89543376730363811 ) ) ;
#8573 = CARTESIAN_POINT ( 'NONE',  ( -7.411154030627710831, 39.17882631839704999, -5.245923022215679410 ) ) ;
#8574 = LINE ( 'NONE', #9275, #4991 ) ;
#8575 = DIRECTION ( 'NONE',  ( 0.000000000000000000, 0.9999862922474268556, -0.005235963831419591756 ) ) ;
#8576 = DIRECTION ( 'NONE',  ( 0.000000000000000000, 1.000000000000000000, -0.000000000000000000 ) ) ;
#8577 = VECTOR ( 'NONE', #7305, 1000.000000000000000 ) ;
#8578 = CARTESIAN_POINT ( 'NONE',  ( 10.40808167306379062, 5.905688572931802938, 8.130905988037557819 ) ) ;
#8579 = ADVANCED_FACE ( 'NONE', ( #2996 ), #8964, .T. ) ;
#8580 = EDGE_LOOP ( 'NONE', ( #8899, #8454, #7925, #6300 ) ) ;
#8581 = B_SPLINE_CURVE_WITH_KNOTS ( 'NONE', 3,
 ( #444, #1094, #6326, #3450, #2523, #8578, #5505, #9326, #256, #4092 ),
 .UNSPECIFIED., .F., .F.,
 ( 4, 2, 2, 2, 4 ),
 ( 0.000000000000000000, 0.0007299630094381890852, 0.001459926018876378170, 0.002189889028314567256, 0.002919852037752756341 ),
 .UNSPECIFIED. ) ;
#8582 = VERTEX_POINT ( 'NONE', #1571 ) ;
#8583 = CARTESIAN_POINT ( 'NONE',  ( 9.099464154798585724, 17.27303391499869534, 9.682827445391557930 ) ) ;
#8584 = AXIS2_PLACEMENT_3D ( 'NONE', #8959, #3862, #4516 ) ;
#8585 = CIRCLE ( 'NONE', #5619, 9.199999999999992184 ) ;
#8586 = DIRECTION ( 'NONE',  ( 0.000000000000000000, 0.000000000000000000, -1.000000000000000000 ) ) ;
#8587 = ORIENTED_EDGE ( 'NONE', *, *, #8411, .T. ) ;
#8588 = CARTESIAN_POINT ( 'NONE',  ( -1.530649667146575910, 39.15591825482287192, -8.818141051064225522 ) ) ;
#8589 = DIRECTION ( 'NONE',  ( -0.000000000000000000, -1.000000000000000000, -0.000000000000000000 ) ) ;
#8590 = CARTESIAN_POINT ( 'NONE',  ( 11.20209445330007902, 3.994175421673476833, 8.374769132100263747 ) ) ;
#8591 = EDGE_CURVE ( 'NONE', #1331, #7116, #6930, .T. ) ;
#8592 = CARTESIAN_POINT ( 'NONE',  ( 4.449999999999999289, 5.500000000000000000, 4.450000000000001954 ) ) ;
#8593 = AXIS2_PLACEMENT_3D ( 'NONE', #5046, #5728, #3434 ) ;
#8594 = CARTESIAN_POINT ( 'NONE',  ( 6.255805281438020948, 3.122011186288044193, 10.97561693246377956 ) ) ;
#8595 = VERTEX_POINT ( 'NONE', #683 ) ;
#8596 = ORIENTED_EDGE ( 'NONE', *, *, #1956, .T. ) ;
#8597 = CARTESIAN_POINT ( 'NONE',  ( 7.707783647717406872, 27.56303391499869448, 10.98522377463119071 ) ) ;
#8598 = EDGE_LOOP ( 'NONE', ( #4597, #2418, #6597, #9194 ) ) ;
#8599 = CARTESIAN_POINT ( 'NONE',  ( 11.42237102237426782, 15.89303391499870344, 7.423682370878413650 ) ) ;
#8600 = EDGE_CURVE ( 'NONE', #3054, #7467, #3681, .T. ) ;
#8601 = EDGE_CURVE ( 'NONE', #226, #9594, #7042, .T. ) ;
#8602 = CARTESIAN_POINT ( 'NONE',  ( 7.163372258972779072, 16.49740354771502027, 10.90311578321137453 ) ) ;
#8603 = ORIENTED_EDGE ( 'NONE', *, *, #1423, .F. ) ;
#8604 = CIRCLE ( 'NONE', #5173, 6.999999999999999112 ) ;
#8605 = ORIENTED_EDGE ( 'NONE', *, *, #7266, .T. ) ;
#8606 = LINE ( 'NONE', #4945, #5236 ) ;
#8607 = CIRCLE ( 'NONE', #2832, 0.7136548544052906395 ) ;
#8608 = CARTESIAN_POINT ( 'NONE',  ( 9.082579437657267718, 30.54803391499869747, 9.050759828618016201 ) ) ;
#8609 = AXIS2_PLACEMENT_3D ( 'NONE', #9467, #6667, #5840 ) ;
#8610 = CARTESIAN_POINT ( 'NONE',  ( 7.553193042130119217, 36.92303391499869036, 10.72456715186596199 ) ) ;
#8611 = CARTESIAN_POINT ( 'NONE',  ( -6.839453812875254890, 39.99999999999999289, 4.653951976476181862 ) ) ;
#8612 = CARTESIAN_POINT ( 'NONE',  ( 9.022705952767912763, 14.60303391499869541, 10.20003893955757945 ) ) ;
#8613 = EDGE_CURVE ( 'NONE', #7600, #2285, #6644, .T. ) ;
#8614 = CARTESIAN_POINT ( 'NONE',  ( 10.96549121300117058, 40.90788287332900097, 7.742571735720984449 ) ) ;
#8615 = FACE_OUTER_BOUND ( 'NONE', #5879, .T. ) ;
#8616 = CARTESIAN_POINT ( 'NONE',  ( 4.661245592607101251, 39.13255635751107064, -6.825334418264157321 ) ) ;
#8617 = VERTEX_POINT ( 'NONE', #4402 ) ;
#8618 = EDGE_LOOP ( 'NONE', ( #6827, #7759, #4160, #726 ) ) ;
#8619 = VECTOR ( 'NONE', #3083, 1000.000000000000000 ) ;
#8620 = ORIENTED_EDGE ( 'NONE', *, *, #6807, .T. ) ;
#8621 = DIRECTION ( 'NONE',  ( 0.7071067811865474617, 0.000000000000000000, 0.7071067811865474617 ) ) ;
#8622 =( BOUNDED_CURVE ( )  B_SPLINE_CURVE ( 3, ( #2229, #5799, #8041, #6576, #8136, #3646, #6625 ),
 .UNSPECIFIED., .F., .T. ) 
 B_SPLINE_CURVE_WITH_KNOTS ( ( 4, 3, 4 ),
 ( 4.710850197528834826, 6.283185307179586232, 7.855520416830337638 ),
 .UNSPECIFIED. ) 
 CURVE ( )  GEOMETRIC_REPRESENTATION_ITEM ( )  RATIONAL_B_SPLINE_CURVE ( ( 1.000000000000000000, 0.8043750200357155933, 0.8043750200357155933, 1.000000000000000000, 0.8043750200357155933, 0.8043750200357155933, 1.000000000000000000 ) ) 
 REPRESENTATION_ITEM ( '' )  );
#8623 = CARTESIAN_POINT ( 'NONE',  ( 9.755673388501572063, 44.70124450426047247, -8.567463026099343182 ) ) ;
#8624 = CARTESIAN_POINT ( 'NONE',  ( 7.624140582207546757, 9.678437413258265565, 11.02428934761142543 ) ) ;
#8625 = CARTESIAN_POINT ( 'NONE',  ( 0.000000000000000000, 37.39999999999999858, 0.000000000000000000 ) ) ;
#8626 = LINE ( 'NONE', #4918, #8198 ) ;
#8627 = CARTESIAN_POINT ( 'NONE',  ( 9.373159838568572155, 28.02803391499868724, 9.426193043271693384 ) ) ;
#8628 = EDGE_CURVE ( 'NONE', #5761, #9281, #8731, .T. ) ;
#8629 = CARTESIAN_POINT ( 'NONE',  ( 6.758748019877958590, 33.77303391499870600, 11.05442191170038768 ) ) ;
#8630 = CARTESIAN_POINT ( 'NONE',  ( 4.450000000000003730, 5.500000000000000000, -10.04999999999997762 ) ) ;
#8631 = ORIENTED_EDGE ( 'NONE', *, *, #8566, .T. ) ;
#8632 = ORIENTED_EDGE ( 'NONE', *, *, #5483, .T. ) ;
#8633 = DIRECTION ( 'NONE',  ( -1.000000000000000000, -0.000000000000000000, 1.949127501097535707E-16 ) ) ;
#8634 = DIRECTION ( 'NONE',  ( 1.000000000000000000, 0.000000000000000000, 0.000000000000000000 ) ) ;
#8635 = CARTESIAN_POINT ( 'NONE',  ( 11.19800813232090775, 38.02780563522555468, 7.235912902489605614 ) ) ;
#8636 = CARTESIAN_POINT ( 'NONE',  ( 9.609592254897226127, 27.57803391499869505, 9.174721780581633013 ) ) ;
#8637 = CARTESIAN_POINT ( 'NONE',  ( 10.75982873201094314, 11.92171377540220867, 8.123933959840709207 ) ) ;
#8638 = CARTESIAN_POINT ( 'NONE',  ( 10.99546311912496321, 41.89977933240154329, 7.685700824010223364 ) ) ;
#8639 = EDGE_CURVE ( 'NONE', #8081, #8803, #4457, .T. ) ;
#8640 = CARTESIAN_POINT ( 'NONE',  ( 0.000000000000000000, 44.20218114339339621, 0.000000000000000000 ) ) ;
#8641 = LINE ( 'NONE', #9336, #1550 ) ;
#8642 = ORIENTED_EDGE ( 'NONE', *, *, #2039, .T. ) ;
#8643 = VERTEX_POINT ( 'NONE', #8894 ) ;
#8644 = CARTESIAN_POINT ( 'NONE',  ( -11.45000000000000284, 0.3575260777782755528, -4.449999999999984190 ) ) ;
#8645 = CARTESIAN_POINT ( 'NONE',  ( 11.31306614510097397, 34.22986321269081600, 6.938010703362683884 ) ) ;
#8646 = ORIENTED_EDGE ( 'NONE', *, *, #300, .T. ) ;
#8647 = DIRECTION ( 'NONE',  ( -1.239088197126291063E-16, -0.000000000000000000, -1.000000000000000000 ) ) ;
#8648 = CARTESIAN_POINT ( 'NONE',  ( 10.33931518472251021, 17.19803391499871026, 8.228601638994740952 ) ) ;
#8649 = AXIS2_PLACEMENT_3D ( 'NONE', #572, #5139, #6552 ) ;
#8650 = ORIENTED_EDGE ( 'NONE', *, *, #8591, .F. ) ;
#8651 = B_SPLINE_SURFACE_WITH_KNOTS ( 'NONE', 3, 1, ( 
 ( #523, #9399 ),
 ( #1957, #1311 ),
 ( #9347, #9303 ),
 ( #2635, #1908 ) ),
 .UNSPECIFIED., .F., .F., .F.,
 ( 4, 4 ),
 ( 2, 2 ),
 ( 0.000000000000000000, 1.000000000000000000 ),
 ( 0.000000000000000000, 1.000000000000000000 ),
 .UNSPECIFIED. ) ;
#8652 = ORIENTED_EDGE ( 'NONE', *, *, #7971, .F. ) ;
#8653 = EDGE_CURVE ( 'NONE', #3007, #945, #8056, .T. ) ;
#8654 = CARTESIAN_POINT ( 'NONE',  ( 10.15069108769962902, 11.85876013345520974, 9.011276605731532996 ) ) ;
#8655 = CARTESIAN_POINT ( 'NONE',  ( 0.000000000000000000, 37.39999999999999858, 0.000000000000000000 ) ) ;
#8656 = CARTESIAN_POINT ( 'NONE',  ( 9.177553115565624253, 6.099563043649295579, 9.614965215972882007 ) ) ;
#8657 = CARTESIAN_POINT ( 'NONE',  ( -1.543928953350315769, 39.91668805191901015, -8.900408234471424151 ) ) ;
#8658 = CARTESIAN_POINT ( 'NONE',  ( 11.14655949747993802, 6.989070231883381723, 7.357374248610841327 ) ) ;
#8659 = CARTESIAN_POINT ( 'NONE',  ( 11.26651376510402436, 32.12303391499870742, 7.331464723915031456 ) ) ;
#8660 =( BOUNDED_CURVE ( )  B_SPLINE_CURVE ( 3, ( #2398, #914, #408, #4194 ),
 .UNSPECIFIED., .F., .T. ) 
 B_SPLINE_CURVE_WITH_KNOTS ( ( 4, 4 ),
 ( 1.923479356422017394, 1.928319870431008276 ),
 .UNSPECIFIED. ) 
 CURVE ( )  GEOMETRIC_REPRESENTATION_ITEM ( )  RATIONAL_B_SPLINE_CURVE ( ( 1.000000000000000000, 0.9999980474529639451, 0.9999980474529639451, 1.000000000000000000 ) ) 
 REPRESENTATION_ITEM ( '' )  );
#8661 = LINE ( 'NONE', #6266, #8753 ) ;
#8662 = DIRECTION ( 'NONE',  ( 0.000000000000000000, 0.000000000000000000, 1.000000000000000000 ) ) ;
#8663 = EDGE_LOOP ( 'NONE', ( #1242, #9292, #8184, #2905, #8828 ) ) ;
#8664 = ORIENTED_EDGE ( 'NONE', *, *, #6444, .F. ) ;
#8665 = EDGE_LOOP ( 'NONE', ( #1675, #7979, #612, #1504, #6612, #3441, #5616 ) ) ;
#8666 = EDGE_CURVE ( 'NONE', #8643, #6842, #9149, .T. ) ;
#8667 = EDGE_CURVE ( 'NONE', #3990, #6634, #6220, .T. ) ;
#8668 = VECTOR ( 'NONE', #1921, 1000.000000000000000 ) ;
#8669 = CARTESIAN_POINT ( 'NONE',  ( 1.542474354229313782, 39.83335412408865750, 8.985223950274932037 ) ) ;
#8670 = DIRECTION ( 'NONE',  ( 0.005235892060090554731, 0.9999725850585454712, -0.005235892060090555598 ) ) ;
#8671 = LINE ( 'NONE', #6513, #2660 ) ;
#8672 = DIRECTION ( 'NONE',  ( 0.000000000000000000, 0.000000000000000000, 1.000000000000000000 ) ) ;
#8673 = CARTESIAN_POINT ( 'NONE',  ( -7.377633693642110302, 39.17060654087663352, 5.212605591995994381 ) ) ;
#8674 = ORIENTED_EDGE ( 'NONE', *, *, #5193, .T. ) ;
#8675 =( BOUNDED_CURVE ( )  B_SPLINE_CURVE ( 3, ( #9524, #6675, #2864, #8835 ),
 .UNSPECIFIED., .F., .F. ) 
 B_SPLINE_CURVE_WITH_KNOTS ( ( 4, 4 ),
 ( 1.402500893643991775, 1.403559262272814800 ),
 .UNSPECIFIED. ) 
 CURVE ( )  GEOMETRIC_REPRESENTATION_ITEM ( )  RATIONAL_B_SPLINE_CURVE ( ( 1.000000000000000000, 0.9999999066546558790, 0.9999999066546558790, 1.000000000000000000 ) ) 
 REPRESENTATION_ITEM ( '' )  );
#8676 = ORIENTED_EDGE ( 'NONE', *, *, #693, .F. ) ;
#8677 = ADVANCED_FACE ( 'NONE', ( #8154 ), #4048, .T. ) ;
#8678 = CARTESIAN_POINT ( 'NONE',  ( -4.450000000000001066, 36.00000000000000000, -9.890300914026143531 ) ) ;
#8679 = CARTESIAN_POINT ( 'NONE',  ( 8.445068429533298726, 6.143033914998687450, 10.02545228159925372 ) ) ;
#8680 = CARTESIAN_POINT ( 'NONE',  ( 11.26442135981292481, 38.56661487005592193, 7.068532782533887726 ) ) ;
#8681 = DIRECTION ( 'NONE',  ( 0.7071067811865474617, 0.000000000000000000, 0.7071067811865474617 ) ) ;
#8682 = DIRECTION ( 'NONE',  ( 0.000000000000000000, 0.000000000000000000, 1.000000000000000000 ) ) ;
#8683 = CARTESIAN_POINT ( 'NONE',  ( 11.02375416482593451, 17.34803391499870173, 6.855359885845315304 ) ) ;
#8684 = DIRECTION ( 'NONE',  ( -0.000000000000000000, 1.000000000000000000, -0.000000000000000000 ) ) ;
#8685 = CARTESIAN_POINT ( 'NONE',  ( 10.05990203968897312, 3.792776081993104675, 8.733562651344035643 ) ) ;
#8686 = CARTESIAN_POINT ( 'NONE',  ( -11.79571465388554685, 42.19303391499871481, -11.10628534611446483 ) ) ;
#8687 = EDGE_LOOP ( 'NONE', ( #5374, #7424, #2212, #5323 ) ) ;
#8688 = ORIENTED_EDGE ( 'NONE', *, *, #7699, .F. ) ;
#8689 = ADVANCED_FACE ( 'NONE', ( #6596 ), #1458, .T. ) ;
#8690 = CARTESIAN_POINT ( 'NONE',  ( -9.755673388499991106, 0.2987554957398210198, -8.567463026098915080 ) ) ;
#8691 = DIRECTION ( 'NONE',  ( -3.898255002195072399E-16, -0.000000000000000000, -1.000000000000000000 ) ) ;
#8692 = ORIENTED_EDGE ( 'NONE', *, *, #342, .F. ) ;
#8693 = CARTESIAN_POINT ( 'NONE',  ( 6.761624507423577235, 33.77303391499870600, 11.05729839924600455 ) ) ;
#8694 = CARTESIAN_POINT ( 'NONE',  ( 10.72924248992344154, 6.803033914998705356, 8.173051672048105232 ) ) ;
#8695 = CARTESIAN_POINT ( 'NONE',  ( 8.819913906853313890, 38.57078715550566272, -1.520436165816444252 ) ) ;
#8696 = LINE ( 'NONE', #1999, #3893 ) ;
#8697 = EDGE_CURVE ( 'NONE', #4497, #5169, #8720, .T. ) ;
#8698 = DIRECTION ( 'NONE',  ( 0.7071067811865474617, 0.000000000000000000, 0.7071067811865474617 ) ) ;
#8699 = ORIENTED_EDGE ( 'NONE', *, *, #167, .T. ) ;
#8700 = ORIENTED_EDGE ( 'NONE', *, *, #3095, .T. ) ;
#8701 = VECTOR ( 'NONE', #3791, 1000.000000000000000 ) ;
#8702 = CARTESIAN_POINT ( 'NONE',  ( 10.08116022707999448, 11.90542729299096614, 9.096596368461481674 ) ) ;
#8703 = CARTESIAN_POINT ( 'NONE',  ( 11.39171227638599504, 31.76303391499870443, 7.838500897037747883 ) ) ;
#8704 = APPLICATION_CONTEXT ( 'automotive_design' ) ;
#8705 = CARTESIAN_POINT ( 'NONE',  ( 8.931759942935125096, 6.158645609189142611, 9.829633068956111330 ) ) ;
#8706 = CARTESIAN_POINT ( 'NONE',  ( 9.071645687993024509, 39.19999999999998153, 1.531419116870823105 ) ) ;
#8707 = CARTESIAN_POINT ( 'NONE',  ( 7.758860221094972864, 17.10803391499870330, 10.46354385524758079 ) ) ;
#8708 = VECTOR ( 'NONE', #2518, 1000.000000000000114 ) ;
#8709 = FACE_OUTER_BOUND ( 'NONE', #1142, .T. ) ;
#8710 = EDGE_CURVE ( 'NONE', #6173, #3929, #5037, .T. ) ;
#8711 = CARTESIAN_POINT ( 'NONE',  ( 7.575911307255971394, 41.12803391499871708, 10.53515338263586187 ) ) ;
#8712 = DIRECTION ( 'NONE',  ( 0.7071067811865474617, 0.000000000000000000, 0.7071067811865474617 ) ) ;
#8713 = ORIENTED_EDGE ( 'NONE', *, *, #6421, .T. ) ;
#8714 = VECTOR ( 'NONE', #2468, 1000.000000000000114 ) ;
#8715 = VERTEX_POINT ( 'NONE', #1260 ) ;
#8716 = ORIENTED_EDGE ( 'NONE', *, *, #3260, .T. ) ;
#8717 = CARTESIAN_POINT ( 'NONE',  ( -7.503137776691587213, 39.74999999999998579, 5.323807237680901139 ) ) ;
#8718 = CARTESIAN_POINT ( 'NONE',  ( 11.44999999999999929, 4.289617747577898932, -5.366463060956069064 ) ) ;
#8719 = CARTESIAN_POINT ( 'NONE',  ( 9.573138278766222697, 27.42372878069401665, 9.220127546144277986 ) ) ;
#8721 = CARTESIAN_POINT ( 'NONE',  ( -10.57799311167914524, 0.1537583417746046510, 4.450000000000005507 ) ) ;
#8720 =( BOUNDED_CURVE ( )  B_SPLINE_CURVE ( 3, ( #9439, #8695, #1998, #7963 ),
 .UNSPECIFIED., .F., .T. ) 
 B_SPLINE_CURVE_WITH_KNOTS ( ( 4, 4 ),
 ( 1.398929154984637657, 1.402403865629277435 ),
 .UNSPECIFIED. ) 
 CURVE ( )  GEOMETRIC_REPRESENTATION_ITEM ( )  RATIONAL_B_SPLINE_CURVE ( ( 1.000000000000000000, 0.9999989938657476429, 0.9999989938657476429, 1.000000000000000000 ) ) 
 REPRESENTATION_ITEM ( '' )  );
#8722 = CARTESIAN_POINT ( 'NONE',  ( 6.934824418064501117, 7.501506900646075060, 10.99497670921392967 ) ) ;
#8723 = DIRECTION ( 'NONE',  ( 0.7071067811865474617, 0.000000000000000000, 0.7071067811865474617 ) ) ;
#8724 = EDGE_CURVE ( 'NONE', #4756, #3990, #9107, .T. ) ;
#8725 = EDGE_CURVE ( 'NONE', #8990, #501, #124, .T. ) ;
#8726 = ORIENTED_EDGE ( 'NONE', *, *, #2201, .F. ) ;
#8727 = ORIENTED_EDGE ( 'NONE', *, *, #2787, .T. ) ;
#8728 = CARTESIAN_POINT ( 'NONE',  ( -1.545383168813365904, 39.99999999999998579, 8.815570932250970770 ) ) ;
#8729 = CARTESIAN_POINT ( 'NONE',  ( 11.20761565851857711, 41.00336011264568725, 7.213326139955856142 ) ) ;
#8730 = PLANE ( 'NONE',  #2310 ) ;
#8731 = CIRCLE ( 'NONE', #4203, 9.199999999999992184 ) ;
#8732 = CARTESIAN_POINT ( 'NONE',  ( -1.530649667146575910, 39.15591825482287192, -8.818141051064225522 ) ) ;
#8733 = VECTOR ( 'NONE', #93, 1000.000000000000000 ) ;
#8734 = DIRECTION ( 'NONE',  ( 0.000000000000000000, 0.000000000000000000, 1.000000000000000000 ) ) ;
#8735 = FACE_OUTER_BOUND ( 'NONE', #702, .T. ) ;
#8736 = FACE_OUTER_BOUND ( 'NONE', #2525, .T. ) ;
#8737 = B_SPLINE_SURFACE_WITH_KNOTS ( 'NONE', 3, 1, ( 
 ( #4078, #1125 ),
 ( #5634, #4905 ),
 ( #7876, #7143 ),
 ( #7054, #3436 ) ),
 .UNSPECIFIED., .F., .F., .F.,
 ( 4, 4 ),
 ( 2, 2 ),
 ( 0.000000000000000000, 1.000000000000000000 ),
 ( 0.000000000000000000, 1.000000000000000000 ),
 .UNSPECIFIED. ) ;
#8738 = EDGE_CURVE ( 'NONE', #324, #4979, #7855, .T. ) ;
#8739 = CARTESIAN_POINT ( 'NONE',  ( 11.20209445330008080, 3.994175421673476389, 4.449999999999996625 ) ) ;
#8740 = CARTESIAN_POINT ( 'NONE',  ( 10.72852110366793177, 7.358671058072865812, 7.547976313633759204 ) ) ;
#8741 = AXIS2_PLACEMENT_3D ( 'NONE', #2863, #5800, #7301 ) ;
#8742 = ORIENTED_EDGE ( 'NONE', *, *, #894, .F. ) ;
#8743 = VECTOR ( 'NONE', #8105, 1000.000000000000000 ) ;
#8744 = AXIS2_PLACEMENT_3D ( 'NONE', #5887, #2172, #5155 ) ;
#8745 = ORIENTED_EDGE ( 'NONE', *, *, #2293, .T. ) ;
#8746 = CARTESIAN_POINT ( 'NONE',  ( -10.03126185594976327, 0.2501618133562326096, -8.776078614592591975 ) ) ;
#8747 = CARTESIAN_POINT ( 'NONE',  ( 8.085025278389590397, 27.98303391499869974, 10.95941454002703175 ) ) ;
#8748 = ORIENTED_EDGE ( 'NONE', *, *, #9516, .T. ) ;
#8749 = CARTESIAN_POINT ( 'NONE',  ( 10.89093361201590326, 32.11861598459462641, 7.895513419088241669 ) ) ;
#8750 = AXIS2_PLACEMENT_3D ( 'NONE', #3775, #1472, #3818 ) ;
#8751 = B_SPLINE_CURVE_WITH_KNOTS ( 'NONE', 3,
 ( #7052, #336, #9215, #2507 ),
 .UNSPECIFIED., .F., .F.,
 ( 4, 4 ),
 ( 0.000000000000000000, 0.001059900420411840878 ),
 .UNSPECIFIED. ) ;
#8752 = CARTESIAN_POINT ( 'NONE',  ( 9.415631899071932764, 42.80303400285406212, 9.383811897804704927 ) ) ;
#8753 = VECTOR ( 'NONE', #5538, 1000.000000000000227 ) ;
#8754 = EDGE_CURVE ( 'NONE', #3472, #7308, #4502, .T. ) ;
#8755 = DIRECTION ( 'NONE',  ( -0.005235963831419591756, -0.9999862922474268556, 2.041112219714389988E-18 ) ) ;
#8756 = VERTEX_POINT ( 'NONE', #5952 ) ;
#8757 = VERTEX_POINT ( 'NONE', #3899 ) ;
#8758 = CARTESIAN_POINT ( 'NONE',  ( 10.96797663379871679, 38.20605385466383552, 7.739078627395687526 ) ) ;
#8759 = CARTESIAN_POINT ( 'NONE',  ( -8.127065172579154506, 39.99999999999999289, 1.545383168813280639 ) ) ;
#8760 = CARTESIAN_POINT ( 'NONE',  ( 8.436484364655855828, 6.373787271659263176, 10.21225334795009942 ) ) ;
#8761 = FACE_OUTER_BOUND ( 'NONE', #2416, .T. ) ;
#8762 = CARTESIAN_POINT ( 'NONE',  ( -13.22760588578826990, 26.57303391499869250, -9.674394114211741780 ) ) ;
#8763 = AXIS2_PLACEMENT_3D ( 'NONE', #5197, #6616, #3092 ) ;
#8764 = CARTESIAN_POINT ( 'NONE',  ( 6.995967389301585015, 22.83803400285405516, 11.29164088889594275 ) ) ;
#8765 = CARTESIAN_POINT ( 'NONE',  ( 7.534386940619529405, 33.97616523252423093, 11.06638550876048832 ) ) ;
#8766 = CARTESIAN_POINT ( 'NONE',  ( 7.447101363413964670, 14.47429695851113962, 11.10637915216841520 ) ) ;
#8767 = ORIENTED_EDGE ( 'NONE', *, *, #1143, .T. ) ;
#8768 = ORIENTED_EDGE ( 'NONE', *, *, #7607, .T. ) ;
#8769 = ORIENTED_EDGE ( 'NONE', *, *, #394, .T. ) ;
#8770 = CIRCLE ( 'NONE', #4869, 8.272689856255970753 ) ;
#8771 = CARTESIAN_POINT ( 'NONE',  ( 11.08916300924924947, 34.59438070733697401, 7.489327264496192349 ) ) ;
#8772 = DIRECTION ( 'NONE',  ( 1.000000000000000000, 0.000000000000000000, 1.052865412515367529E-14 ) ) ;
#8773 = CARTESIAN_POINT ( 'NONE',  ( 7.519619707734273462, 26.91749718989258255, 11.07330327465453124 ) ) ;
#8774 = PLANE ( 'NONE',  #9155 ) ;
#8775 = CARTESIAN_POINT ( 'NONE',  ( 10.48408996206157973, 26.54134645340554144, 8.666602524995465018 ) ) ;
#8776 = FACE_OUTER_BOUND ( 'NONE', #4184, .T. ) ;
#8777 = DIRECTION ( 'NONE',  ( 7.752637311995460521E-16, 0.000000000000000000, -1.000000000000000000 ) ) ;
#8778 = AXIS2_PLACEMENT_3D ( 'NONE', #5648, #5598, #397 ) ;
#8779 = ORIENTED_EDGE ( 'NONE', *, *, #7722, .F. ) ;
#8780 = VERTEX_POINT ( 'NONE', #6884 ) ;
#8781 = FACE_OUTER_BOUND ( 'NONE', #4552, .T. ) ;
#8782 = ADVANCED_FACE ( 'NONE', ( #172 ), #1599, .T. ) ;
#8783 = PLANE ( 'NONE',  #9510 ) ;
#8784 = CARTESIAN_POINT ( 'NONE',  ( -8.818141051064207758, 39.15591825482287192, -1.530649667146668280 ) ) ;
#8785 = CARTESIAN_POINT ( 'NONE',  ( 7.305583171404784082, 35.12303391499869321, 10.83758173954576343 ) ) ;
#8786 = CARTESIAN_POINT ( 'NONE',  ( 9.230940701561399564, 30.54803391499869747, 9.199121092522148047 ) ) ;
#8787 = CARTESIAN_POINT ( 'NONE',  ( 10.66031453647893912, 12.11303391499871829, 7.679859649891691120 ) ) ;
#8788 = LINE ( 'NONE', #7304, #1579 ) ;
#8789 = CARTESIAN_POINT ( 'NONE',  ( 11.26780873538238659, 4.258869307787113812, 6.282235193643358251 ) ) ;
#8790 = B_SPLINE_CURVE_WITH_KNOTS ( 'NONE', 3,
 ( #6051, #2348, #8211, #5324, #8257, #4607, #178, #4506 ),
 .UNSPECIFIED., .F., .F.,
 ( 4, 2, 2, 4 ),
 ( 0.000000000000000000, 0.0008128586569469550219, 0.001219287985420432641, 0.001625717313893910044 ),
 .UNSPECIFIED. ) ;
#8791 = CARTESIAN_POINT ( 'NONE',  ( -10.04397855905344628, 6.649999999999999467, 4.450000000000001954 ) ) ;
#8792 = ORIENTED_EDGE ( 'NONE', *, *, #7287, .F. ) ;
#8793 = VERTEX_POINT ( 'NONE', #757 ) ;
#8794 = CARTESIAN_POINT ( 'NONE',  ( -11.09790554669992346, 0.06208375187461399880, -4.449999999999985079 ) ) ;
#8795 = EDGE_CURVE ( 'NONE', #5784, #8539, #4011, .T. ) ;
#8796 = DIRECTION ( 'NONE',  ( 0.000000000000000000, 0.000000000000000000, 1.000000000000000000 ) ) ;
#8797 = ORIENTED_EDGE ( 'NONE', *, *, #940, .F. ) ;
#8798 = EDGE_CURVE ( 'NONE', #6469, #9514, #4555, .T. ) ;
#8799 = CARTESIAN_POINT ( 'NONE',  ( 10.62369864739715375, 15.80303391499871069, 7.749309777987906322 ) ) ;
#8800 = CARTESIAN_POINT ( 'NONE',  ( 9.500000000000005329, 37.39999999999999858, -1.499999999999966915 ) ) ;
#8801 = DIRECTION ( 'NONE',  ( 0.000000000000000000, 0.000000000000000000, 1.000000000000000000 ) ) ;
#8802 = CARTESIAN_POINT ( 'NONE',  ( 10.56714543786281979, 10.56031441987782138, 7.855471760421507632 ) ) ;
#8803 = VERTEX_POINT ( 'NONE', #9681 ) ;
#8804 = ORIENTED_EDGE ( 'NONE', *, *, #9427, .T. ) ;
#8805 = CARTESIAN_POINT ( 'NONE',  ( 8.371240954414608026, 11.87303400285404820, 10.24860926235090730 ) ) ;
#8806 = ORIENTED_EDGE ( 'NONE', *, *, #2381, .F. ) ;
#8807 = EDGE_CURVE ( 'NONE', #8398, #1112, #2976, .T. ) ;
#8808 = CARTESIAN_POINT ( 'NONE',  ( 1.545383168813365904, 39.99999999999999289, 8.127065172579140295 ) ) ;
#8809 = CARTESIAN_POINT ( 'NONE',  ( 7.364750192318576971, 15.66656563259917512, 10.81444269088103560 ) ) ;
#8810 = CARTESIAN_POINT ( 'NONE',  ( 10.68327902377739314, 35.88803391499870798, 8.254367426515772266 ) ) ;
#8811 = CARTESIAN_POINT ( 'NONE',  ( 11.10740767849377342, 6.839165143657670143, 7.446930432783678278 ) ) ;
#8812 = CARTESIAN_POINT ( 'NONE',  ( 11.49985900289557783, 33.77303391499871310, 7.098119486123477984 ) ) ;
#8813 = CARTESIAN_POINT ( 'NONE',  ( -8.949999999999993960, 39.99999999999999289, 0.000000000000000000 ) ) ;
#8814 = DIRECTION ( 'NONE',  ( -0.005235963831419590889, -0.9999862922474268556, 8.109776230115207641E-19 ) ) ;
#8815 = ORIENTED_EDGE ( 'NONE', *, *, #2734, .T. ) ;
#8816 = VERTEX_POINT ( 'NONE', #8946 ) ;
#8817 = ORIENTED_EDGE ( 'NONE', *, *, #448, .F. ) ;
#8818 = VECTOR ( 'NONE', #4902, 1000.000000000000227 ) ;
#8819 = EDGE_CURVE ( 'NONE', #3557, #1129, #902, .T. ) ;
#8820 = FACE_OUTER_BOUND ( 'NONE', #3776, .T. ) ;
#8821 = CARTESIAN_POINT ( 'NONE',  ( 8.751827042193502493, 3.834246800401313937, -10.04766789441816144 ) ) ;
#8822 = CARTESIAN_POINT ( 'NONE',  ( 9.415631899071932764, 42.80303400285406212, 9.383811897804704927 ) ) ;
#8823 = DIRECTION ( 'NONE',  ( 0.000000000000000000, 1.000000000000000000, 0.000000000000000000 ) ) ;
#8824 = CARTESIAN_POINT ( 'NONE',  ( 7.688990186433108498, 6.296072210305905692, 10.65861256416844682 ) ) ;
#8825 = CIRCLE ( 'NONE', #7099, 5.599999999999998757 ) ;
#8826 = FACE_OUTER_BOUND ( 'NONE', #7083, .T. ) ;
#8827 = DIRECTION ( 'NONE',  ( -0.000000000000000000, 1.000000000000000000, -0.000000000000000000 ) ) ;
#8828 = ORIENTED_EDGE ( 'NONE', *, *, #7824, .F. ) ;
#8829 = EDGE_CURVE ( 'NONE', #2971, #9339, #7016, .T. ) ;
#8830 = ORIENTED_EDGE ( 'NONE', *, *, #3852, .T. ) ;
#8831 = CARTESIAN_POINT ( 'NONE',  ( 7.342019205667255299, 27.25752405844545834, 10.82471143616921339 ) ) ;
#8832 = CARTESIAN_POINT ( 'NONE',  ( 1.531172702841401279, 39.18588294971093688, 8.990485450532764489 ) ) ;
#8833 = CARTESIAN_POINT ( 'NONE',  ( -9.260736647217708395, 20.58803400285406937, -13.64126335278230329 ) ) ;
#8834 = CARTESIAN_POINT ( 'NONE',  ( 9.620198856615026273, 27.02303391499869534, 9.164115178863834643 ) ) ;
#8835 = CARTESIAN_POINT ( 'NONE',  ( -9.071645687993047602, 39.19999999999998153, 1.531419116870696762 ) ) ;
#8836 = LINE ( 'NONE', #9670, #8111 ) ;
#8837 = DIRECTION ( 'NONE',  ( -0.000000000000000000, 1.000000000000000000, -0.000000000000000000 ) ) ;
#8838 = CARTESIAN_POINT ( 'NONE',  ( 8.112490369793968981, 37.39999999999999858, 1.500000000000028422 ) ) ;
#8839 = ADVANCED_FACE ( 'NONE', ( #7556 ), #8295, .T. ) ;
#8840 = DIRECTION ( 'NONE',  ( 0.000000000000000000, 0.000000000000000000, 1.000000000000000000 ) ) ;
#8841 = ORIENTED_EDGE ( 'NONE', *, *, #1935, .T. ) ;
#8842 = ORIENTED_EDGE ( 'NONE', *, *, #4729, .F. ) ;
#8843 = DIRECTION ( 'NONE',  ( -0.000000000000000000, -1.000000000000000000, -0.000000000000000000 ) ) ;
#8844 = CARTESIAN_POINT ( 'NONE',  ( 11.05131708010257263, 40.26944575846104613, 6.781128142667376402 ) ) ;
#8845 = ORIENTED_EDGE ( 'NONE', *, *, #3887, .T. ) ;
#8846 = DIRECTION ( 'NONE',  ( 0.000000000000000000, 0.000000000000000000, 1.000000000000000000 ) ) ;
#8847 = CARTESIAN_POINT ( 'NONE',  ( 8.672350240783067932, 42.62270174850019799, 10.03399771492174075 ) ) ;
#8848 = CARTESIAN_POINT ( 'NONE',  ( 10.75626146529677207, 32.42330852829579158, 7.491131639958903854 ) ) ;
#8849 = CARTESIAN_POINT ( 'NONE',  ( -11.39266378860918927, 31.14803391499869889, -11.50933621139082419 ) ) ;
#8850 = EDGE_CURVE ( 'NONE', #1700, #8551, #5410, .T. ) ;
#8851 = ORIENTED_EDGE ( 'NONE', *, *, #8973, .T. ) ;
#8852 = EDGE_CURVE ( 'NONE', #6042, #4223, #1380, .T. ) ;
#8853 = ORIENTED_EDGE ( 'NONE', *, *, #8601, .T. ) ;
#8854 = B_SPLINE_CURVE_WITH_KNOTS ( 'NONE', 3,
 ( #2664, #5702, #5656, #8635, #4927, #8680, #1981, #5112, #5748, #5206 ),
 .UNSPECIFIED., .F., .F.,
 ( 4, 2, 2, 2, 4 ),
 ( 0.000000000000000000, 0.0005655320251740976077, 0.001131064050348195215, 0.001696596075522292715, 0.002262128100696390431 ),
 .UNSPECIFIED. ) ;
#8855 = FACE_OUTER_BOUND ( 'NONE', #2939, .T. ) ;
#8856 = EDGE_LOOP ( 'NONE', ( #2623, #4067, #7408, #5589 ) ) ;
#8857 = CARTESIAN_POINT ( 'NONE',  ( -1.499999999999999556, 37.39999999999999858, -8.823406371691149275 ) ) ;
#8858 = CARTESIAN_POINT ( 'NONE',  ( 0.000000000000000000, 39.19999999999998153, 0.000000000000000000 ) ) ;
#8859 = DIRECTION ( 'NONE',  ( 0.000000000000000000, 0.000000000000000000, 1.000000000000000000 ) ) ;
#8860 = CARTESIAN_POINT ( 'NONE',  ( -10.57799311167914880, 0.1537583417746037906, -4.449999999999997513 ) ) ;
#8861 = CARTESIAN_POINT ( 'NONE',  ( 11.22871260855047026, 39.57803391499871992, 7.633074822331066045 ) ) ;
#8862 = CARTESIAN_POINT ( 'NONE',  ( -5.245923022215653653, 39.17882631839704999, 7.411154030627729483 ) ) ;
#8863 = CARTESIAN_POINT ( 'NONE',  ( 7.447101363413963782, 14.27303391499868468, 11.10637915216841343 ) ) ;
#8864 = ORIENTED_EDGE ( 'NONE', *, *, #1653, .T. ) ;
#8865 = EDGE_CURVE ( 'NONE', #3906, #3496, #1698, .T. ) ;
#8866 = ORIENTED_EDGE ( 'NONE', *, *, #8160, .T. ) ;
#8867 = ORIENTED_EDGE ( 'NONE', *, *, #8411, .F. ) ;
#8868 = DIRECTION ( 'NONE',  ( 0.7071067811865474617, 0.000000000000000000, 0.7071067811865474617 ) ) ;
#8869 = CARTESIAN_POINT ( 'NONE',  ( 11.23011430090960339, 7.508033914998702762, 7.676902921561227444 ) ) ;
#8870 = DIRECTION ( 'NONE',  ( 0.000000000000000000, -1.000000000000000000, 0.000000000000000000 ) ) ;
#8871 = DIRECTION ( 'NONE',  ( 0.000000000000000000, 0.000000000000000000, -1.000000000000000000 ) ) ;
#8872 = CARTESIAN_POINT ( 'NONE',  ( 7.156792302566342023, 34.83527178040598926, 11.23014398471992870 ) ) ;
#8873 = PLANE ( 'NONE',  #5180 ) ;
#8874 = LINE ( 'NONE', #8230, #7962 ) ;
#8875 = EDGE_CURVE ( 'NONE', #4331, #8793, #845, .T. ) ;
#8876 = ORIENTED_EDGE ( 'NONE', *, *, #594, .F. ) ;
#8877 = CARTESIAN_POINT ( 'NONE',  ( -10.03821891988717674, 7.750000000000000000, 4.450000000000001954 ) ) ;
#8878 = CARTESIAN_POINT ( 'NONE',  ( 7.516160981892762827, 13.25068915722271612, 11.07488679039023438 ) ) ;
#8879 = CARTESIAN_POINT ( 'NONE',  ( 7.788566150479434569, 17.06449000633251956, 10.60268803672235194 ) ) ;
#8880 = CARTESIAN_POINT ( 'NONE',  ( -9.070563457125832230, 39.56668310586243820, -1.537819594291795822 ) ) ;
#8881 = CARTESIAN_POINT ( 'NONE',  ( 10.55847877208494801, 3.880688611868184257, -4.449999999999997513 ) ) ;
#8882 = DIRECTION ( 'NONE',  ( 1.000000000000000000, 0.000000000000000000, 2.144040251207288488E-15 ) ) ;
#8883 = ORIENTED_EDGE ( 'NONE', *, *, #3226, .T. ) ;
#8884 = EDGE_CURVE ( 'NONE', #544, #9514, #3071, .T. ) ;
#8885 = CARTESIAN_POINT ( 'NONE',  ( 8.122238618328903925, 39.13255635751121275, 1.530241883712182949 ) ) ;
#8886 = CARTESIAN_POINT ( 'NONE',  ( 5.262818710037307390, 39.83335412408865750, -7.444206861401061914 ) ) ;
#8887 = EDGE_LOOP ( 'NONE', ( #9296, #1319, #1474, #7483 ) ) ;
#8888 = ORIENTED_EDGE ( 'NONE', *, *, #4796, .T. ) ;
#8889 = LINE ( 'NONE', #8290, #4399 ) ;
#8890 = VECTOR ( 'NONE', #6003, 1000.000000000000000 ) ;
#8891 = CARTESIAN_POINT ( 'NONE',  ( 7.637966760842253677, 32.40050281587252101, 10.68275562905692766 ) ) ;
#8892 = ORIENTED_EDGE ( 'NONE', *, *, #3173, .F. ) ;
#8893 = CARTESIAN_POINT ( 'NONE',  ( 8.322674678800181525, 44.44856816841969760, 11.14999999999999858 ) ) ;
#8894 = CARTESIAN_POINT ( 'NONE',  ( 10.89153237827059684, 33.80303391499872134, 7.189828574873180500 ) ) ;
#8895 = VECTOR ( 'NONE', #6744, 1000.000000000000000 ) ;
#8896 = CARTESIAN_POINT ( 'NONE',  ( 10.47996004847694351, 15.80303391499871069, 7.605571179067695198 ) ) ;
#8897 = CIRCLE ( 'NONE', #9052, 0.7136548544052906395 ) ;
#8898 = EDGE_LOOP ( 'NONE', ( #5123, #9137, #748, #4056 ) ) ;
#8899 = ORIENTED_EDGE ( 'NONE', *, *, #9348, .F. ) ;
#8900 = CARTESIAN_POINT ( 'NONE',  ( -4.450000000000001066, 6.649999999999999467, 4.450000000000002842 ) ) ;
#8901 = ORIENTED_EDGE ( 'NONE', *, *, #2090, .F. ) ;
#8902 = VECTOR ( 'NONE', #878, 1000.000000000000000 ) ;
#8903 = CARTESIAN_POINT ( 'NONE',  ( 7.519905387961393295, 26.57303391499869250, 11.07311715953792230 ) ) ;
#8904 = EDGE_CURVE ( 'NONE', #8816, #4907, #5317, .T. ) ;
#8905 = EDGE_CURVE ( 'NONE', #7115, #402, #1106, .T. ) ;
#8906 = CARTESIAN_POINT ( 'NONE',  ( 7.285276037769386370, 15.27587834807286171, 10.85024290467017849 ) ) ;
#8907 = FACE_OUTER_BOUND ( 'NONE', #3017, .T. ) ;
#8908 = LINE ( 'NONE', #3815, #4986 ) ;
#8909 = CARTESIAN_POINT ( 'NONE',  ( -9.947373702128277984, 25.10000000000000497, -0.3000000000000348499 ) ) ;
#8910 = B_SPLINE_CURVE_WITH_KNOTS ( 'NONE', 3,
 ( #3874, #3240, #2414, #4669 ),
 .UNSPECIFIED., .F., .F.,
 ( 4, 4 ),
 ( 0.002351919300914675180, 0.002708658409309405019 ),
 .UNSPECIFIED. ) ;
#8911 = CARTESIAN_POINT ( 'NONE',  ( 8.346824153276333647, 31.00390044220138108, 10.62476706993293085 ) ) ;
#8912 = DIRECTION ( 'NONE',  ( 0.000000000000000000, 0.000000000000000000, 1.000000000000000000 ) ) ;
#8913 = ORIENTED_EDGE ( 'NONE', *, *, #5431, .F. ) ;
#8914 = B_SPLINE_CURVE_WITH_KNOTS ( 'NONE', 3,
 ( #7650, #4882, #2529, #5414, #3213, #6285, #7850, #4098 ),
 .UNSPECIFIED., .F., .F.,
 ( 4, 2, 2, 4 ),
 ( 0.000000000000000000, 0.0005012765740689173379, 0.0007519148611033811026, 0.001002553148137844867 ),
 .UNSPECIFIED. ) ;
#8915 = VERTEX_POINT ( 'NONE', #4105 ) ;
#8916 = CARTESIAN_POINT ( 'NONE',  ( 11.17657756674833003, 15.53029443274792598, 7.286709682801756571 ) ) ;
#8917 = CARTESIAN_POINT ( 'NONE',  ( 7.801181405809722413, 36.62351544858732666, 10.60192032283793573 ) ) ;
#8918 = ADVANCED_FACE ( 'NONE', ( #3365 ), #9676, .F. ) ;
#8919 = CARTESIAN_POINT ( 'NONE',  ( 11.20209445330008080, 3.994175421673476389, -4.449999999999997513 ) ) ;
#8920 = EDGE_CURVE ( 'NONE', #4015, #9433, #6290, .T. ) ;
#8921 = CONICAL_SURFACE ( 'NONE', #8763, 8.249999999999998224, 0.008726646259971666819 ) ;
#8922 = CARTESIAN_POINT ( 'NONE',  ( 7.077511659369684516, 17.06909681393672074, 10.94245374349633337 ) ) ;
#8923 = CARTESIAN_POINT ( 'NONE',  ( -12.89880123253656485, 41.93303391499870258, -10.00319876746344860 ) ) ;
#8924 = CARTESIAN_POINT ( 'NONE',  ( 4.675736781012024501, 37.39999999999999858, 6.797057124571728615 ) ) ;
#8925 = AXIS2_PLACEMENT_3D ( 'NONE', #2041, #2234, #7209 ) ;
#8926 = ORIENTED_EDGE ( 'NONE', *, *, #4951, .T. ) ;
#8927 = CARTESIAN_POINT ( 'NONE',  ( 4.449999999999999289, 29.42303400285405246, 4.450000000000001954 ) ) ;
#8928 = CARTESIAN_POINT ( 'NONE',  ( -15.29934276308591734, 40.28336915464910817, -11.44999999999999929 ) ) ;
#8929 = DIRECTION ( 'NONE',  ( 0.7071067811865474617, 0.000000000000000000, 0.7071067811865474617 ) ) ;
#8930 = EDGE_CURVE ( 'NONE', #2287, #1993, #6336, .T. ) ;
#8931 = DIRECTION ( 'NONE',  ( -0.000000000000000000, 1.000000000000000000, -0.000000000000000000 ) ) ;
#8932 = DIRECTION ( 'NONE',  ( 1.000000000000000000, 0.000000000000000000, -1.552125552743941678E-16 ) ) ;
#8933 = PLANE ( 'NONE',  #1716 ) ;
#8934 = VECTOR ( 'NONE', #3158, 1000.000000000000227 ) ;
#8935 = CARTESIAN_POINT ( 'NONE',  ( -13.06850686002126061, 12.56303391499868205, -9.833493139978751074 ) ) ;
#8936 = EDGE_LOOP ( 'NONE', ( #6506, #9678, #6899, #2965 ) ) ;
#8937 = EDGE_LOOP ( 'NONE', ( #6105, #5408, #6136, #8866 ) ) ;
#8938 = VERTEX_POINT ( 'NONE', #9513 ) ;
#8939 = CARTESIAN_POINT ( 'NONE',  ( 7.776603303409402201, 36.92303391499869036, 10.94797741314524409 ) ) ;
#8940 = CARTESIAN_POINT ( 'NONE',  ( 10.47313023493327755, 16.49303391499870486, 8.574548723561479235 ) ) ;
#8941 = EDGE_LOOP ( 'NONE', ( #1811, #9607, #4606, #7370 ) ) ;
#8942 = ADVANCED_FACE ( 'NONE', ( #2621 ), #4153, .T. ) ;
#8943 =( BOUNDED_CURVE ( )  B_SPLINE_CURVE ( 3, ( #2243, #26, #5124, #2095 ),
 .UNSPECIFIED., .F., .T. ) 
 B_SPLINE_CURVE_WITH_KNOTS ( ( 4, 4 ),
 ( 4.879626044906771654, 4.880684413535595567 ),
 .UNSPECIFIED. ) 
 CURVE ( )  GEOMETRIC_REPRESENTATION_ITEM ( )  RATIONAL_B_SPLINE_CURVE ( ( 1.000000000000000000, 0.9999999066546558790, 0.9999999066546558790, 1.000000000000000000 ) ) 
 REPRESENTATION_ITEM ( '' )  );
#8944 = CARTESIAN_POINT ( 'NONE',  ( 7.196034441036649021, 39.30803391499870258, 11.53413473973031245 ) ) ;
#8945 = CARTESIAN_POINT ( 'NONE',  ( 10.92352247913744634, 44.90716780833542998, 6.203710828202452454 ) ) ;
#8946 = CARTESIAN_POINT ( 'NONE',  ( 9.254486682338004755, 11.85803391499869797, 9.540865124832604849 ) ) ;
#8947 = DIRECTION ( 'NONE',  ( -8.881784197001252323E-15, 0.000000000000000000, 1.000000000000000000 ) ) ;
#8948 = ORIENTED_EDGE ( 'NONE', *, *, #6680, .F. ) ;
#8949 = ORIENTED_EDGE ( 'NONE', *, *, #3052, .T. ) ;
#8950 = CARTESIAN_POINT ( 'NONE',  ( 8.504549680362341491, 17.21866486308193700, 10.52178463696198918 ) ) ;
#8951 = ORIENTED_EDGE ( 'NONE', *, *, #8091, .T. ) ;
#8952 = CARTESIAN_POINT ( 'NONE',  ( -4.502094453300082399, 42.18721534907326998, 11.15000000000000213 ) ) ;
#8953 = CARTESIAN_POINT ( 'NONE',  ( -13.21699928407048574, 33.78803391499870656, -9.685000715929525938 ) ) ;
#8954 = CARTESIAN_POINT ( 'NONE',  ( 8.200837672548631829, 42.17788458106969074, 10.71458529944987070 ) ) ;
#8955 = DIRECTION ( 'NONE',  ( 0.000000000000000000, 0.000000000000000000, 1.000000000000000000 ) ) ;
#8956 = B_SPLINE_CURVE_WITH_KNOTS ( 'NONE', 3,
 ( #7751, #6193, #9144, #7555, #5316, #5416, #6242, #8294, #264, #6834 ),
 .UNSPECIFIED., .F., .F.,
 ( 4, 2, 2, 2, 4 ),
 ( 0.000000000000000000, 0.0003392020634601040701, 0.0006784041269202081403, 0.001017606190380312102, 0.001356808253840416281 ),
 .UNSPECIFIED. ) ;
#8957 = DIRECTION ( 'NONE',  ( 0.000000000000000000, -1.000000000000000000, 0.000000000000000000 ) ) ;
#8958 = DIRECTION ( 'NONE',  ( 0.000000000000000000, 0.000000000000000000, -1.000000000000000000 ) ) ;
#8959 = CARTESIAN_POINT ( 'NONE',  ( -9.271343248935526304, 29.42303400285405957, -13.63065675106448715 ) ) ;
#8960 = ORIENTED_EDGE ( 'NONE', *, *, #4004, .F. ) ;
#8961 = B_SPLINE_SURFACE_WITH_KNOTS ( 'NONE', 3, 1, ( 
 ( #4426, #585 ),
 ( #4325, #5148 ),
 ( #2121, #3582 ),
 ( #8125, #5101 ) ),
 .UNSPECIFIED., .F., .F., .F.,
 ( 4, 4 ),
 ( 2, 2 ),
 ( 0.000000000000000000, 1.000000000000000000 ),
 ( 0.000000000000000000, 1.000000000000000000 ),
 .UNSPECIFIED. ) ;
#8962 = ORIENTED_EDGE ( 'NONE', *, *, #2973, .T. ) ;
#8963 = ADVANCED_FACE ( 'NONE', ( #1052, #4889, #7124, #5793, #409, #6244, #7077, #4744 ), #7705, .T. ) ;
#8964 = CYLINDRICAL_SURFACE ( 'NONE', #8098, 9.199999999999992184 ) ;
#8965 = CARTESIAN_POINT ( 'NONE',  ( 10.62488086706103374, 11.22407579511756381, 8.348616911638721660 ) ) ;
#8966 = CARTESIAN_POINT ( 'NONE',  ( 5.331745340123484667, 39.19999999999998153, 7.497499024879654250 ) ) ;
#8967 = DIRECTION ( 'NONE',  ( -0.000000000000000000, 1.000000000000000000, -0.000000000000000000 ) ) ;
#8968 = CARTESIAN_POINT ( 'NONE',  ( 8.633869560911824337, 28.02803391499869079, 10.43294881366096938 ) ) ;
#8969 = CARTESIAN_POINT ( 'NONE',  ( 10.75165814296329536, 16.07812503671964066, 8.135341053156743385 ) ) ;
#8970 = FACE_OUTER_BOUND ( 'NONE', #8598, .T. ) ;
#8971 = FACE_OUTER_BOUND ( 'NONE', #2895, .T. ) ;
#8972 = EDGE_CURVE ( 'NONE', #2300, #8938, #9691, .T. ) ;
#8973 = EDGE_CURVE ( 'NONE', #9328, #1745, #4693, .T. ) ;
#8974 = ORIENTED_EDGE ( 'NONE', *, *, #4686, .T. ) ;
#8975 = CARTESIAN_POINT ( 'NONE',  ( 7.519905655965737346, 20.57303400285404749, 11.07311703531419944 ) ) ;
#8976 = CARTESIAN_POINT ( 'NONE',  ( 7.621261830332865195, 12.82708019124797616, 11.02532809199401065 ) ) ;
#8977 = CIRCLE ( 'NONE', #8344, 9.199999999999993960 ) ;
#8978 = CARTESIAN_POINT ( 'NONE',  ( 7.453179593575733897, 16.83803391499869662, 10.77304612736064371 ) ) ;
#8979 = CARTESIAN_POINT ( 'NONE',  ( -12.26240512946867334, 42.54803391499870457, -10.63959487053133834 ) ) ;
#8980 = CARTESIAN_POINT ( 'NONE',  ( 8.813712347102867994, 30.59303391499868496, 10.41530940260454408 ) ) ;
#8981 = CARTESIAN_POINT ( 'NONE',  ( 10.80617516512526066, 17.40826021601118612, 7.383067559248969403 ) ) ;
#8982 = VECTOR ( 'NONE', #8647, 1000.000000000000000 ) ;
#8983 = CARTESIAN_POINT ( 'NONE',  ( 9.163984863154801985, 12.02595905836374612, 9.626275909508876794 ) ) ;
#8984 = ORIENTED_EDGE ( 'NONE', *, *, #6388, .F. ) ;
#8985 = ORIENTED_EDGE ( 'NONE', *, *, #8724, .F. ) ;
#8986 = EDGE_CURVE ( 'NONE', #6734, #7584, #6921, .T. ) ;
#8987 = VERTEX_POINT ( 'NONE', #4791 ) ;
#8988 = CARTESIAN_POINT ( 'NONE',  ( 9.235888130659951401, 36.01430759942773108, 9.965832386824208911 ) ) ;
#8989 = CARTESIAN_POINT ( 'NONE',  ( 7.390628254204816727, 33.06794020659572197, 10.80247774138523198 ) ) ;
#8990 = VERTEX_POINT ( 'NONE', #1842 ) ;
#8991 = CARTESIAN_POINT ( 'NONE',  ( 0.000000000000000000, 39.99999999999998579, 0.000000000000000000 ) ) ;
#8992 = CARTESIAN_POINT ( 'NONE',  ( 10.08041926627014817, 6.144874420232420142, 9.106435559345946729 ) ) ;
#8993 = VECTOR ( 'NONE', #2062, 1000.000000000000114 ) ;
#8994 = CARTESIAN_POINT ( 'NONE',  ( 4.449999999999999289, 5.500000000000000000, 4.450000000000001954 ) ) ;
#8995 = ORIENTED_EDGE ( 'NONE', *, *, #4192, .F. ) ;
#8996 = EDGE_CURVE ( 'NONE', #2118, #4879, #4049, .T. ) ;
#8997 = EDGE_LOOP ( 'NONE', ( #6739, #6633, #2883, #1516 ) ) ;
#8998 =( BOUNDED_CURVE ( )  B_SPLINE_CURVE ( 3, ( #1735, #8430, #5987, #8377 ),
 .UNSPECIFIED., .F., .T. ) 
 B_SPLINE_CURVE_WITH_KNOTS ( ( 4, 4 ),
 ( 4.880781441550309019, 4.884256152194948797 ),
 .UNSPECIFIED. ) 
 CURVE ( )  GEOMETRIC_REPRESENTATION_ITEM ( )  RATIONAL_B_SPLINE_CURVE ( ( 1.000000000000000000, 0.9999989938657476429, 0.9999989938657476429, 1.000000000000000000 ) ) 
 REPRESENTATION_ITEM ( '' )  );
#8999 = DIRECTION ( 'NONE',  ( 2.347727539795980295E-16, 0.000000000000000000, -1.000000000000000000 ) ) ;
#9000 = ORIENTED_EDGE ( 'NONE', *, *, #1279, .F. ) ;
#9001 = LINE ( 'NONE', #3568, #9337 ) ;
#9002 = DIRECTION ( 'NONE',  ( 0.000000000000000000, 0.000000000000000000, 1.000000000000000000 ) ) ;
#9003 = CARTESIAN_POINT ( 'NONE',  ( 7.865569278761950223, 35.87303391499869321, 10.46418689573667571 ) ) ;
#9004 = CARTESIAN_POINT ( 'NONE',  ( 10.68184410489926961, 42.60803391499872816, 8.358998524815666187 ) ) ;
#9005 = EDGE_CURVE ( 'NONE', #7532, #9392, #9190, .T. ) ;
#9006 = CARTESIAN_POINT ( 'NONE',  ( 7.703339513730228738, 33.78803391499870656, 11.23533808187118765 ) ) ;
#9007 = CARTESIAN_POINT ( 'NONE',  ( 8.033991320463155006, 31.83803391499869662, 10.46290330995309503 ) ) ;
#9008 = CARTESIAN_POINT ( 'NONE',  ( -13.59883674979718471, 22.83803400285405516, -9.303163250202828749 ) ) ;
#9009 = VERTEX_POINT ( 'NONE', #2486 ) ;
#9010 = ORIENTED_EDGE ( 'NONE', *, *, #3251, .F. ) ;
#9011 = DIRECTION ( 'NONE',  ( 7.228014483236698281E-17, 0.000000000000000000, -1.000000000000000000 ) ) ;
#9012 = B_SPLINE_CURVE_WITH_KNOTS ( 'NONE', 3,
 ( #2113, #3630, #5142, #7924, #6557, #4417, #7387, #1222, #6608, #4218 ),
 .UNSPECIFIED., .F., .F.,
 ( 4, 2, 2, 2, 4 ),
 ( 0.000000000000000000, 0.0005247555502021526231, 0.001049511100404305246, 0.001574266650606457978, 0.002099022200808610492 ),
 .UNSPECIFIED. ) ;
#9013 = CARTESIAN_POINT ( 'NONE',  ( 8.106164902280177387, 31.20803391499870472, 10.76842212956167621 ) ) ;
#9014 = CARTESIAN_POINT ( 'NONE',  ( 6.817950317837048857, 27.41800989886760931, 11.03755387092986240 ) ) ;
#9015 = DIRECTION ( 'NONE',  ( -0.000000000000000000, -1.000000000000000000, -0.000000000000000000 ) ) ;
#9016 = CARTESIAN_POINT ( 'NONE',  ( 7.119582811444966630, 15.86112378444216198, 11.24458134214383165 ) ) ;
#9017 = CARTESIAN_POINT ( 'NONE',  ( 9.338762812227153987, 17.27303391499869534, 9.470206153820893036 ) ) ;
#9018 = EDGE_CURVE ( 'NONE', #2442, #4493, #4221, .T. ) ;
#9019 = CARTESIAN_POINT ( 'NONE',  ( -8.900408234471438362, 39.91668805191901015, 1.543928953350222510 ) ) ;
#9020 = CARTESIAN_POINT ( 'NONE',  ( -4.450000000000001066, 5.500000000000000000, 4.450000000000002842 ) ) ;
#9021 = ORIENTED_EDGE ( 'NONE', *, *, #473, .F. ) ;
#9022 = FACE_OUTER_BOUND ( 'NONE', #3309, .T. ) ;
#9023 = AXIS2_PLACEMENT_3D ( 'NONE', #2590, #1215, #4263 ) ;
#9024 = FACE_BOUND ( 'NONE', #5785, .T. ) ;
#9025 = CARTESIAN_POINT ( 'NONE',  ( -4.450000000000000178, 7.750000000000000000, 10.03821891988717852 ) ) ;
#9026 = DIRECTION ( 'NONE',  ( -0.000000000000000000, -1.000000000000000000, -0.000000000000000000 ) ) ;
#9027 = CARTESIAN_POINT ( 'NONE',  ( 7.741181101290055544, 16.88489515093733928, 10.96637364162639727 ) ) ;
#9028 = CARTESIAN_POINT ( 'NONE',  ( 8.073440616931568670, 41.41584399100065639, 10.78978072817960765 ) ) ;
#9029 = EDGE_CURVE ( 'NONE', #6161, #2297, #8200, .T. ) ;
#9030 = EDGE_CURVE ( 'NONE', #1918, #7308, #5200, .T. ) ;
#9031 = CARTESIAN_POINT ( 'NONE',  ( 8.998852999684006093, 12.60740737594310623, 9.770950021767768945 ) ) ;
#9032 = ORIENTED_EDGE ( 'NONE', *, *, #9039, .F. ) ;
#9033 = ORIENTED_EDGE ( 'NONE', *, *, #2806, .T. ) ;
#9034 = ORIENTED_EDGE ( 'NONE', *, *, #7702, .T. ) ;
#9035 = CARTESIAN_POINT ( 'NONE',  ( -11.53054961094058228, 35.99303391499870486, -11.37145038905943117 ) ) ;
#9036 = CARTESIAN_POINT ( 'NONE',  ( 7.920306607727654935, 31.96366300028670437, 10.53066508869963513 ) ) ;
#9037 = ORIENTED_EDGE ( 'NONE', *, *, #4117, .F. ) ;
#9038 = CARTESIAN_POINT ( 'NONE',  ( 11.30876943053507055, 13.22723290741098801, 6.949456320634062045 ) ) ;
#9039 = EDGE_CURVE ( 'NONE', #6458, #3322, #8874, .T. ) ;
#9040 = B_SPLINE_SURFACE_WITH_KNOTS ( 'NONE', 2, 1, ( 
 ( #2972, #8944 ),
 ( #5514, #3997 ),
 ( #2533, #6929 ) ),
 .UNSPECIFIED., .F., .F., .F.,
 ( 3, 3 ),
 ( 2, 2 ),
 ( 0.000000000000000000, 1.000000000000000000 ),
 ( 0.000000000000000000, 1.000000000000000000 ),
 .UNSPECIFIED. ) ;
#9041 = CARTESIAN_POINT ( 'NONE',  ( 10.85952651909574485, 39.57803391499871992, 7.263888732876340626 ) ) ;
#9042 = CARTESIAN_POINT ( 'NONE',  ( 4.449999999999999289, 30.00803400285406752, 4.450000000000001954 ) ) ;
#9043 = ORIENTED_EDGE ( 'NONE', *, *, #7585, .F. ) ;
#9044 = AXIS2_PLACEMENT_3D ( 'NONE', #1657, #8684, #7717 ) ;
#9045 = ORIENTED_EDGE ( 'NONE', *, *, #8157, .F. ) ;
#9046 = ORIENTED_EDGE ( 'NONE', *, *, #4646, .F. ) ;
#9047 = CARTESIAN_POINT ( 'NONE',  ( 10.79008758946558011, 10.84163584839857997, 7.417207540874396265 ) ) ;
#9048 = ORIENTED_EDGE ( 'NONE', *, *, #1935, .F. ) ;
#9049 = CARTESIAN_POINT ( 'NONE',  ( -11.45000000000000107, 0.3575260777782737764, -4.449999999999996625 ) ) ;
#9050 = EDGE_CURVE ( 'NONE', #5213, #6887, #9569, .T. ) ;
#9051 = AXIS2_PLACEMENT_3D ( 'NONE', #7466, #9638, #8947 ) ;
#9052 = AXIS2_PLACEMENT_3D ( 'NONE', #9656, #6714, #6904 ) ;
#9053 = CARTESIAN_POINT ( 'NONE',  ( 9.461783253330933618, 31.14803391499869889, 9.769374899261231704 ) ) ;
#9054 = DIRECTION ( 'NONE',  ( -0.005235892060090554731, -0.9999725850585454712, -0.005235892060090566874 ) ) ;
#9055 = CARTESIAN_POINT ( 'NONE',  ( 4.449999999999999289, 3.108226976830399835, 11.45000000000000107 ) ) ;
#9056 = LINE ( 'NONE', #5281, #4848 ) ;
#9057 = CARTESIAN_POINT ( 'NONE',  ( 11.30308915960473115, 28.92951752022803547, 6.964988860911358159 ) ) ;
#9058 = ORIENTED_EDGE ( 'NONE', *, *, #3931, .T. ) ;
#9059 = ORIENTED_EDGE ( 'NONE', *, *, #5723, .T. ) ;
#9060 = AXIS2_PLACEMENT_3D ( 'NONE', #359, #6241, #2532 ) ;
#9061 = AXIS2_PLACEMENT_3D ( 'NONE', #4778, #1184, #4728 ) ;
#9062 = CARTESIAN_POINT ( 'NONE',  ( 1.541019402581311315, 39.74999999999998579, -9.070019801569776163 ) ) ;
#9063 = VECTOR ( 'NONE', #8089, 1000.000000000000000 ) ;
#9064 = AXIS2_PLACEMENT_3D ( 'NONE', #1613, #233, #818 ) ;
#9065 = DIRECTION ( 'NONE',  ( -0.000000000000000000, 1.000000000000000000, -0.000000000000000000 ) ) ;
#9066 = CARTESIAN_POINT ( 'NONE',  ( -1.499999999999999556, 37.39999999999999858, -8.823406371691149275 ) ) ;
#9067 = CARTESIAN_POINT ( 'NONE',  ( 10.97429817238549354, 9.958459353162043115, 7.725366907801861416 ) ) ;
#9068 = EDGE_CURVE ( 'NONE', #2777, #7377, #3590, .T. ) ;
#9069 = LINE ( 'NONE', #4523, #7819 ) ;
#9070 = CARTESIAN_POINT ( 'NONE',  ( 8.100135664346913345, 10.76303391499868134, 10.42298163665876665 ) ) ;
#9071 = CARTESIAN_POINT ( 'NONE',  ( 10.29802584464446369, 17.20667949924591866, 8.297360516907763994 ) ) ;
#9072 = AXIS2_PLACEMENT_3D ( 'NONE', #1818, #1073, #3290 ) ;
#9073 = CARTESIAN_POINT ( 'NONE',  ( 8.561945966027190380, 28.65803391499869335, 10.48174107306279801 ) ) ;
#9074 = LINE ( 'NONE', #929, #8902 ) ;
#9075 = CARTESIAN_POINT ( 'NONE',  ( 11.18183506004164585, 16.94364848575631299, 7.274302630931328117 ) ) ;
#9076 = VERTEX_POINT ( 'NONE', #6620 ) ;
#9077 = CARTESIAN_POINT ( 'NONE',  ( -11.45000000000532658, 40.96211214176995696, -5.360635929861525817 ) ) ;
#9078 = CIRCLE ( 'NONE', #1733, 5.440300914026144241 ) ;
#9079 = DIRECTION ( 'NONE',  ( -0.000000000000000000, 1.000000000000000000, -0.000000000000000000 ) ) ;
#9080 = DIRECTION ( 'NONE',  ( -1.598423774292915018E-14, 0.000000000000000000, 1.000000000000000000 ) ) ;
#9081 = PLANE ( 'NONE',  #1611 ) ;
#9082 = CARTESIAN_POINT ( 'NONE',  ( -4.449999999999999289, 36.00000000000000000, 9.890300914026147083 ) ) ;
#9083 = CARTESIAN_POINT ( 'NONE',  ( 8.460208087516260633, 16.74803391499868965, 10.69820124608576251 ) ) ;
#9084 = CARTESIAN_POINT ( 'NONE',  ( 10.55847877208497287, 3.880688611868188698, 8.028947884348784925 ) ) ;
#9085 = AXIS2_PLACEMENT_3D ( 'NONE', #2663, #9469, #2031 ) ;
#9086 = ORIENTED_EDGE ( 'NONE', *, *, #4143, .F. ) ;
#9087 = APPLICATION_PROTOCOL_DEFINITION ( 'draft international standard', 'automotive_design', 1998, #16 ) ;
#9088 = ORIENTED_EDGE ( 'NONE', *, *, #8312, .T. ) ;
#9089 = ORIENTED_EDGE ( 'NONE', *, *, #1543, .T. ) ;
#9090 = EDGE_CURVE ( 'NONE', #6384, #7778, #391, .T. ) ;
#9091 = CARTESIAN_POINT ( 'NONE',  ( 9.986549801804221360, 11.30870173201209816, 9.209369820560462827 ) ) ;
#9092 = VECTOR ( 'NONE', #9537, 999.9999999999998863 ) ;
#9093 = CARTESIAN_POINT ( 'NONE',  ( 8.996742916758163844, 15.06500367399340767, 10.16114779523352141 ) ) ;
#9094 = EDGE_LOOP ( 'NONE', ( #370, #7766, #1286, #1154 ) ) ;
#9095 = CIRCLE ( 'NONE', #5805, 7.000000000000000000 ) ;
#9096 = CARTESIAN_POINT ( 'NONE',  ( -7.385261650507523257, 39.91668805191901015, -5.201816385339163240 ) ) ;
#9097 = CARTESIAN_POINT ( 'NONE',  ( -10.49999999999999645, 25.10000000000000497, -0.3000000000000367928 ) ) ;
#9098 = CARTESIAN_POINT ( 'NONE',  ( 7.886270741767491543, 31.20803391499870472, 10.54852796904899215 ) ) ;
#9099 = ORIENTED_EDGE ( 'NONE', *, *, #3340, .T. ) ;
#9100 = VECTOR ( 'NONE', #8882, 1000.000000000000000 ) ;
#9101 = EDGE_LOOP ( 'NONE', ( #9398, #5541, #7205, #3442, #2056, #7336, #2069, #5203 ) ) ;
#9102 = ADVANCED_FACE ( 'NONE', ( #2223 ), #5060, .T. ) ;
#9103 = ADVANCED_FACE ( 'NONE', ( #8971 ), #5001, .F. ) ;
#9104 = ORIENTED_EDGE ( 'NONE', *, *, #2963, .T. ) ;
#9105 = DIRECTION ( 'NONE',  ( 0.000000000000000000, 0.000000000000000000, 1.000000000000000000 ) ) ;
#9106 = EDGE_LOOP ( 'NONE', ( #9037, #8501, #6112, #9345, #1278, #2067, #6941 ) ) ;
#9107 =( BOUNDED_CURVE ( )  B_SPLINE_CURVE ( 3, ( #518, #6490, #9486, #2776 ),
 .UNSPECIFIED., .F., .T. ) 
 B_SPLINE_CURVE_WITH_KNOTS ( ( 4, 4 ),
 ( 4.880781441550309019, 4.884256152194948797 ),
 .UNSPECIFIED. ) 
 CURVE ( )  GEOMETRIC_REPRESENTATION_ITEM ( )  RATIONAL_B_SPLINE_CURVE ( ( 1.000000000000000000, 0.9999989938657476429, 0.9999989938657476429, 1.000000000000000000 ) ) 
 REPRESENTATION_ITEM ( '' )  );
#9108 = CARTESIAN_POINT ( 'NONE',  ( -12.41089755351780965, 28.65803391499869335, -10.49110244648220203 ) ) ;
#9109 = DIRECTION ( 'NONE',  ( 0.7071067811865474617, 0.000000000000000000, 0.7071067811865474617 ) ) ;
#9110 = CARTESIAN_POINT ( 'NONE',  ( 11.06823225953484524, 23.42303400285407022, 6.730131960841804428 ) ) ;
#9111 = CARTESIAN_POINT ( 'NONE',  ( 10.69739000255647632, 16.47270258882237570, 7.614920804230090212 ) ) ;
#9112 = CARTESIAN_POINT ( 'NONE',  ( 7.136105808577474896, 16.82342386057259276, 11.23915068089253211 ) ) ;
#9113 = ORIENTED_EDGE ( 'NONE', *, *, #1266, .T. ) ;
#9114 = ORIENTED_EDGE ( 'NONE', *, *, #8160, .F. ) ;
#9115 = EDGE_CURVE ( 'NONE', #319, #9339, #1029, .T. ) ;
#9116 = CARTESIAN_POINT ( 'NONE',  ( 10.84496330354613924, 15.80303391499871069, 7.970574434136890929 ) ) ;
#9117 = CARTESIAN_POINT ( 'NONE',  ( 10.70963616675588348, 31.40185397855443128, 7.588929005001507022 ) ) ;
#9118 = CARTESIAN_POINT ( 'NONE',  ( -11.70025523842530113, 16.70303391499869505, -11.20174476157471055 ) ) ;
#9119 = CARTESIAN_POINT ( 'NONE',  ( -10.04766789441888797, 40.94705399628840325, 8.751827042192784845 ) ) ;
#9120 = DIRECTION ( 'NONE',  ( 0.000000000000000000, 0.000000000000000000, 1.000000000000000000 ) ) ;
#9121 = CARTESIAN_POINT ( 'NONE',  ( 8.513751603671543933, 28.65803391499869335, 10.09413545573760373 ) ) ;
#9122 = PLANE ( 'NONE',  #477 ) ;
#9123 = CARTESIAN_POINT ( 'NONE',  ( -11.44999999999999929, 40.71038225242286046, 4.450000000000001954 ) ) ;
#9124 = CARTESIAN_POINT ( 'NONE',  ( 8.515741302594788564, 42.05803391499873101, 10.69009485085761213 ) ) ;
#9125 = ORIENTED_EDGE ( 'NONE', *, *, #1011, .T. ) ;
#9126 = B_SPLINE_CURVE_WITH_KNOTS ( 'NONE', 3,
 ( #1075, #7053, #3239, #3339, #3291, #9311 ),
 .UNSPECIFIED., .F., .F.,
 ( 4, 2, 4 ),
 ( 0.000000000000000000, 0.0003558909040711336937, 0.0007117818081422673873 ),
 .UNSPECIFIED. ) ;
#9127 = EDGE_CURVE ( 'NONE', #3748, #8011, #6085, .T. ) ;
#9128 = ORIENTED_EDGE ( 'NONE', *, *, #8426, .F. ) ;
#9129 = CARTESIAN_POINT ( 'NONE',  ( -11.20209445330008435, 41.00582457832652494, -4.449999999999997513 ) ) ;
#9130 = B_SPLINE_SURFACE_WITH_KNOTS ( 'NONE', 3, 1, ( 
 ( #289, #1124 ),
 ( #978, #6170 ),
 ( #9216, #9169 ),
 ( #4124, #1724 ) ),
 .UNSPECIFIED., .F., .F., .F.,
 ( 4, 4 ),
 ( 2, 2 ),
 ( 0.000000000000000000, 1.000000000000000000 ),
 ( 0.000000000000000000, 1.000000000000000000 ),
 .UNSPECIFIED. ) ;
#9131 = LINE ( 'NONE', #6914, #3413 ) ;
#9132 = LINE ( 'NONE', #4678, #103 ) ;
#9133 = CARTESIAN_POINT ( 'NONE',  ( 9.170648750690107320, 27.63803391499870088, 9.563093210362767493 ) ) ;
#9134 = CARTESIAN_POINT ( 'NONE',  ( 7.442927211897863771, 36.00000000000000000, 0.3570727881022093819 ) ) ;
#9135 = CARTESIAN_POINT ( 'NONE',  ( 7.437566653937073724, 39.18530060916248203, -5.272175826430096635 ) ) ;
#9136 = CARTESIAN_POINT ( 'NONE',  ( 9.100798405519192613, 12.21515692983986767, 9.682078644105487797 ) ) ;
#9137 = ORIENTED_EDGE ( 'NONE', *, *, #8334, .T. ) ;
#9138 = ORIENTED_EDGE ( 'NONE', *, *, #9030, .T. ) ;
#9139 = ORIENTED_EDGE ( 'NONE', *, *, #4156, .F. ) ;
#9140 = CARTESIAN_POINT ( 'NONE',  ( 5.178430306807544348, 37.39999999999999858, 7.299750650367252902 ) ) ;
#9141 = CARTESIAN_POINT ( 'NONE',  ( 1.531419116870791797, 39.19999999999998153, -9.071645687993029838 ) ) ;
#9142 = ORIENTED_EDGE ( 'NONE', *, *, #3064, .F. ) ;
#9143 = CIRCLE ( 'NONE', #9448, 0.7136548544052906395 ) ;
#9144 = CARTESIAN_POINT ( 'NONE',  ( 10.70020198203889628, 16.66703582008697637, 7.603933621949327204 ) ) ;
#9145 = EDGE_CURVE ( 'NONE', #6840, #2633, #2592, .T. ) ;
#9146 = CARTESIAN_POINT ( 'NONE',  ( -4.450000000000001954, 5.500000000000000000, -4.449999999999997513 ) ) ;
#9147 = CARTESIAN_POINT ( 'NONE',  ( 0.000000000000000000, 37.39999999999999858, 0.000000000000000000 ) ) ;
#9148 = ORIENTED_EDGE ( 'NONE', *, *, #8248, .T. ) ;
#9149 = B_SPLINE_CURVE_WITH_KNOTS ( 'NONE', 3,
 ( #2830, #1353, #9637, #2922, #4352, #8848, #5906, #468 ),
 .UNSPECIFIED., .F., .F.,
 ( 4, 2, 2, 4 ),
 ( 0.000000000000000000, 0.0005363083226098483295, 0.001072616645219696659, 0.002145233290439412400 ),
 .UNSPECIFIED. ) ;
#9150 = ORIENTED_EDGE ( 'NONE', *, *, #5, .T. ) ;
#9151 = VECTOR ( 'NONE', #3878, 1000.000000000000114 ) ;
#9152 = EDGE_LOOP ( 'NONE', ( #2332, #5480, #8553, #6794 ) ) ;
#9153 = CARTESIAN_POINT ( 'NONE',  ( 10.53522804144608571, 10.91303391499870479, 7.257788306760484254 ) ) ;
#9154 = ORIENTED_EDGE ( 'NONE', *, *, #407, .T. ) ;
#9155 = AXIS2_PLACEMENT_3D ( 'NONE', #2751, #4277, #7244 ) ;
#9156 = DIRECTION ( 'NONE',  ( 0.000000000000000000, 0.000000000000000000, -1.000000000000000000 ) ) ;
#9157 = DIRECTION ( 'NONE',  ( 0.7071067811865474617, 0.000000000000000000, 0.7071067811865474617 ) ) ;
#9158 = EDGE_CURVE ( 'NONE', #7595, #1226, #2967, .T. ) ;
#9159 = EDGE_CURVE ( 'NONE', #608, #8463, #2903, .T. ) ;
#9160 = DIRECTION ( 'NONE',  ( -1.000000000000000000, 0.000000000000000000, -3.305618109274190189E-15 ) ) ;
#9161 = ORIENTED_EDGE ( 'NONE', *, *, #8037, .T. ) ;
#9162 = ORIENTED_EDGE ( 'NONE', *, *, #4192, .T. ) ;
#9163 = CARTESIAN_POINT ( 'NONE',  ( -4.450000000000001066, 1.538916848525022418, 11.44999999999999929 ) ) ;
#9164 = CARTESIAN_POINT ( 'NONE',  ( 7.292623562385233349, 33.77303391499870600, 11.58829745420766244 ) ) ;
#9165 = CARTESIAN_POINT ( 'NONE',  ( 7.623827821786188785, 11.01803391499869100, 10.68913591434391286 ) ) ;
#9166 = DIRECTION ( 'NONE',  ( 0.000000000000000000, 0.000000000000000000, 1.000000000000000000 ) ) ;
#9167 = DIRECTION ( 'NONE',  ( -0.7071067811865440200, -0.000000000000000000, -0.7071067811865511255 ) ) ;
#9168 = EDGE_CURVE ( 'NONE', #4082, #7366, #2646, .T. ) ;
#9169 = CARTESIAN_POINT ( 'NONE',  ( 10.26736976896530784, 16.70303391499870216, 8.962757953790205789 ) ) ;
#9170 = CARTESIAN_POINT ( 'NONE',  ( 11.06867767554442139, 16.75189183223271527, 7.531016772086624123 ) ) ;
#9171 = ORIENTED_EDGE ( 'NONE', *, *, #8613, .F. ) ;
#9172 = ORIENTED_EDGE ( 'NONE', *, *, #4582, .T. ) ;
#9173 = CARTESIAN_POINT ( 'NONE',  ( -10.57598020674130979, 41.11622541299991695, -7.958355515409089698 ) ) ;
#9174 = CARTESIAN_POINT ( 'NONE',  ( -5.656854249492285547, 37.39999999999999858, -7.778174593052090913 ) ) ;
#9175 = DIRECTION ( 'NONE',  ( 0.7071067811865474617, 0.000000000000000000, 0.7071067811865474617 ) ) ;
#9176 = DIRECTION ( 'NONE',  ( 0.000000000000000000, 1.000000000000000000, 0.000000000000000000 ) ) ;
#9177 = CARTESIAN_POINT ( 'NONE',  ( 10.03821891988715187, 7.750000000000000000, -4.449999999999998401 ) ) ;
#9178 = LINE ( 'NONE', #3986, #921 ) ;
#9179 = ADVANCED_FACE ( 'NONE', ( #8130 ), #6247, .T. ) ;
#9180 = CARTESIAN_POINT ( 'NONE',  ( 4.449999999999987743, 43.46108315147498757, 11.44999999999999929 ) ) ;
#9181 = CARTESIAN_POINT ( 'NONE',  ( 7.500016448739401653, 25.09685855088895678, -0.2999835512605225074 ) ) ;
#9182 = EDGE_LOOP ( 'NONE', ( #4200, #4507, #6060, #7191 ) ) ;
#9183 = VERTEX_POINT ( 'NONE', #1432 ) ;
#9184 = CARTESIAN_POINT ( 'NONE',  ( 10.83385604709148886, 36.11102987753795190, 7.990872756892273721 ) ) ;
#9185 = EDGE_CURVE ( 'NONE', #1014, #2744, #8910, .T. ) ;
#9186 = PLANE ( 'NONE',  #838 ) ;
#9187 = ORIENTED_EDGE ( 'NONE', *, *, #840, .T. ) ;
#9188 = CARTESIAN_POINT ( 'NONE',  ( 10.55847877208495333, 3.880688611868185145, -8.028947884348770714 ) ) ;
#9189 = AXIS2_PLACEMENT_3D ( 'NONE', #887, #4725, #9080 ) ;
#9190 = LINE ( 'NONE', #316, #1082 ) ;
#9191 = CARTESIAN_POINT ( 'NONE',  ( 7.508692008846741039, 11.99846288513235848, 11.07905255605464134 ) ) ;
#9192 = VECTOR ( 'NONE', #345, 1000.000000000000000 ) ;
#9193 = CARTESIAN_POINT ( 'NONE',  ( -0.2999835512606010557, 25.09685855088895678, -7.500016448739398989 ) ) ;
#9194 = ORIENTED_EDGE ( 'NONE', *, *, #5084, .T. ) ;
#9195 = EDGE_LOOP ( 'NONE', ( #8984, #5109, #5249, #1370 ) ) ;
#9196 = ORIENTED_EDGE ( 'NONE', *, *, #8754, .F. ) ;
#9197 = EDGE_CURVE ( 'NONE', #5119, #1355, #4432, .T. ) ;
#9198 = CARTESIAN_POINT ( 'NONE',  ( 6.839453812875188277, 39.99999999999999289, 4.653951976476279562 ) ) ;
#9199 = VERTEX_POINT ( 'NONE', #2319 ) ;
#9200 = B_SPLINE_CURVE_WITH_KNOTS ( 'NONE', 3,
 ( #844, #6732, #6778, #3015, #6920, #4683, #4542, #65, #9031, #9136, #8983, #5258 ),
 .UNSPECIFIED., .F., .F.,
 ( 4, 2, 2, 2, 2, 4 ),
 ( 0.000000000000000000, 0.001239914176018236608, 0.002479828352036473216, 0.003719742528054710042, 0.004339699616063828237, 0.004959656704072946433 ),
 .UNSPECIFIED. ) ;
#9201 = CARTESIAN_POINT ( 'NONE',  ( 10.42679940004646788, 11.84081188308431187, 8.094629819786376856 ) ) ;
#9202 = CARTESIAN_POINT ( 'NONE',  ( 7.846440350709808165, 11.01803391499869100, 10.91174844326753224 ) ) ;
#9203 = CARTESIAN_POINT ( 'NONE',  ( 7.368090065355841212, 16.76542490513788408, 10.81346005596876125 ) ) ;
#9204 = B_SPLINE_CURVE_WITH_KNOTS ( 'NONE', 3,
 ( #9226, #8478, #5593, #8572, #1875, #4871, #7107, #389 ),
 .UNSPECIFIED., .F., .F.,
 ( 4, 2, 2, 4 ),
 ( 0.000000000000000000, 0.0007289264066410515268, 0.001457852813282103054, 0.002915705626564226924 ),
 .UNSPECIFIED. ) ;
#9205 = VERTEX_POINT ( 'NONE', #6909 ) ;
#9206 = B_SPLINE_SURFACE_WITH_KNOTS ( 'NONE', 3, 1, ( 
 ( #3908, #6844 ),
 ( #7524, #9053 ),
 ( #3814, #132 ),
 ( #1656, #419 ) ),
 .UNSPECIFIED., .F., .F., .F.,
 ( 4, 4 ),
 ( 2, 2 ),
 ( 0.000000000000000000, 1.000000000000000000 ),
 ( 0.000000000000000000, 1.000000000000000000 ),
 .UNSPECIFIED. ) ;
#9207 = ORIENTED_EDGE ( 'NONE', *, *, #4621, .T. ) ;
#9208 = EDGE_CURVE ( 'NONE', #5227, #236, #5468, .T. ) ;
#9209 = CARTESIAN_POINT ( 'NONE',  ( -11.09790554669991991, 0.06208375187460270922, -4.449999999999996625 ) ) ;
#9210 = EDGE_CURVE ( 'NONE', #1745, #6458, #9354, .T. ) ;
#9211 = CIRCLE ( 'NONE', #592, 0.7136548544052906395 ) ;
#9212 = CARTESIAN_POINT ( 'NONE',  ( 10.76990891020357743, 36.02455137322552048, 7.460006842551483608 ) ) ;
#9213 = LINE ( 'NONE', #239, #131 ) ;
#9214 = CARTESIAN_POINT ( 'NONE',  ( -11.26888491248130819, 40.99404761831955568, 6.273782617300916797 ) ) ;
#9215 = CARTESIAN_POINT ( 'NONE',  ( 7.740129474872365911, 28.57426693061778522, 10.63597664829798894 ) ) ;
#9216 = CARTESIAN_POINT ( 'NONE',  ( 9.958338159163265146, 16.70303391499870216, 8.653726343988163094 ) ) ;
#9217 = CARTESIAN_POINT ( 'NONE',  ( 8.745155749574990978, 27.89303391499870699, 9.858849126057936729 ) ) ;
#9218 = CARTESIAN_POINT ( 'NONE',  ( 7.581785633244559897, 7.335193486452296519, 10.71117783817820346 ) ) ;
#9219 = ORIENTED_EDGE ( 'NONE', *, *, #6722, .F. ) ;
#9220 = VECTOR ( 'NONE', #2536, 1000.000000000000114 ) ;
#9221 = ORIENTED_EDGE ( 'NONE', *, *, #1130, .F. ) ;
#9222 = EDGE_CURVE ( 'NONE', #6435, #5935, #4380, .T. ) ;
#9223 = EDGE_CURVE ( 'NONE', #3063, #1974, #9074, .T. ) ;
#9224 = CARTESIAN_POINT ( 'NONE',  ( 10.66527002876901697, 36.20201759912275463, 7.670522188262554941 ) ) ;
#9225 = LINE ( 'NONE', #9319, #5127 ) ;
#9226 = CARTESIAN_POINT ( 'NONE',  ( 7.735471587729107590, 41.93303391499870258, 10.63107405280222295 ) ) ;
#9227 = VECTOR ( 'NONE', #63, 1000.000000000000114 ) ;
#9228 = DIRECTION ( 'NONE',  ( 0.005235892060090542588, -0.9999725850585454712, -0.005235892060090500087 ) ) ;
#9229 = CARTESIAN_POINT ( 'NONE',  ( 8.197552287086320888, 42.06803391499870060, 10.90223592123905760 ) ) ;
#9230 = AXIS2_PLACEMENT_3D ( 'NONE', #1330, #8827, #53 ) ;
#9231 = CARTESIAN_POINT ( 'NONE',  ( 10.50000000000000178, 25.10000000000000497, -0.2999999999998898548 ) ) ;
#9232 = LINE ( 'NONE', #2921, #6154 ) ;
#9233 = DIRECTION ( 'NONE',  ( 0.000000000000000000, 0.000000000000000000, -1.000000000000000000 ) ) ;
#9234 = B_SPLINE_CURVE_WITH_KNOTS ( 'NONE', 3,
 ( #2122, #586, #4917, #8822 ),
 .UNSPECIFIED., .F., .F.,
 ( 4, 4 ),
 ( 1.999999999988124508E-07, 0.006135200087855369189 ),
 .UNSPECIFIED. ) ;
#9235 = ORIENTED_EDGE ( 'NONE', *, *, #6751, .T. ) ;
#9236 = ORIENTED_EDGE ( 'NONE', *, *, #7014, .T. ) ;
#9237 = ADVANCED_FACE ( 'NONE', ( #6859 ), #1240, .F. ) ;
#9238 = CARTESIAN_POINT ( 'NONE',  ( 1.500000000000000000, 37.39999999999999858, -9.500000000000000000 ) ) ;
#9239 = CARTESIAN_POINT ( 'NONE',  ( 7.293315274424593930, 26.57303391499869250, 10.84652704600112294 ) ) ;
#9240 = EDGE_LOOP ( 'NONE', ( #4037, #5179, #271, #8278 ) ) ;
#9241 = CARTESIAN_POINT ( 'NONE',  ( 7.519905566630979976, 19.08803397356892262, 11.07311707672211476 ) ) ;
#9242 = CARTESIAN_POINT ( 'NONE',  ( 10.81702514014131289, 37.37303391499870742, 7.348666574535474894 ) ) ;
#9243 = CARTESIAN_POINT ( 'NONE',  ( 10.75932980571016628, 11.55803391499871857, 7.481890071024566602 ) ) ;
#9244 = AXIS2_PLACEMENT_3D ( 'NONE', #7972, #4264, #525 ) ;
#9245 = CARTESIAN_POINT ( 'NONE',  ( 10.91767173557451187, 6.988671643242652998, 7.128815429876374843 ) ) ;
#9246 = CARTESIAN_POINT ( 'NONE',  ( -7.941472422935857089, 0.6186480743967474050, 10.58791781669655485 ) ) ;
#9247 = VERTEX_POINT ( 'NONE', #6814 ) ;
#9248 = ORIENTED_EDGE ( 'NONE', *, *, #8168, .F. ) ;
#9249 = VECTOR ( 'NONE', #5601, 1000.000000000000114 ) ;
#9250 = ADVANCED_FACE ( 'NONE', ( #7730 ), #2559, .T. ) ;
#9251 = ORIENTED_EDGE ( 'NONE', *, *, #6925, .T. ) ;
#9252 = CARTESIAN_POINT ( 'NONE',  ( 10.99481058721310056, 6.506580495346708126, 7.687092631711831991 ) ) ;
#9253 = ORIENTED_EDGE ( 'NONE', *, *, #6454, .T. ) ;
#9254 = CARTESIAN_POINT ( 'NONE',  ( 8.452380308391260755, 28.65803391499869335, 10.19433490104464290 ) ) ;
#9255 = VECTOR ( 'NONE', #3796, 1000.000000000000114 ) ;
#9256 = CARTESIAN_POINT ( 'NONE',  ( 7.317531589763252242, 13.10599891724859134, 10.83585348028878670 ) ) ;
#9257 = VERTEX_POINT ( 'NONE', #1030 ) ;
#9258 = ORIENTED_EDGE ( 'NONE', *, *, #1009, .T. ) ;
#9259 = CARTESIAN_POINT ( 'NONE',  ( 10.26358567027966728, 31.46806538737468983, 8.351509501212442288 ) ) ;
#9260 = CARTESIAN_POINT ( 'NONE',  ( 10.68196998385303687, 36.23303391499870685, 7.637875486959120330 ) ) ;
#9261 = CARTESIAN_POINT ( 'NONE',  ( 6.749934387108525335, 9.136944947907359449, 11.06151111963775513 ) ) ;
#9262 =( BOUNDED_CURVE ( )  B_SPLINE_CURVE ( 3, ( #3347, #3982, #886, #4818 ),
 .UNSPECIFIED., .F., .T. ) 
 B_SPLINE_CURVE_WITH_KNOTS ( ( 4, 4 ),
 ( 4.712388980384689674, 6.283185307179586232 ),
 .UNSPECIFIED. ) 
 CURVE ( )  GEOMETRIC_REPRESENTATION_ITEM ( )  RATIONAL_B_SPLINE_CURVE ( ( 1.000000000000000000, 0.8047378541243649375, 0.8047378541243649375, 1.000000000000000000 ) ) 
 REPRESENTATION_ITEM ( '' )  );
#9263 = CARTESIAN_POINT ( 'NONE',  ( -8.619557479399055921, 41.46119552550248244, 9.807767841800847819 ) ) ;
#9264 = CARTESIAN_POINT ( 'NONE',  ( 10.82019289528263251, 37.37303391499870742, 7.351834329676795399 ) ) ;
#9265 = CARTESIAN_POINT ( 'NONE',  ( 10.37825917815466248, 17.22432760256555895, 8.710528709103417810 ) ) ;
#9266 = ADVANCED_FACE ( 'NONE', ( #5493 ), #1064, .T. ) ;
#9267 = CARTESIAN_POINT ( 'NONE',  ( -5.323807237680874493, 39.74999999999998579, -7.503137776691605865 ) ) ;
#9268 = CARTESIAN_POINT ( 'NONE',  ( 7.866167333261984140, 6.898573668014347682, 10.56124960508828181 ) ) ;
#9269 = ORIENTED_EDGE ( 'NONE', *, *, #2024, .T. ) ;
#9270 = ORIENTED_EDGE ( 'NONE', *, *, #6202, .F. ) ;
#9271 = CARTESIAN_POINT ( 'NONE',  ( -10.05990203968774033, 41.20722391800526907, -8.733562651344517036 ) ) ;
#9272 = DIRECTION ( 'NONE',  ( 1.858632295689436595E-16, 0.000000000000000000, 1.000000000000000000 ) ) ;
#9273 = DIRECTION ( 'NONE',  ( -0.7069990853988181723, 0.01745240643728355329, -0.7069990853988303847 ) ) ;
#9274 = LINE ( 'NONE', #988, #2549 ) ;
#9275 = CARTESIAN_POINT ( 'NONE',  ( -4.450000000000000178, 5.500000000000000000, 10.05000000000000249 ) ) ;
#9276 = CARTESIAN_POINT ( 'NONE',  ( 9.486498383935435541, 42.78299410113388745, 9.738085106704691185 ) ) ;
#9277 = CARTESIAN_POINT ( 'NONE',  ( 7.890918290690196457, 36.09803391499868042, 10.89258677294126443 ) ) ;
#9278 = CARTESIAN_POINT ( 'NONE',  ( 9.586357836860887716, 7.197618960442568437, 4.450000000000002842 ) ) ;
#9279 = EDGE_CURVE ( 'NONE', #8793, #8348, #5753, .T. ) ;
#9280 = EDGE_CURVE ( 'NONE', #7467, #3953, #7496, .T. ) ;
#9281 = VERTEX_POINT ( 'NONE', #8321 ) ;
#9282 = EDGE_LOOP ( 'NONE', ( #5958, #9221, #6283, #8498, #9373, #2164, #9045 ) ) ;
#9283 = LINE ( 'NONE', #5412, #1891 ) ;
#9284 = DIRECTION ( 'NONE',  ( -0.7071067811865475727, 0.000000000000000000, 0.7071067811865475727 ) ) ;
#9285 = ORIENTED_EDGE ( 'NONE', *, *, #3873, .F. ) ;
#9286 = CARTESIAN_POINT ( 'NONE',  ( 7.307986715979974512, 33.97630031972852294, 10.83998528412093698 ) ) ;
#9287 = CARTESIAN_POINT ( 'NONE',  ( 11.26464895038236591, 8.738033914998714735, 7.647797960727204192 ) ) ;
#9288 = DIRECTION ( 'NONE',  ( 0.7071067811865474617, 0.000000000000000000, 0.7071067811865474617 ) ) ;
#9289 = B_SPLINE_SURFACE_WITH_KNOTS ( 'NONE', 3, 1, ( 
 ( #5092, #7922 ),
 ( #6408, #8659 ),
 ( #1962, #2844 ),
 ( #1220, #8812 ) ),
 .UNSPECIFIED., .F., .F., .F.,
 ( 4, 4 ),
 ( 2, 2 ),
 ( 0.000000000000000000, 1.000000000000000000 ),
 ( 0.000000000000000000, 1.000000000000000000 ),
 .UNSPECIFIED. ) ;
#9290 = CARTESIAN_POINT ( 'NONE',  ( -7.778174593051953245, 37.39999999999999858, -5.656854249492474729 ) ) ;
#9291 = CARTESIAN_POINT ( 'NONE',  ( 10.68196998385303687, 36.23303391499870685, 7.637875486959120330 ) ) ;
#9292 = ORIENTED_EDGE ( 'NONE', *, *, #9680, .F. ) ;
#9293 = ORIENTED_EDGE ( 'NONE', *, *, #7060, .T. ) ;
#9294 = CIRCLE ( 'NONE', #5069, 0.7136548544052906395 ) ;
#9295 = CARTESIAN_POINT ( 'NONE',  ( -1.541019402581311315, 39.74999999999998579, -9.070019801569776163 ) ) ;
#9296 = ORIENTED_EDGE ( 'NONE', *, *, #8795, .F. ) ;
#9297 = CIRCLE ( 'NONE', #5536, 0.7136548544052906395 ) ;
#9298 = CARTESIAN_POINT ( 'NONE',  ( 10.38699767482757430, 11.82047404988991346, 8.159189752301994503 ) ) ;
#9299 = EDGE_CURVE ( 'NONE', #236, #7068, #832, .T. ) ;
#9300 = CARTESIAN_POINT ( 'NONE',  ( 7.510491810113679279, 12.56303391499868205, 10.74550553015618881 ) ) ;
#9301 = EDGE_LOOP ( 'NONE', ( #1348, #9688, #9489, #907, #1095, #3565, #4418, #7364 ) ) ;
#9302 = ORIENTED_EDGE ( 'NONE', *, *, #7136, .F. ) ;
#9303 = CARTESIAN_POINT ( 'NONE',  ( 11.32039058039829271, 34.19303391499872191, 7.618686777000878152 ) ) ;
#9304 = ADVANCED_FACE ( 'NONE', ( #8615 ), #5685, .T. ) ;
#9305 = CARTESIAN_POINT ( 'NONE',  ( 7.200985210875439968, 12.11103592187665079, 10.88723337346701925 ) ) ;
#9306 = CARTESIAN_POINT ( 'NONE',  ( 0.000000000000000000, 44.20218114339339621, 0.000000000000000000 ) ) ;
#9307 = B_SPLINE_CURVE_WITH_KNOTS ( 'NONE', 3,
 ( #4136, #7012, #7198, #7842, #1232, #302, #3304, #1972 ),
 .UNSPECIFIED., .F., .F.,
 ( 4, 2, 2, 4 ),
 ( 0.000000000000000000, 0.0004526910923714062797, 0.0009053821847428125593, 0.001810764369485631624 ),
 .UNSPECIFIED. ) ;
#9308 = LINE ( 'NONE', #6854, #8447 ) ;
#9309 = CARTESIAN_POINT ( 'NONE',  ( -9.960772556706382730, 12.11303391499871829, -12.94122744329363073 ) ) ;
#9310 = CARTESIAN_POINT ( 'NONE',  ( 10.71664251542391000, 36.62914019013945222, 8.195694656752429808 ) ) ;
#9311 = CARTESIAN_POINT ( 'NONE',  ( 9.800945255859117466, 11.96303391499870017, 8.963023916267111701 ) ) ;
#9312 = CARTESIAN_POINT ( 'NONE',  ( 11.45155996135211929, 38.21303391499871793, 7.177099665193618527 ) ) ;
#9313 = CARTESIAN_POINT ( 'NONE',  ( 11.06823215902973878, 39.50303391499870287, 6.730132252564450468 ) ) ;
#9314 = ORIENTED_EDGE ( 'NONE', *, *, #98, .F. ) ;
#9315 = ORIENTED_EDGE ( 'NONE', *, *, #7222, .F. ) ;
#9316 = ORIENTED_EDGE ( 'NONE', *, *, #7407, .F. ) ;
#9317 = CARTESIAN_POINT ( 'NONE',  ( 5.153034575406721274, 39.15591825482287192, -7.317700093927250293 ) ) ;
#9318 =( BOUNDED_CURVE ( )  B_SPLINE_CURVE ( 3, ( #8109, #671, #2836, #3345 ),
 .UNSPECIFIED., .F., .T. ) 
 B_SPLINE_CURVE_WITH_KNOTS ( ( 4, 4 ),
 ( 1.398929154984637657, 1.402403865629277435 ),
 .UNSPECIFIED. ) 
 CURVE ( )  GEOMETRIC_REPRESENTATION_ITEM ( )  RATIONAL_B_SPLINE_CURVE ( ( 1.000000000000000000, 0.9999989938657476429, 0.9999989938657476429, 1.000000000000000000 ) ) 
 REPRESENTATION_ITEM ( '' )  );
#9319 = CARTESIAN_POINT ( 'NONE',  ( 0.2999999999999998779, 25.10000000000000497, 10.49999999999999822 ) ) ;
#9320 = CARTESIAN_POINT ( 'NONE',  ( -4.450000000000002842, 7.750000000000000000, -10.03821891988717496 ) ) ;
#9321 = CARTESIAN_POINT ( 'NONE',  ( -7.348851576605965441, 39.16355273516047220, -5.183997599491290131 ) ) ;
#9322 = CARTESIAN_POINT ( 'NONE',  ( 7.598396684685712721, 14.27303391499868468, 11.25767447344016325 ) ) ;
#9323 = FACE_OUTER_BOUND ( 'NONE', #2894, .T. ) ;
#9324 = FACE_OUTER_BOUND ( 'NONE', #5794, .T. ) ;
#9325 = B_SPLINE_CURVE_WITH_KNOTS ( 'NONE', 3,
 ( #4881, #1334, #2809, #6426, #6470, #545, #6520 ),
 .UNSPECIFIED., .F., .F.,
 ( 4, 3, 4 ),
 ( 0.0005202666446342427099, 0.0006438354628984179926, 0.0007775765597507744691 ),
 .UNSPECIFIED. ) ;
#9326 = CARTESIAN_POINT ( 'NONE',  ( 10.69538797493584070, 6.336805637166383676, 7.617170483712934370 ) ) ;
#9327 = ORIENTED_EDGE ( 'NONE', *, *, #705, .T. ) ;
#9328 = VERTEX_POINT ( 'NONE', #3483 ) ;
#9329 = CARTESIAN_POINT ( 'NONE',  ( 7.399753167318591451, 35.77847921956927735, 10.79929668266964171 ) ) ;
#9330 = EDGE_CURVE ( 'NONE', #4989, #6006, #833, .T. ) ;
#9331 = DIRECTION ( 'NONE',  ( -0.000000000000000000, 1.000000000000000000, -0.000000000000000000 ) ) ;
#9332 = ADVANCED_FACE ( 'NONE', ( #2741 ), #7240, .T. ) ;
#9333 = FACE_OUTER_BOUND ( 'NONE', #6805, .T. ) ;
#9334 = CARTESIAN_POINT ( 'NONE',  ( 7.011412699905540613, 16.55303391499868937, 11.28587338829229303 ) ) ;
#9335 = CARTESIAN_POINT ( 'NONE',  ( 10.87567025108063312, 13.12401240968079108, 7.227850704619253719 ) ) ;
#9336 = CARTESIAN_POINT ( 'NONE',  ( -4.450000000000001066, 5.500000000000000000, -10.04999999999999893 ) ) ;
#9337 = VECTOR ( 'NONE', #7428, 1000.000000000000000 ) ;
#9338 = ORIENTED_EDGE ( 'NONE', *, *, #1610, .T. ) ;
#9339 = VERTEX_POINT ( 'NONE', #9267 ) ;
#9340 = CARTESIAN_POINT ( 'NONE',  ( 7.429547391959418157, 27.56303391499869448, 10.70698751887320199 ) ) ;
#9341 = ORIENTED_EDGE ( 'NONE', *, *, #2091, .T. ) ;
#9342 = ADVANCED_FACE ( 'NONE', ( #4268 ), #8737, .T. ) ;
#9343 = CARTESIAN_POINT ( 'NONE',  ( 7.122082364573158131, 9.762587195949667063, 11.24387995058789969 ) ) ;
#9344 = ORIENTED_EDGE ( 'NONE', *, *, #4233, .T. ) ;
#9345 = ORIENTED_EDGE ( 'NONE', *, *, #2985, .F. ) ;
#9346 = VECTOR ( 'NONE', #2517, 1000.000000000000000 ) ;
#9347 = CARTESIAN_POINT ( 'NONE',  ( 10.88897457587221851, 34.19303391499872191, 7.187270772474803948 ) ) ;
#9348 = EDGE_CURVE ( 'NONE', #5131, #799, #2011, .T. ) ;
#9349 = CARTESIAN_POINT ( 'NONE',  ( 7.500000000000003553, 25.10000000000000497, -0.2999999999999214961 ) ) ;
#9350 = DIRECTION ( 'NONE',  ( 0.000000000000000000, 0.000000000000000000, 1.000000000000000000 ) ) ;
#9351 = CARTESIAN_POINT ( 'NONE',  ( 8.902643575635984519, 39.17060654087663352, 1.530906052133359507 ) ) ;
#9352 = CARTESIAN_POINT ( 'NONE',  ( 8.173894551776262674, 37.04431593186750860, 10.37893300931834162 ) ) ;
#9353 = CARTESIAN_POINT ( 'NONE',  ( 10.46227510839664809, 42.11612544890977716, 8.590705844801325597 ) ) ;
#9354 =( BOUNDED_CURVE ( )  B_SPLINE_CURVE ( 3, ( #4628, #979, #4718, #9123 ),
 .UNSPECIFIED., .F., .T. ) 
 B_SPLINE_CURVE_WITH_KNOTS ( ( 4, 4 ),
 ( 4.712388980384689674, 6.283185307179586232 ),
 .UNSPECIFIED. ) 
 CURVE ( )  GEOMETRIC_REPRESENTATION_ITEM ( )  RATIONAL_B_SPLINE_CURVE ( ( 1.000000000000000000, 0.8047378541243649375, 0.8047378541243649375, 1.000000000000000000 ) ) 
 REPRESENTATION_ITEM ( '' )  );
#9355 = CARTESIAN_POINT ( 'NONE',  ( 7.917677896637765222, 41.12803391499871708, 10.87691997201765659 ) ) ;
#9356 = CARTESIAN_POINT ( 'NONE',  ( 7.763103132994269018, 7.036143282511291730, 10.61715305501935092 ) ) ;
#9357 = ORIENTED_EDGE ( 'NONE', *, *, #3186, .T. ) ;
#9358 = ORIENTED_EDGE ( 'NONE', *, *, #8312, .F. ) ;
#9359 = VECTOR ( 'NONE', #5607, 1000.000000000000114 ) ;
#9360 = VERTEX_POINT ( 'NONE', #4997 ) ;
#9361 = CARTESIAN_POINT ( 'NONE',  ( -4.397905546699920620, 1.243474522621348610, 11.15000000000000391 ) ) ;
#9362 = ADVANCED_FACE ( 'NONE', ( #3383 ), #4064, .T. ) ;
#9363 = B_SPLINE_SURFACE_WITH_KNOTS ( 'NONE', 3, 1, ( 
 ( #5330, #6109 ),
 ( #2306, #7567 ),
 ( #4568, #4468 ),
 ( #2936, #9006 ) ),
 .UNSPECIFIED., .F., .F., .F.,
 ( 4, 4 ),
 ( 2, 2 ),
 ( 0.000000000000000000, 1.000000000000000000 ),
 ( 0.000000000000000000, 1.000000000000000000 ),
 .UNSPECIFIED. ) ;
#9364 = CARTESIAN_POINT ( 'NONE',  ( 11.26622637048334674, 44.96759575077607707, -6.294219846505934690 ) ) ;
#9365 = CARTESIAN_POINT ( 'NONE',  ( 7.478348107931934052, 8.918837936474238504, 11.09222197688249523 ) ) ;
#9366 = CARTESIAN_POINT ( 'NONE',  ( -13.58823014807940410, 29.42303400285404535, -9.313769851920607579 ) ) ;
#9367 = CARTESIAN_POINT ( 'NONE',  ( 10.96988203909698356, 11.31803391499870060, 8.116706373123310669 ) ) ;
#9368 = CARTESIAN_POINT ( 'NONE',  ( 6.825271829035418847, 13.03507617407043995, 11.03477769944855069 ) ) ;
#9369 = CARTESIAN_POINT ( 'NONE',  ( 1.499999999999999778, 37.39999999999999858, 8.823406371691151051 ) ) ;
#9370 = VECTOR ( 'NONE', #7706, 1000.000000000000227 ) ;
#9371 = DIRECTION ( 'NONE',  ( 0.000000000000000000, 0.000000000000000000, -1.000000000000000000 ) ) ;
#9372 = VECTOR ( 'NONE', #900, 1000.000000000000114 ) ;
#9373 = ORIENTED_EDGE ( 'NONE', *, *, #4422, .F. ) ;
#9374 = ORIENTED_EDGE ( 'NONE', *, *, #274, .T. ) ;
#9375 = CARTESIAN_POINT ( 'NONE',  ( -13.08972006345689820, 27.56303391499869448, -9.812279936543113479 ) ) ;
#9376 = AXIS2_PLACEMENT_3D ( 'NONE', #6457, #8020, #9455 ) ;
#9377 = VECTOR ( 'NONE', #4381, 1000.000000000000114 ) ;
#9378 = DIRECTION ( 'NONE',  ( -1.000000000000000000, 0.000000000000000000, 0.000000000000000000 ) ) ;
#9379 = CARTESIAN_POINT ( 'NONE',  ( 11.06580184239803089, 8.708033914998699387, 6.727701935932599575 ) ) ;
#9380 = CARTESIAN_POINT ( 'NONE',  ( 7.792795116323213200, 35.44241127679664061, 10.60049906057270341 ) ) ;
#9381 = CARTESIAN_POINT ( 'NONE',  ( 5.201816385339032678, 39.91668805191901015, 7.385261650507615627 ) ) ;
#9382 = CARTESIAN_POINT ( 'NONE',  ( -11.79571465388554685, 42.19303391499871481, -11.10628534611446483 ) ) ;
#9383 = ADVANCED_BREP_SHAPE_REPRESENTATION ( 'D260297-REV00', ( #4760, #2811 ), #7033 ) ;
#9384 = FACE_OUTER_BOUND ( 'NONE', #8399, .T. ) ;
#9385 = CARTESIAN_POINT ( 'NONE',  ( 10.35646325651386235, 3.845067825951273832, 7.824247165490517020 ) ) ;
#9386 = VECTOR ( 'NONE', #2087, 1000.000000000000000 ) ;
#9387 = ADVANCED_FACE ( 'NONE', ( #4863 ), #2018, .T. ) ;
#9388 = ORIENTED_EDGE ( 'NONE', *, *, #2273, .T. ) ;
#9389 = ORIENTED_EDGE ( 'NONE', *, *, #2952, .T. ) ;
#9390 = CARTESIAN_POINT ( 'NONE',  ( 11.08650140183974031, 17.93303391499871680, 7.490863223392193682 ) ) ;
#9391 = DIRECTION ( 'NONE',  ( -1.858632295689436102E-16, -0.000000000000000000, -1.000000000000000000 ) ) ;
#9392 = VERTEX_POINT ( 'NONE', #3341 ) ;
#9393 = VECTOR ( 'NONE', #6308, 1000.000000000000000 ) ;
#9394 = CARTESIAN_POINT ( 'NONE',  ( 10.89018471706273772, 15.89303391499870344, 6.891496065566883544 ) ) ;
#9395 = ADVANCED_FACE ( 'NONE', ( #6312 ), #382, .T. ) ;
#9396 = ORIENTED_EDGE ( 'NONE', *, *, #8299, .F. ) ;
#9397 = EDGE_CURVE ( 'NONE', #2285, #5099, #5280, .T. ) ;
#9398 = ORIENTED_EDGE ( 'NONE', *, *, #4888, .T. ) ;
#9399 = CARTESIAN_POINT ( 'NONE',  ( 10.68399447733039587, 35.88803391499870798, 8.255082880068774998 ) ) ;
#9400 = CARTESIAN_POINT ( 'NONE',  ( 7.464121446221303025, 11.79264992909291010, 10.76863218428391988 ) ) ;
#9401 = AXIS2_PLACEMENT_3D ( 'NONE', #8117, #5047, #4317 ) ;
#9402 = CARTESIAN_POINT ( 'NONE',  ( 9.031065676136961429, 39.19294086072827810, -1.531295899136434935 ) ) ;
#9403 = DIRECTION ( 'NONE',  ( 0.7071067811865467956, -4.520734781157660851E-08, -0.7071067811865467956 ) ) ;
#9404 = CARTESIAN_POINT ( 'NONE',  ( 9.845008479483890795, 23.42303400285405601, 9.367711206069046170 ) ) ;
#9405 = CARTESIAN_POINT ( 'NONE',  ( 10.93239212947502104, 31.40147955861655049, 7.812192414653159389 ) ) ;
#9406 = CARTESIAN_POINT ( 'NONE',  ( 0.000000000000000000, 39.99999999999998579, 0.000000000000000000 ) ) ;
#9407 = CARTESIAN_POINT ( 'NONE',  ( 4.653951976476254693, 39.99999999999999289, -6.839453812875206928 ) ) ;
#9408 = ORIENTED_EDGE ( 'NONE', *, *, #4484, .F. ) ;
#9409 = EDGE_CURVE ( 'NONE', #1846, #5239, #8661, .T. ) ;
#9410 = VECTOR ( 'NONE', #5228, 1000.000000000000114 ) ;
#9411 = EDGE_LOOP ( 'NONE', ( #5083, #7646, #9253, #3511 ) ) ;
#9412 = ORIENTED_EDGE ( 'NONE', *, *, #2446, .F. ) ;
#9413 = CARTESIAN_POINT ( 'NONE',  ( 5.366463061006601976, 43.61575472318540392, -11.44999999999999929 ) ) ;
#9414 = CARTESIAN_POINT ( 'NONE',  ( -0.1972462963967516469, 5.475667520024554591, 10.05012740573152641 ) ) ;
#9415 = CYLINDRICAL_SURFACE ( 'NONE', #2200, 9.199999999999992184 ) ;
#9416 = CARTESIAN_POINT ( 'NONE',  ( 7.598396684685712721, 15.08303391499868340, 11.25767447344016325 ) ) ;
#9417 = CARTESIAN_POINT ( 'NONE',  ( 7.888041803144580477, 36.09803391499868042, 10.88971028539564756 ) ) ;
#9418 = CARTESIAN_POINT ( 'NONE',  ( -9.586357836860893045, 7.197618960442568437, -4.449999999999998401 ) ) ;
#9419 = ORIENTED_EDGE ( 'NONE', *, *, #4014, .T. ) ;
#9420 = EDGE_CURVE ( 'NONE', #3761, #3841, #6688, .T. ) ;
#9421 = ORIENTED_EDGE ( 'NONE', *, *, #3064, .T. ) ;
#9422 = CARTESIAN_POINT ( 'NONE',  ( -4.450000000000001954, 5.500000000000000000, -4.449999999999997513 ) ) ;
#9423 = ORIENTED_EDGE ( 'NONE', *, *, #7458, .F. ) ;
#9424 = LINE ( 'NONE', #2711, #3586 ) ;
#9425 = CARTESIAN_POINT ( 'NONE',  ( 7.293315545954904167, 23.43803400285404237, 10.84652692530338491 ) ) ;
#9426 = CARTESIAN_POINT ( 'NONE',  ( 10.49889331737188769, 42.80303391499871424, 8.536672195693421727 ) ) ;
#9427 = EDGE_CURVE ( 'NONE', #1264, #1035, #7386, .T. ) ;
#9428 = CARTESIAN_POINT ( 'NONE',  ( 9.690691310921456747, 27.80090217750600701, 9.532099247290698685 ) ) ;
#9429 = EDGE_CURVE ( 'NONE', #7595, #6646, #4827, .T. ) ;
#9430 = CARTESIAN_POINT ( 'NONE',  ( 4.449999999999999289, 3.108226976830392729, 11.44999999999999929 ) ) ;
#9431 = CARTESIAN_POINT ( 'NONE',  ( 5.323807237680979298, 39.74999999999998579, -7.503137776691531258 ) ) ;
#9432 = VERTEX_POINT ( 'NONE', #723 ) ;
#9433 = VERTEX_POINT ( 'NONE', #2259 ) ;
#9434 = CARTESIAN_POINT ( 'NONE',  ( 8.736302366638966532, 42.54803391499870457, 10.35911262557630330 ) ) ;
#9435 = LINE ( 'NONE', #9482, #2673 ) ;
#9436 = EDGE_LOOP ( 'NONE', ( #6861, #809, #3633, #5259, #663, #3631, #5911 ) ) ;
#9437 = ADVANCED_FACE ( 'NONE', ( #9603 ), #2788, .T. ) ;
#9438 = CARTESIAN_POINT ( 'NONE',  ( 4.449999999999999289, 29.42303400285405246, 4.450000000000001954 ) ) ;
#9439 = CARTESIAN_POINT ( 'NONE',  ( 8.818141051064230851, 39.15591825482287192, -1.530649667146545045 ) ) ;
#9440 = CARTESIAN_POINT ( 'NONE',  ( 10.46813628231882021, 11.19803391499871204, 8.760473601867355242 ) ) ;
#9441 = EDGE_LOOP ( 'NONE', ( #9396, #5621, #2030, #9058 ) ) ;
#9442 = B_SPLINE_SURFACE_WITH_KNOTS ( 'NONE', 3, 1, ( 
 ( #1284, #2752 ),
 ( #4278, #640 ),
 ( #7199, #7152 ),
 ( #3639, #7245 ) ),
 .UNSPECIFIED., .F., .F., .F.,
 ( 4, 4 ),
 ( 2, 2 ),
 ( 0.000000000000000000, 1.000000000000000000 ),
 ( 0.000000000000000000, 1.000000000000000000 ),
 .UNSPECIFIED. ) ;
#9443 = ORIENTED_EDGE ( 'NONE', *, *, #3685, .T. ) ;
#9444 = B_SPLINE_CURVE_WITH_KNOTS ( 'NONE', 3,
 ( #1634, #5252, #741, #4633, #2469, #8235, #4534, #3741, #3881, #60 ),
 .UNSPECIFIED., .F., .F.,
 ( 4, 2, 2, 2, 4 ),
 ( 0.000000000000000000, 0.0005554694279215540440, 0.001110938855843108088, 0.001666408283764662240, 0.002221877711686216176 ),
 .UNSPECIFIED. ) ;
#9445 = CARTESIAN_POINT ( 'NONE',  ( 0.000000000000000000, 39.74999999999998579, 0.000000000000000000 ) ) ;
#9446 = CARTESIAN_POINT ( 'NONE',  ( 10.97805480939186928, 30.98303391499870330, 8.252158364031874527 ) ) ;
#9447 = EDGE_CURVE ( 'NONE', #2791, #5039, #4540, .T. ) ;
#9448 = AXIS2_PLACEMENT_3D ( 'NONE', #1788, #5904, #5647 ) ;
#9449 = EDGE_CURVE ( 'NONE', #2904, #1189, #488, .T. ) ;
#9450 = CARTESIAN_POINT ( 'NONE',  ( 6.984028801269156261, 37.81772977827183979, 10.97567074546704724 ) ) ;
#9451 = DIRECTION ( 'NONE',  ( -1.949100782940016226E-16, -0.005235963831419591756, -0.9999862922474268556 ) ) ;
#9452 = FACE_OUTER_BOUND ( 'NONE', #4702, .T. ) ;
#9453 = PLANE ( 'NONE',  #7200 ) ;
#9454 = DIRECTION ( 'NONE',  ( -0.9999862922474268556, -0.005235963831419591756, -1.047430043544247972E-14 ) ) ;
#9455 = DIRECTION ( 'NONE',  ( 8.911250732757572614E-15, -3.802133645976564294E-15, 1.000000000000000000 ) ) ;
#9456 = ORIENTED_EDGE ( 'NONE', *, *, #727, .F. ) ;
#9457 = VERTEX_POINT ( 'NONE', #6502 ) ;
#9458 = ORIENTED_EDGE ( 'NONE', *, *, #1480, .F. ) ;
#9459 = CIRCLE ( 'NONE', #5654, 0.7136548544052906395 ) ;
#9460 = CARTESIAN_POINT ( 'NONE',  ( 11.26780873538238659, 44.61172548243209235, -6.282235193643356475 ) ) ;
#9461 = CARTESIAN_POINT ( 'NONE',  ( 6.995967389301585015, 22.83803400285405516, 11.29164088889594275 ) ) ;
#9462 = EDGE_CURVE ( 'NONE', #6410, #2285, #2716, .T. ) ;
#9463 = CARTESIAN_POINT ( 'NONE',  ( 11.34574341222320903, 17.07803391499870926, 7.665252812261293514 ) ) ;
#9464 = DIRECTION ( 'NONE',  ( 0.005235963831419591756, -0.9999862922474268556, 0.000000000000000000 ) ) ;
#9465 = DIRECTION ( 'NONE',  ( 0.000000000000000000, 0.000000000000000000, -1.000000000000000000 ) ) ;
#9466 = AXIS2_PLACEMENT_3D ( 'NONE', #3192, #95, #5291 ) ;
#9467 = CARTESIAN_POINT ( 'NONE',  ( -8.949999999999993960, 39.99999999999999289, 0.000000000000000000 ) ) ;
#9468 = EDGE_LOOP ( 'NONE', ( #5995, #6201, #6423, #4230, #6881 ) ) ;
#9469 = DIRECTION ( 'NONE',  ( 0.9848077530122081313, 0.1736481776669306920, 0.000000000000000000 ) ) ;
#9470 = LINE ( 'NONE', #2034, #7002 ) ;
#9471 = CARTESIAN_POINT ( 'NONE',  ( 9.845008479483878361, 25.70303400285404294, 9.367711206069051499 ) ) ;
#9472 = EDGE_CURVE ( 'NONE', #8757, #4082, #2112, .T. ) ;
#9473 = CARTESIAN_POINT ( 'NONE',  ( 7.623827821786188785, 11.01803391499869100, 10.68913591434391286 ) ) ;
#9474 = CARTESIAN_POINT ( 'NONE',  ( -1.499999999999999778, 37.39999999999999858, -8.112490369793974310 ) ) ;
#9475 = CARTESIAN_POINT ( 'NONE',  ( 9.265388868767365338, 13.52303391499869889, 9.530554107826377574 ) ) ;
#9476 = DIRECTION ( 'NONE',  ( 0.7071067811865474617, 0.000000000000000000, 0.7071067811865474617 ) ) ;
#9477 = CARTESIAN_POINT ( 'NONE',  ( 7.975332859534202790, 3.703197791696704932, 10.56650471974816519 ) ) ;
#9478 = ORIENTED_EDGE ( 'NONE', *, *, #7814, .F. ) ;
#9479 = ORIENTED_EDGE ( 'NONE', *, *, #5202, .T. ) ;
#9480 = ADVANCED_FACE ( 'NONE', ( #5876 ), #5769, .T. ) ;
#9481 = DIRECTION ( 'NONE',  ( -0.000000000000000000, 1.000000000000000000, -0.000000000000000000 ) ) ;
#9482 = CARTESIAN_POINT ( 'NONE',  ( -4.450000000000001954, 6.649999999999999467, -10.04397855905344450 ) ) ;
#9483 = ORIENTED_EDGE ( 'NONE', *, *, #1469, .F. ) ;
#9484 = CARTESIAN_POINT ( 'NONE',  ( 8.073752438377274743, 35.78303391499868980, 10.43902481756044054 ) ) ;
#9485 = PLANE ( 'NONE',  #5857 ) ;
#9486 = CARTESIAN_POINT ( 'NONE',  ( 1.520436165816472007, 38.57078715550549930, -8.819913906853308561 ) ) ;
#9487 = CARTESIAN_POINT ( 'NONE',  ( 10.40743736783862339, 11.22414351670200006, 8.130694438312675132 ) ) ;
#9488 = ORIENTED_EDGE ( 'NONE', *, *, #8724, .T. ) ;
#9489 = ORIENTED_EDGE ( 'NONE', *, *, #4924, .T. ) ;
#9490 = VECTOR ( 'NONE', #6496, 1000.000000000000114 ) ;
#9491 = FACE_OUTER_BOUND ( 'NONE', #2101, .T. ) ;
#9492 = FACE_OUTER_BOUND ( 'NONE', #9411, .T. ) ;
#9493 = CARTESIAN_POINT ( 'NONE',  ( 8.905983949639157515, 39.17118877711948954, -1.530916215104719980 ) ) ;
#9494 = CARTESIAN_POINT ( 'NONE',  ( 8.494346276610464486, 35.99303391499870486, 9.777745280578223230 ) ) ;
#9495 = CARTESIAN_POINT ( 'NONE',  ( 10.88231426641344868, 12.11303391499871829, 7.901859379826200680 ) ) ;
#9496 = AXIS2_PLACEMENT_3D ( 'NONE', #6320, #7690, #7786 ) ;
#9497 = CARTESIAN_POINT ( 'NONE',  ( 10.85732461398965398, 39.57803391499871992, 7.261686827770249764 ) ) ;
#9498 = DIRECTION ( 'NONE',  ( -0.000000000000000000, 1.000000000000000000, 0.000000000000000000 ) ) ;
#9499 = CARTESIAN_POINT ( 'NONE',  ( 7.643333010387252102, 15.85982100413162499, 11.01508686876040777 ) ) ;
#9500 = ORIENTED_EDGE ( 'NONE', *, *, #9115, .T. ) ;
#9501 = AXIS2_PLACEMENT_3D ( 'NONE', #7106, #9506, #5592 ) ;
#9502 = ORIENTED_EDGE ( 'NONE', *, *, #6531, .F. ) ;
#9503 = EDGE_CURVE ( 'NONE', #544, #6206, #8169, .T. ) ;
#9504 = EDGE_CURVE ( 'NONE', #5169, #7761, #6058, .T. ) ;
#9505 = EDGE_LOOP ( 'NONE', ( #5609, #5419, #1127, #1872 ) ) ;
#9506 = DIRECTION ( 'NONE',  ( -0.9999862922474268556, -0.005235963831419591756, -7.227915403402566384E-17 ) ) ;
#9507 = FACE_OUTER_BOUND ( 'NONE', #8061, .T. ) ;
#9508 = CARTESIAN_POINT ( 'NONE',  ( 7.706134025647696006, 27.56303391499869448, 10.98357415256148073 ) ) ;
#9509 = CARTESIAN_POINT ( 'NONE',  ( -5.201816385339136595, 39.91668805191901015, 7.385261650507541908 ) ) ;
#9510 = AXIS2_PLACEMENT_3D ( 'NONE', #3834, #9620, #9666 ) ;
#9511 = LINE ( 'NONE', #3448, #2810 ) ;
#9512 = CARTESIAN_POINT ( 'NONE',  ( -9.890300914026145307, 36.00000000000000000, 4.450000000000003730 ) ) ;
#9513 = CARTESIAN_POINT ( 'NONE',  ( 10.04397855905342141, 6.649999999999999467, -4.449999999999999289 ) ) ;
#9514 = VERTEX_POINT ( 'NONE', #8358 ) ;
#9515 = CONICAL_SURFACE ( 'NONE', #7780, 9.199999999999992184, 1.396263401595460696 ) ;
#9516 = EDGE_CURVE ( 'NONE', #3762, #5956, #144, .T. ) ;
#9517 = EDGE_CURVE ( 'NONE', #1652, #6410, #3069, .T. ) ;
#9518 = ORIENTED_EDGE ( 'NONE', *, *, #4975, .F. ) ;
#9519 = FACE_OUTER_BOUND ( 'NONE', #435, .T. ) ;
#9520 = CARTESIAN_POINT ( 'NONE',  ( -11.44999999999999929, 0.3575260777782807153, 4.450000000000001954 ) ) ;
#9521 = CARTESIAN_POINT ( 'NONE',  ( 7.831794241700766435, 16.50803391499869477, 10.57890428272457939 ) ) ;
#9522 = CARTESIAN_POINT ( 'NONE',  ( 7.710981023085650143, 33.78803391499870656, 11.24297959122660906 ) ) ;
#9523 = VECTOR ( 'NONE', #8772, 1000.000000000000000 ) ;
#9524 = CARTESIAN_POINT ( 'NONE',  ( -9.070019801569792151, 39.74999999999998579, 1.541019402581216502 ) ) ;
#9525 = CARTESIAN_POINT ( 'NONE',  ( 9.373406880134753649, 11.64010291600106939, 9.428634591796381414 ) ) ;
#9526 = CARTESIAN_POINT ( 'NONE',  ( -11.03203933020400385, 11.96303391499870017, -11.86996066979600961 ) ) ;
#9527 = CARTESIAN_POINT ( 'NONE',  ( 9.070563457125853546, 39.56668310586260162, -1.537819594291672365 ) ) ;
#9528 = VECTOR ( 'NONE', #8306, 1000.000000000000000 ) ;
#9529 = ORIENTED_EDGE ( 'NONE', *, *, #705, .F. ) ;
#9530 = ADVANCED_FACE ( 'NONE', ( #7669 ), #6110, .T. ) ;
#9531 = CONICAL_SURFACE ( 'NONE', #4053, 8.949999999999993960, 0.7853981633974482790 ) ;
#9532 = AXIS2_PLACEMENT_3D ( 'NONE', #5940, #5208, #8932 ) ;
#9533 = AXIS2_PLACEMENT_3D ( 'NONE', #9406, #7975, #7776 ) ;
#9534 = ORIENTED_EDGE ( 'NONE', *, *, #8653, .F. ) ;
#9535 = B_SPLINE_CURVE_WITH_KNOTS ( 'NONE', 3,
 ( #5740, #9509, #1429, #1327 ),
 .UNSPECIFIED., .F., .F.,
 ( 4, 4 ),
 ( 0.002359345472911370759, 0.002716084575512251256 ),
 .UNSPECIFIED. ) ;
#9536 = CARTESIAN_POINT ( 'NONE',  ( -10.92352247913736107, 0.09283219166460163208, -6.203710828201703720 ) ) ;
#9537 = DIRECTION ( 'NONE',  ( 0.7071067811865536790, 0.000000000000000000, -0.7071067811865414665 ) ) ;
#9538 = VERTEX_POINT ( 'NONE', #5479 ) ;
#9539 = DIRECTION ( 'NONE',  ( 0.000000000000000000, 0.000000000000000000, 1.000000000000000000 ) ) ;
#9540 = AXIS2_PLACEMENT_3D ( 'NONE', #1328, #6464, #9465 ) ;
#9541 = DIRECTION ( 'NONE',  ( -1.607383761961275067E-15, 1.000000000000000000, 1.607383761961275067E-15 ) ) ;
#9542 = DIRECTION ( 'NONE',  ( 1.068692376572941468E-18, 0.9999619230641713097, -0.008726535498373953759 ) ) ;
#9543 = CARTESIAN_POINT ( 'NONE',  ( 9.324872324705550497, 17.27303391499869534, 9.908235615298522703 ) ) ;
#9544 = VERTEX_POINT ( 'NONE', #2400 ) ;
#9545 = EDGE_CURVE ( 'NONE', #4142, #9672, #4481, .T. ) ;
#9546 = ORIENTED_EDGE ( 'NONE', *, *, #5637, .F. ) ;
#9547 = DIRECTION ( 'NONE',  ( -0.000000000000000000, -1.000000000000000000, -0.000000000000000000 ) ) ;
#9548 = ORIENTED_EDGE ( 'NONE', *, *, #6334, .F. ) ;
#9549 = CARTESIAN_POINT ( 'NONE',  ( 7.497499024879635598, 39.19999999999998153, -5.331745340123512200 ) ) ;
#9550 = CARTESIAN_POINT ( 'NONE',  ( 9.415631703588379864, 6.083033914998696723, 9.383812094549009331 ) ) ;
#9551 = CARTESIAN_POINT ( 'NONE',  ( 10.47860220236950290, 35.99303391499871907, 7.837558570751922637 ) ) ;
#9552 = CARTESIAN_POINT ( 'NONE',  ( 11.11295172230215123, 13.70303391499870571, 7.432461122340225046 ) ) ;
#9553 = EDGE_CURVE ( 'NONE', #324, #6797, #9056, .T. ) ;
#9554 = AXIS2_PLACEMENT_3D ( 'NONE', #8177, #5244, #4577 ) ;
#9555 = FACE_OUTER_BOUND ( 'NONE', #5870, .T. ) ;
#9556 = CARTESIAN_POINT ( 'NONE',  ( 7.613131471940172368, 34.52650390276033932, 11.02919720206420884 ) ) ;
#9557 = DIRECTION ( 'NONE',  ( -0.000000000000000000, 1.000000000000000000, -0.000000000000000000 ) ) ;
#9558 = VERTEX_POINT ( 'NONE', #3084 ) ;
#9559 = EDGE_CURVE ( 'NONE', #3542, #5558, #2356, .T. ) ;
#9560 = ORIENTED_EDGE ( 'NONE', *, *, #9280, .F. ) ;
#9561 = ORIENTED_EDGE ( 'NONE', *, *, #1490, .F. ) ;
#9562 = AXIS2_PLACEMENT_3D ( 'NONE', #7991, #3499, #2080 ) ;
#9563 = PLANE ( 'NONE',  #9501 ) ;
#9564 = LINE ( 'NONE', #5836, #9523 ) ;
#9565 = DIRECTION ( 'NONE',  ( 0.005235963831419591756, -0.9999862922474268556, -1.326722942814353685E-17 ) ) ;
#9566 = CYLINDRICAL_SURFACE ( 'NONE', #7420, 0.2999999999999999334 ) ;
#9567 = CARTESIAN_POINT ( 'NONE',  ( 6.757150744194093228, 8.216398691686002564, 11.05908420139345871 ) ) ;
#9568 = ADVANCED_FACE ( 'NONE', ( #5380 ), #7614, .F. ) ;
#9569 = LINE ( 'NONE', #4527, #8434 ) ;
#9570 = VECTOR ( 'NONE', #5306, 1000.000000000000000 ) ;
#9571 = ORIENTED_EDGE ( 'NONE', *, *, #7935, .T. ) ;
#9572 = ORIENTED_EDGE ( 'NONE', *, *, #4117, .T. ) ;
#9573 = DIRECTION ( 'NONE',  ( 0.000000000000000000, 0.000000000000000000, 1.000000000000000000 ) ) ;
#9574 = DIRECTION ( 'NONE',  ( 0.000000000000000000, 1.000000000000000000, -0.000000000000000000 ) ) ;
#9575 = CARTESIAN_POINT ( 'NONE',  ( 8.294344117564547147, 35.78303391499868980, 10.65961649674771294 ) ) ;
#9576 = B_SPLINE_CURVE_WITH_KNOTS ( 'NONE', 3,
 ( #7510, #5216, #8199, #1496, #7460, #800 ),
 .UNSPECIFIED., .F., .F.,
 ( 4, 2, 4 ),
 ( 0.000000000000000000, 0.0003058785484884033921, 0.0006117570969768067841 ),
 .UNSPECIFIED. ) ;
#9577 = CARTESIAN_POINT ( 'NONE',  ( 4.450000000000004619, 7.197618960442568437, 10.30001269126618091 ) ) ;
#9578 = CARTESIAN_POINT ( 'NONE',  ( 6.957825927970899826, 39.08878252519708951, 11.30571785684434793 ) ) ;
#9579 = ADVANCED_FACE ( 'NONE', ( #5427 ), #4292, .T. ) ;
#9580 = EDGE_CURVE ( 'NONE', #4572, #6864, #3462, .T. ) ;
#9581 = CARTESIAN_POINT ( 'NONE',  ( 11.25660354764076310, 17.34803391499870173, 7.088209268660143891 ) ) ;
#9582 = VERTEX_POINT ( 'NONE', #1987 ) ;
#9583 = ORIENTED_EDGE ( 'NONE', *, *, #6817, .F. ) ;
#9584 = CARTESIAN_POINT ( 'NONE',  ( -7.975332859534816521, 0.9439460336587569556, -10.56650471974791117 ) ) ;
#9585 = CARTESIAN_POINT ( 'NONE',  ( 10.94187344361984771, 36.15107304653021458, 7.788731453059373422 ) ) ;
#9586 = ORIENTED_EDGE ( 'NONE', *, *, #5804, .F. ) ;
#9587 = CARTESIAN_POINT ( 'NONE',  ( 11.52721586076302529, 12.84803391499870351, 7.167902750862013228 ) ) ;
#9588 = EDGE_CURVE ( 'NONE', #6543, #9205, #657, .T. ) ;
#9589 = DIRECTION ( 'NONE',  ( 0.000000000000000000, -0.9999862922474268556, -0.005235963831419591756 ) ) ;
#9590 = CARTESIAN_POINT ( 'NONE',  ( -12.63363618959158963, 35.78303391499868980, -10.26836381040842383 ) ) ;
#9591 = B_SPLINE_CURVE_WITH_KNOTS ( 'NONE', 3,
 ( #4377, #8673, #2901, #7290 ),
 .UNSPECIFIED., .F., .F.,
 ( 4, 4 ),
 ( 0.001930058480875257269, 0.002187368350014230571 ),
 .UNSPECIFIED. ) ;
#9592 = VERTEX_POINT ( 'NONE', #9627 ) ;
#9593 = B_SPLINE_CURVE_WITH_KNOTS ( 'NONE', 3,
 ( #696, #6674, #6775, #4537, #2178, #742 ),
 .UNSPECIFIED., .F., .F.,
 ( 4, 2, 4 ),
 ( 0.000000000000000000, 0.0005578891947589465980, 0.001115778389517893196 ),
 .UNSPECIFIED. ) ;
#9594 = VERTEX_POINT ( 'NONE', #5709 ) ;
#9595 = CARTESIAN_POINT ( 'NONE',  ( 10.88722042633494880, 10.51650576234941425, 7.200397357092283457 ) ) ;
#9596 = ORIENTED_EDGE ( 'NONE', *, *, #232, .T. ) ;
#9597 = CARTESIAN_POINT ( 'NONE',  ( 10.53296859930811635, 16.65803391499870401, 7.340381678364924944 ) ) ;
#9598 = EDGE_CURVE ( 'NONE', #5039, #4942, #5024, .T. ) ;
#9599 = CARTESIAN_POINT ( 'NONE',  ( 7.358856073157546973, 12.23303391499867843, 11.14541308252556640 ) ) ;
#9600 = CARTESIAN_POINT ( 'NONE',  ( 9.056496167653767415, 35.99303391499870486, 9.215595389534920301 ) ) ;
#9601 = CARTESIAN_POINT ( 'NONE',  ( 9.012099351050109064, 16.71803391499869562, 10.21064554127538315 ) ) ;
#9602 = CARTESIAN_POINT ( 'NONE',  ( -1.534619498756150557, 39.38334975541596350, -9.071105419317524010 ) ) ;
#9603 = FACE_OUTER_BOUND ( 'NONE', #8554, .T. ) ;
#9604 = CARTESIAN_POINT ( 'NONE',  ( 9.499308529017431724, 26.61803391499869420, 9.722047361205316207 ) ) ;
#9605 = ORIENTED_EDGE ( 'NONE', *, *, #6816, .T. ) ;
#9606 = VERTEX_POINT ( 'NONE', #604 ) ;
#9607 = ORIENTED_EDGE ( 'NONE', *, *, #9588, .T. ) ;
#9608 = CARTESIAN_POINT ( 'NONE',  ( 9.173123733124576518, 35.99303391499871196, 9.620459663701675268 ) ) ;
#9609 = CARTESIAN_POINT ( 'NONE',  ( 10.05990203968820751, 3.792776081993102899, -8.733562651344042749 ) ) ;
#9610 = DIRECTION ( 'NONE',  ( 0.000000000000000000, 0.000000000000000000, 1.000000000000000000 ) ) ;
#9611 = CARTESIAN_POINT ( 'NONE',  ( 6.761624507423577235, 33.77303391499870600, 11.05729839924600455 ) ) ;
#9612 = B_SPLINE_CURVE_WITH_KNOTS ( 'NONE', 3,
 ( #8291, #3802, #5361, #1595, #4451, #706, #8246, #7461, #850, #2192, #3706, #6784, #5998, #4644 ),
 .UNSPECIFIED., .F., .F.,
 ( 4, 2, 2, 2, 2, 2, 4 ),
 ( 0.000000000000000000, 0.0006001318223569838918, 0.001200263644713967784, 0.001800395467070951784, 0.002100461378249440531, 0.002250494333838686748, 0.002400527289427932531 ),
 .UNSPECIFIED. ) ;
#9613 = CARTESIAN_POINT ( 'NONE',  ( 11.00085410683981202, 12.28981699020270923, 6.917845134065472301 ) ) ;
#9614 = CARTESIAN_POINT ( 'NONE',  ( 7.856730319595387257, 17.10803391499870330, 10.56141395374800673 ) ) ;
#9615 = DIRECTION ( 'NONE',  ( -1.054657958947650595E-14, -0.005235963831419591756, 0.9999862922474268556 ) ) ;
#9616 = VECTOR ( 'NONE', #922, 1000.000000000000227 ) ;
#9617 = ORIENTED_EDGE ( 'NONE', *, *, #8807, .F. ) ;
#9618 = EDGE_CURVE ( 'NONE', #807, #8474, #1085, .T. ) ;
#9619 = CARTESIAN_POINT ( 'NONE',  ( 7.011412985224176886, 22.41803400285404990, 11.28587328138293699 ) ) ;
#9620 = DIRECTION ( 'NONE',  ( -0.000000000000000000, 1.000000000000000000, 0.000000000000000000 ) ) ;
#9621 = CARTESIAN_POINT ( 'NONE',  ( 6.964988860911260460, 8.708033914998678071, 11.30308915960476845 ) ) ;
#9622 = FACE_OUTER_BOUND ( 'NONE', #4844, .T. ) ;
#9623 = CARTESIAN_POINT ( 'NONE',  ( 8.985223950274924931, 39.83335412408865750, 1.542474354229345312 ) ) ;
#9624 = CARTESIAN_POINT ( 'NONE',  ( 7.161572670486136438, 16.55303391499868937, 11.43603335887288708 ) ) ;
#9625 = FACE_OUTER_BOUND ( 'NONE', #932, .T. ) ;
#9626 = CARTESIAN_POINT ( 'NONE',  ( 10.54999999999999893, 5.500000000000000000, 4.450000000000001066 ) ) ;
#9627 = CARTESIAN_POINT ( 'NONE',  ( 4.397905546699917956, 43.75652547737865206, -11.15000000000000036 ) ) ;
#9628 = ORIENTED_EDGE ( 'NONE', *, *, #9598, .T. ) ;
#9629 = ORIENTED_EDGE ( 'NONE', *, *, #1782, .T. ) ;
#9630 = EDGE_CURVE ( 'NONE', #4222, #4650, #8585, .T. ) ;
#9631 = EDGE_CURVE ( 'NONE', #4685, #6543, #8439, .T. ) ;
#9632 = CARTESIAN_POINT ( 'NONE',  ( 10.23512719025109519, 11.21181474813228363, 8.904168121798262447 ) ) ;
#9633 = CARTESIAN_POINT ( 'NONE',  ( 9.211594557682818873, 12.60741745041666029, 9.983695722022538632 ) ) ;
#9634 = ORIENTED_EDGE ( 'NONE', *, *, #2704, .F. ) ;
#9635 = CARTESIAN_POINT ( 'NONE',  ( 10.87887501302332005, 14.07145753290091861, 7.219530727933768155 ) ) ;
#9636 = CARTESIAN_POINT ( 'NONE',  ( 11.26273526149774185, 17.34803391499870173, 7.094340982517122640 ) ) ;
#9637 = CARTESIAN_POINT ( 'NONE',  ( 10.88512293993538549, 33.44477652062854389, 7.205046105544821167 ) ) ;
#9638 = DIRECTION ( 'NONE',  ( 0.000000000000000000, -1.000000000000000000, 0.000000000000000000 ) ) ;
#9639 = ORIENTED_EDGE ( 'NONE', *, *, #6454, .F. ) ;
#9640 = ORIENTED_EDGE ( 'NONE', *, *, #1219, .T. ) ;
#9641 = ADVANCED_FACE ( 'NONE', ( #7259 ), #5118, .T. ) ;
#9642 = CARTESIAN_POINT ( 'NONE',  ( 0.2999999999999999334, 25.10000000000000497, 9.947373702128276207 ) ) ;
#9643 = VERTEX_POINT ( 'NONE', #2186 ) ;
#9644 = CARTESIAN_POINT ( 'NONE',  ( 7.501259593081795352, 39.56668310586242399, -5.326454266351359657 ) ) ;
#9645 = CARTESIAN_POINT ( 'NONE',  ( 10.04999999999997584, 5.500000000000000000, -4.449999999999997513 ) ) ;
#9646 = CARTESIAN_POINT ( 'NONE',  ( 7.691963711765099632, 28.38803391499868667, 10.99061704211448109 ) ) ;
#9647 = CARTESIAN_POINT ( 'NONE',  ( -12.80334181707631558, 17.10803391499870330, -10.09865818292369610 ) ) ;
#9648 = DIRECTION ( 'NONE',  ( 0.000000000000000000, -1.000000000000000000, 0.000000000000000000 ) ) ;
#9649 = CARTESIAN_POINT ( 'NONE',  ( -0.3570727881021312222, 36.00000000000000000, -9.890300914026134649 ) ) ;
#9650 = ORIENTED_EDGE ( 'NONE', *, *, #1118, .T. ) ;
#9651 = ORIENTED_EDGE ( 'NONE', *, *, #4443, .T. ) ;
#9652 = EDGE_CURVE ( 'NONE', #2744, #3748, #3412, .T. ) ;
#9653 = CARTESIAN_POINT ( 'NONE',  ( -3.382249081800460022, 39.99999999999999289, -5.567750918199477539 ) ) ;
#9654 = B_SPLINE_CURVE_WITH_KNOTS ( 'NONE', 3,
 ( #6277, #6367, #3493, #491, #1786, #442, #5502, #4777 ),
 .UNSPECIFIED., .F., .F.,
 ( 4, 2, 2, 4 ),
 ( 0.000000000000000000, 0.0004963411939289385242, 0.0009926823878578770483, 0.001985364775715750194 ),
 .UNSPECIFIED. ) ;
#9655 = CARTESIAN_POINT ( 'NONE',  ( 8.322674678800183301, 44.44856816841969049, -11.15000000000000036 ) ) ;
#9656 = CARTESIAN_POINT ( 'NONE',  ( 4.450000000000004619, 7.197618960442568437, 9.586357836860889492 ) ) ;
#9657 = VECTOR ( 'NONE', #1486, 1000.000000000000114 ) ;
#9658 = SURFACE_STYLE_FILL_AREA ( #3046 ) ;
#9659 = CARTESIAN_POINT ( 'NONE',  ( 7.783808150317077512, 31.53300503021077361, 10.94608916819712086 ) ) ;
#9660 = CARTESIAN_POINT ( 'NONE',  ( -7.497499024879672902, 39.19999999999998153, 5.331745340123459798 ) ) ;
#9661 = DIRECTION ( 'NONE',  ( 0.9848077530122072432, 0.1736481776669352439, 3.765394629492801969E-16 ) ) ;
#9662 = CARTESIAN_POINT ( 'NONE',  ( 11.00272835012521000, 7.475834577993689223, 6.912587601528882075 ) ) ;
#9663 = ADVANCED_FACE ( 'NONE', ( #7951 ), #7410, .T. ) ;
#9664 = ORIENTED_EDGE ( 'NONE', *, *, #6493, .T. ) ;
#9665 = CARTESIAN_POINT ( 'NONE',  ( 11.11295172230215123, 13.70303391499870571, 7.432461122340225046 ) ) ;
#9666 = DIRECTION ( 'NONE',  ( 0.000000000000000000, 0.000000000000000000, 1.000000000000000000 ) ) ;
#9667 = CARTESIAN_POINT ( 'NONE',  ( 9.627764788739931134, 36.66803391499869491, 9.595945179700711591 ) ) ;
#9668 = CARTESIAN_POINT ( 'NONE',  ( 10.88432956330864343, 34.19940791345300823, 7.206994664536846784 ) ) ;
#9669 = CARTESIAN_POINT ( 'NONE',  ( 9.375862238146174477, 30.54803391499869747, 9.853159511561237593 ) ) ;
#9670 = CARTESIAN_POINT ( 'NONE',  ( -10.05000000000000071, 5.500000000000000000, 4.450000000000003730 ) ) ;
#9671 = CARTESIAN_POINT ( 'NONE',  ( 11.06580184239798825, 40.58303391499871537, 6.727701935932712374 ) ) ;
#9672 = VERTEX_POINT ( 'NONE', #658 ) ;
#9673 = ORIENTED_EDGE ( 'NONE', *, *, #1435, .F. ) ;
#9674 = ORIENTED_EDGE ( 'NONE', *, *, #235, .F. ) ;
#9675 = CARTESIAN_POINT ( 'NONE',  ( -4.502094453300082399, 42.18721534907326998, -11.14999999999999858 ) ) ;
#9676 = CONICAL_SURFACE ( 'NONE', #5455, 5.599999999999998757, 0.005235987755983000265 ) ;
#9677 = CARTESIAN_POINT ( 'NONE',  ( 8.320037764558588123, 10.76303391499868134, 10.64288373687044142 ) ) ;
#9678 = ORIENTED_EDGE ( 'NONE', *, *, #8710, .T. ) ;
#9679 = FACE_OUTER_BOUND ( 'NONE', #788, .T. ) ;
#9680 = EDGE_CURVE ( 'NONE', #3007, #6971, #6434, .T. ) ;
#9681 = CARTESIAN_POINT ( 'NONE',  ( -9.947373702128277984, 25.10000000000000497, 0.2999999999999738987 ) ) ;
#9682 = CIRCLE ( 'NONE', #9051, 8.249999999999998224 ) ;
#9683 = CARTESIAN_POINT ( 'NONE',  ( 8.764063017700548741, 16.71803391499869562, 9.962609207925822830 ) ) ;
#9684 = ORIENTED_EDGE ( 'NONE', *, *, #5446, .F. ) ;
#9685 = ORIENTED_EDGE ( 'NONE', *, *, #4395, .F. ) ;
#9686 =( BOUNDED_CURVE ( )  B_SPLINE_CURVE ( 3, ( #3883, #5254, #107, #6084 ),
 .UNSPECIFIED., .F., .T. ) 
 B_SPLINE_CURVE_WITH_KNOTS ( ( 4, 4 ),
 ( 1.570796326794896780, 3.141592653589793116 ),
 .UNSPECIFIED. ) 
 CURVE ( )  GEOMETRIC_REPRESENTATION_ITEM ( )  RATIONAL_B_SPLINE_CURVE ( ( 1.000000000000000000, 0.8047378541243650485, 0.8047378541243650485, 1.000000000000000000 ) ) 
 REPRESENTATION_ITEM ( '' )  );
#9687 = DIRECTION ( 'NONE',  ( 2.347727539795980295E-16, 0.000000000000000000, -1.000000000000000000 ) ) ;
#9688 = ORIENTED_EDGE ( 'NONE', *, *, #7458, .T. ) ;
#9689 = VECTOR ( 'NONE', #6525, 1000.000000000000000 ) ;
#9690 = B_SPLINE_CURVE_WITH_KNOTS ( 'NONE', 3,
 ( #7829, #288, #927, #380, #4123, #5490, #8519, #9310, #7095, #7728, #1027, #6264 ),
 .UNSPECIFIED., .F., .F.,
 ( 4, 2, 2, 2, 2, 4 ),
 ( 0.000000000000000000, 0.0007689224440080583015, 0.001537844888016116603, 0.001922306110020146567, 0.002306767332024176314, 0.003075689776032234073 ),
 .UNSPECIFIED. ) ;
#9691 = CIRCLE ( 'NONE', #8112, 5.593978559053423893 ) ;
#9692 = CARTESIAN_POINT ( 'NONE',  ( -1.531295899136466465, 39.19294086072827810, -9.031065676136956100 ) ) ;
#9693 = CARTESIAN_POINT ( 'NONE',  ( 7.058482089790586222, 13.03555627870790801, 11.26813840936249989 ) ) ;
#9694 = CARTESIAN_POINT ( 'NONE',  ( 7.849319824430613046, 11.01803391499869100, 10.91462791698833712 ) ) ;
#9695 = CARTESIAN_POINT ( 'NONE',  ( -4.675736781012121313, 37.39999999999999858, 6.797057124571662001 ) ) ;
#9696 = ADVANCED_FACE ( 'NONE', ( #2720 ), #6481, .T. ) ;
#9697 = EDGE_CURVE ( 'NONE', #7532, #6173, #2974, .T. ) ;
#9698 = FACE_OUTER_BOUND ( 'NONE', #6446, .T. ) ;
#9699 = DIRECTION ( 'NONE',  ( 0.7071067811865474617, 0.000000000000000000, 0.7071067811865474617 ) ) ;
#9700 = FACE_OUTER_BOUND ( 'NONE', #5225, .T. ) ;
#9701 = ORIENTED_EDGE ( 'NONE', *, *, #3682, .T. ) ;
#9702 = EDGE_LOOP ( 'NONE', ( #8901, #4781, #8408, #2779, #4782, #1056, #8985 ) ) ;
#9703 = CARTESIAN_POINT ( 'NONE',  ( 0.3570727881021316108, 36.00000000000000000, -10.49999999999999822 ) ) ;
#9704 = LINE ( 'NONE', #1475, #7685 ) ;
#9705 = CARTESIAN_POINT ( 'NONE',  ( 7.207006651301349542, 28.18279695634846860, 10.88518248203927286 ) ) ;
ENDSEC;
END-ISO-10303-21;
